:020000021000EC
:10200000C00A0020F5340100752603007526030080
:10201000373B030075260300752603007526030071
:102020007526030075260300752603007526030038
:102030007526030024E10300433D030075260300D9
:102040007526030075260300752603007526030018
:102050007526030075260300752603007526030008
:102060007526030075260300818701006D2F01008E
:102070001D25030075260300752603007526030041
:1020800075260300752603007526030075260300D8
:1020900075260300B93C0100752603007526030070
:1020A00075260300752603007526030075260300B8
:1020B0007526030075260300752603003509030005
:1020C000B1CA0300ADCA0300C9000300BDCA0300C2
:1020D000B5CA0300F9080300B9CA03002DE60200DF
:1020E0007509030075260300752603007526030095
:1020F0007526030075260300752603007526030068
:102100007526030075260300752603007526030057
:102110007526030075260300752603007526030047
:102120007526030075260300752603007526030037
:04213000752603000D
:10213400F0B5114A114C124E00F00105E3695F0736
:1021440013D40DB9334213D103EA00078F4207D1E8
:102154000B4A1A40002A0CBF00206FF00100F0BDAA
:10216400013AEBD16FF00200F9E74FF0FF30F6E7E8
:102174006FF00100F3E700BF809698000000035061
:10218400020001000B4B70B5D96911F480310DD1F7
:1021940001244FF48072084E084DF46020462C64EC
:1021A4001A61FFF7C5FF3464EC6070BD6FF0010085
:1021B400FBE700BF00000350001003500020035051
:1021C40038B541F6713301220C4C0021E569E36313
:1021D4000B4B05F48035DA60022360612120236112
:1021E400FFF7A6FF10B92120FFF7A2FF0122054B3C
:1021F400DA600DB10023E36338BD00BF0000035073
:10220400001003500020035070B5134C6061E36963
:102214005B071ED40E4656F8043B8D18A361AE42EC
:102224000BD10423002121202361FFF781FF58B93A
:10223400BDE870402120FFF77BBF08210846FFF767
:1022440077FF10B10423236170BD56F8043BA361EA
:10225400E5E74FF0FF30F7E7000003502DE9F843BE
:10226400154641F67132164B8946DF69DA6301225D
:10227400064603F58053DFF8508007F48037DA60B0
:1022840055B9284601220F4BDA601FB10022A3F58D
:102294000053DA63BDE8F88306F5005404EA080441
:1022A400A41BAC4228BF2C46494622463046FFF7C1
:1022B400ABFF0028E6D12644A1442D1BE0E700BF74
:1022C400000003500020035000E0FFFF0000000066
:1022D800002370B5404C05468AB0E36318B1008806
:1022E80023600CF0CFFC3D4829F014FF3C4E3D4BD9
:1022F800304633603C4B736025F009FB00213046C3
:1023080017F00AFE32A3D3E90023A062C4E906232A
:1023180025F008FBD4E9062319431043C4E9060154
:10232800CDE900014FF0FF334FF0FF32A06A29F0EA
:1023380045FF02224FF0FF31A06A29F044FF012037
:102348000CF0FCF84FF4007300222849A06A29F029
:102358008BFFB0F5007F38D100239422CDE90733F5
:1023680009933C23CDE9033205939623A06A03A978
:10237800069317F0B9FE35B3287C0CF023FD05460B
:10238800F0B9A06A2AF04CF80CF0CAFC0CF0B8F8C6
:1023980020B14FF48070002109F040F90CF0C0F82A
:1023A80020B14FF40060002109F038F925F0E0FB76
:1023B800012017F007FE0E4A0E49A06A25F0A5FA7B
:1023C80028460AB070BDFF20D7E70725F8E700BF09
:1023D8000DD5015520000000300B0020690345ECA5
:1023E800801D0020C9E30100901D0020801B0020F3
:1023F800BB780300FB7803000348044B834202D0F8
:10240800034B03B118477047282B0020282B0020C6
:1024180000000000064B0749C91A891048BF01315E
:10242800491003D0044B0BB101481847704700BF4F
:10243800282B0020282B00200000000010B5064C97
:10244800237843B9FFF7D8FF044B13B10448AFF31F
:1024580000800123237010BD8C250020000000009F
:102468000012040008B5054B1BB105490548AFF338
:102478000080BDE80840FFF7CDBF00BF00000000A6
:10248800980D002000120400A3F5803A704700BFA1
:10249800174B002B08BF134B9D46FFF7F5FF002194
:1024A8008B460F461348144A121A2AF0A8FB0E4B03
:1024B800002B00D098470D4B002B00D098470020E8
:1024C800002104000D000D48002802D00C48AFF38D
:1024D80000801EF071FE200029001FF0B6FF1EF0DC
:1024E80003FC00BF0000080000000000000000001E
:1024F800C00A0020C00A0020402700200000000079
:102508000000000037B50C460346C27E0021204675
:1025180010F066FA0546F8B1234C2449206821F0EA
:1025280096F82349206821F092F820F03EF820F030
:102538003DF8204B204A009320493623206821F09B
:1025480086F81F4A1F49206821F081F82A461E494B
:10255800206821F07CF8FEE70221204610F06AFA94
:102568000546F8B1104C1149206821F070F810495F
:10257800206821F06CF820F018F820F017F80D4BBF
:102588000D4A00930D493C23206821F060F80C4A5D
:102598000C49206821F05BF82A460C49206821F094
:1025A80056F8FEE703B030BD9C0E00205FDD030047
:1025B800C8DB030070DC0300CDDB0300E4DB0300B1
:1025C800F0DB030003DC03001BDC030047DC030033
:1025D8000146014820F02DB900800550014820F03F
:1025E80022B900BF008005502DE9F84300240E46AB
:1025F8000A4600210746A0462AF001FBDFF84C9066
:10260800013EFFF7EBFF0546FFF7E2FF0D2D06D170
:1026180000233B550C48BDE8F8431FF00CBF0A2DBA
:10262800F6D0082D01D07F2D08D1002CE9D0013C2F
:10263800484607F804801FF0FEFEE2E7A642E0D90C
:102648003D550134DDE700BF5EDD03007ADC0300A1
:10265800012337B54FF4FA610093164A0023164850
:1026680000F026FE054610B3144C1549206820F0EA
:10267800EEFF1449206820F0EAFF1FF096FF1FF0D4
:1026880095FF114B114A009311495123206820F0FE
:10269800DEFF10492B46104A206820F0D8FF284654
:1026A80000F0AAFD0D49206820F0D1FFFEE703B035
:1026B80030BD00BF51240300B00D00209C0E002047
:1026C8005FDD0300C8DB0300C8DD03007EDC030018
:1026D800E4DB03008ADC030087DC03009FDC0300E3
:1026E80014282DE9F341B8BF14200A23DFF800812C
:1026F8000501074698F80000B5FBF3F510F05EF900
:10270800002300932A46294698F8000010F020F983
:102718002D4C064608B32D49206820F098FF2C4917
:10272800206820F094FF1FF040FF1FF03FFF294B67
:10273800294A009329496823206820F088FF2849FE
:102748003346284A206820F082FF304600F054FDC6
:102758002549206820F07BFFFEE7022198F8000059
:1027680010F068F9064608B31849206820F06FFF92
:102778001749206820F06BFF1FF017FF1FF016FFA6
:10278800144B154A009315496E23206820F05FFF0B
:1027980013493346134A206820F059FF304600F0A9
:1027A8002BFD1149206820F052FFFEE71FF0FDFEC7
:1027B8001FF0FCFE2B463A460C49206802B0BDE8E3
:1027C800F04120F044BF00BF9C0E00205FDD0300F5
:1027D800C8DB0300ACDD03007EDC0300E4DB0300A0
:1027E8008ADC030087DC03009FDC0300B0DC030005
:1027F800FD2A002010B51B4890B01FF01CFE1A4897
:10280800FFF7F2FE0422194917482AF000FA58B9CE
:1028180017482AF065F91749024668461EF056FC23
:1028280068461FF008FE14E0032213490E482AF0F8
:10283800EEF9A0B911482AF053F9044602461049A6
:1028480068461EF043FC68461FF0F5FD2046FFF77A
:1028580047FF054810B0BDE810401FF0ECBD09481F
:10286800DFE700BFDADC03008D250020E8DC030089
:1028780092250020EDDC030067DD03009125002090
:1028880013DD030038DD030070B50368A44A23F4A0
:102898007F4323F00703934288B005D0A14A9342AF
:1028A80000F0E88008B070BD0DF10F0104A810F029
:1028B80015F99D4C054608B39C49206820F0C7FED1
:1028C8009B49206820F0C3FE1FF06FFE1FF06EFECC
:1028D800984B994A00939949BD23206820F0B7FE88
:1028E80097492B46974A206820F0B1FE284600F009
:1028F80083FC9549206820F0AAFEFEE7BDF8143055
:1029080001465BBAADF818309DF8133008228DF8EF
:102918001A30FF238DF81B30FE238DF81C309DF8EC
:10292800123018208DF81D30BDF810305BBAADF8A4
:102938001E3006AB10F0A4F8054608B37B492068A2
:1029480020F085FE7A49206820F081FE1FF02DFED8
:102958001FF02CFE774B784A00937849CD232068E6
:1029680020F075FE76492B46764A206820F06FFEE7
:10297800284600F041FC7449206820F068FEFEE714
:10298800724E30460FF0CCFF054608B36749206801
:1029980020F05DFE6649206820F059FE1FF005FE14
:1029A8001FF004FE634B644A00936449D2232068F5
:1029B80020F04DFE62492B46624A206820F047FE0F
:1029C800284600F019FC6049206820F040FEFEE728
:1029D8004FF4C86200900346114630780FF0B8FFF4
:1029E800054608B35149206820F031FE5049206857
:1029F80020F02DFE1FF0D9FD1FF0D8FD4D4B4E4A9B
:102A080000934E49DB23206820F021FE4C492B46D9
:102A18004C4A206820F01BFE284600F0EDFB4A498E
:102A2800206820F014FEFEE7072130780FF0B2FF8F
:102A3800474B40F2FF220193464B06211B7846483C
:102A48000093464B1B881FF0C5FC1FF0AEFD1FF01E
:102A5800ADFD4349206820F0FAFD31783E48FFF784
:102A680051FD1FF0A2FD1FF0A1FD3E49206820F096
:102A7800EEFD17E7354C022120780FF0C7FF054619
:102A880010B3294C2949206820F0E1FD2849206825
:102A980020F0DDFD1FF089FD1FF088FD254B264A3B
:102AA80000932649F623206820F0D1FD24492B46BF
:102AB800244A206820F0CBFD284600F09DFB2249DF
:102AC800206820F0C4FDFEE7022120780FF0B2FF55
:102AD800054600283FF4E6AE134C1449206820F060
:102AE800B6FD1349206820F0B2FD1FF05EFD1FF00F
:102AF8005DFD104B104A00931049FB23206820F01D
:102B0800A6FD0F492B460F4A206820F0A0FD284655
:102B180000F072FB0C49206820F099FDFEE700BF29
:102B2800A0000100A00006019C0E00205FDD03004C
:102B3800C8DB03009DDD03007EDC0300E4DB03004B
:102B48008ADC030087DC03009FDC0300FD2A0020E9
:102B580061DD0300FC2A0020F1250020782A0020EE
:102B68006BDD030087DD030030B503687C4A23F47E
:102B78007F4323F00703934289B040F0EE80082298
:102B880000211220774B0FF07BFF044610B3764DDF
:102B98007649286820F05BFD7549286820F057FDC4
:102BA8001FF003FD1FF002FD724B734A0093734937
:102BB8005C23286820F04BFD71492346714A286838
:102BC80020F045FD204600F017FB6F49286820F0EB
:102BD8003EFDFEE70146032214206C4B0FF050FF28
:102BE800044610B3604D6149286820F030FD604903
:102BF800286820F02CFD1FF0D8FC1FF0D7FC5D4B97
:102C08005D4A00935D496A23286820F020FD5C49ED
:102C180023465C4A286820F01AFD204600F0ECFAAA
:102C28005949286820F013FDFEE7014605221620C1
:102C3800574B0FF025FF054610B34B4C4B49206806
:102C480020F005FD4A49206820F001FD1FF0ADFC89
:102C58001FF0ACFC474B484A00934849782320684A
:102C680020F0F5FC46492B46464A206820F0EFFC48
:102C7800284600F0C1FA4449206820F0E8FCFEE745
:102C88000DF10F0104A80FF029FF044610B3364DCB
:102C98003649286820F0DBFC3549286820F0D7FC45
:102CA8001FF083FC1FF082FC324B334A00933349F8
:102CB8008323286820F0CBFC31492346314A286811
:102CC80020F0C5FC204600F097FA2F49286820F02C
:102CD800BEFCFEE7BDF8143001465BBAADF818300B
:102CE8009DF8133008228DF81A30FF238DF81B3019
:102CF800FE238DF81C309DF8123018208DF81D30F9
:102D0800BDF810305BBAADF81E3006AB0FF0B8FE58
:102D1800054610B3144C1549206820F098FC144956
:102D2800206820F094FC1FF040FC1FF03FFC114B82
:102D3800114A009311499323206820F088FC104918
:102D48002B46104A206820F082FC284600F054FAEE
:102D58000D49206820F07BFCFEE709B030BD00BFBC
:102D6800A0000100D1DD03009C0E00205FDD030000
:102D7800C8DB03000CDE0300DADD0300E4DB03003C
:102D88008ADC030087DC03009FDC030002DE03000B
:102D980006DE030007B501A801F058FF9DF80530CD
:102DA800012B27D1214A936DDB0313D4536B23F4F2
:102DB800FF0323F4FE4343F4BC1343F4A0635363BB
:102DC800136B23F4704343F440431363136B43F4CE
:102DD800E06313639DF8043063B94FF000531B6838
:102DE800134B1B68134B1B68134B1B68134B1B6857
:102DF800134B1B68134AD2F8803043F00303C2F820
:102E0800803003F099FD00F049FB20F0D3FB20F05F
:102E180043FB04F06DF800F037FB00F07BFC00F09A
:102E280081FF03B05DF804EB04F096BD00C00050CC
:102E3800004000200080002000C000200000012089
:102E4800004001200080005030B5204D95B00DACF9
:102E58000FCD0FC495E80700032384E80700012479
:102E68008DF84D301A4A1B4B0021CDE903231A4B2C
:102E78000E220DF12600CDE9053429F0C0FE4FF4ED
:102E88008021164B0DAACDE907130B238DF82430AA
:102E98000C238DF82530124B07A90A9320230B9396
:102EA800104B1148009303AB8DF8314003F062FFDB
:102EB80004469DF832304FF4E130002B0CBF03215B
:102EC80000211FF0C4FB204615B030BD64E00300AC
:102ED80000800550210005000600040224800550EA
:102EE8000D260020E80D0020380E0020831E012B3F
:102EF80010B512D8012922D8114B04221B690521CB
:102F08000020C3F3401301F025FD0E4B1B68186821
:102F1800A8B1BDE81040436A18478B1E012B0CD896
:102F280001280CD8BDE810400022054B05211B697B
:102F38001046C3F3401301F00DBD0129E5D910BDBA
:102F480000C00350E028002008B50449044804F0F4
:102F5800BDFDBDE80840FFF777BF00BFE4280020AB
:102F68005C0E0020014820F009BD00BF380E00208B
:102F7800014B1A6A18681047380E0020184B37B5ED
:102F880083422AD1174B1B783BB3C8B20FF066FDBA
:102F9800054610B3144C1549206820F058FB144915
:102FA800206820F054FB1FF000FB1FF0FFFA114BC4
:102FB800114A009311498523206820F048FB1049E5
:102FC8002B46104A206820F042FB284600F014F9EE
:102FD8000D49206820F03BFBFEE703B030BD00BF81
:102FE800640E00202D2600209C0E00205FDD0300CB
:102FF800C8DB0300EBE0030080E00300E4DB030030
:103008008ADC030087DC03009FDC030030B5002561
:103018000368584A23F47F4323F0070385B093429B
:1030280004460295ADF80C507ED002F580229342FA
:103038000ED0A2F18272934240F09A804E4B1B78D8
:10304800002B00F0958005B0BDE8304020F068BE48
:10305800B0F805301B2B40F08B80FF2304A91A46DB
:1030680011E903001FF09AFA012814BF41F2FC1578
:10307800414B05F0FC0208BF18701B2120790FF0A6
:1030880015FD054610B33D4C3D49206820F0DFFA98
:103098003C49206820F0DBFA1FF087FA1FF086FA17
:1030A800394B3A4A00933A495923206820F0CFFA1D
:1030B80038492B46384A206820F0C9FA284600F0DB
:1030C8009BF83649206820F0C2FAFEE734490090A0
:1030D8002379344A0968344800F0EAF8054600289C
:1030E80046D0264C2649206820F0B1FA25492068A8
:1030F80020F0ADFA1FF059FA1FF058FA224B234A74
:10310800009323496223206820F0A1FA21492B4625
:10311800214A206820F09BFA284600F06DF81F49E4
:10312800206820F094FAFEE7B0F80530B7EE047A8C
:1031380007EE903AF8EE677AB0F8073067EE877ACC
:10314800013307EE103AB8EEC77A67EE877AB1EE28
:10315800047A67EE877AFAFE677AFCEEE77A17EE6A
:10316800903AB3F57A7F38BF4FF47A730C4A1360FC
:1031780005B030BDA00006022D2600209C0E0020C0
:103188005FDD0300C8DB0300FAE0030080E0030012
:10319800E4DB03008ADC030087DC03009FDC030018
:1031A800EC280020852F0100640E0020012208B5BC
:1031B800074B1A700022074B1A700422064B1A702C
:1031C8001F22064B1A7003F035FC054B186008BD2A
:1031D800002B00202E260020FF2A0020FE2A002097
:1031E8009C0E0020024B0349186820F030BA00BF3B
:1031F8009C0E00201AE1030070B50C4C0C490646E1
:10320800206820F024FA03F015FC0546206803F036
:1032180005FC3046FFF7E6FF284603F0FFFB206871
:103228000449BDE8704020F012BA00BF9C0E00208F
:103238001CE103001EE1030038B505461FF032FA11
:1032480000230B4A14685CB1AC4206D1A96A6BB181
:1032580099621FF02DFA012007E02346A46AF2E7DD
:10326800002DF3D01FF024FA204638BD1160F0E796
:10327800A00E002010B50446B0B105F011F82046A4
:10328800FFF7DAFF10B194F82C300BB9002010BD0D
:10329800064C2368002BF9D01FF004FA2368013B81
:1032A80023601FF005FAF1E72220F0E7A40E0020C2
:1032B8002DE9F04385B00546914698460E469DF89F
:1032C800307009B9002F5CD12846FFF7D3FF0446B8
:1032D800002836D185F82C00686305F0EFF886429F
:1032E80033D905F08BF82146844640F2E7304FF495
:1032F8007A720023E6FB0C011DF066FB4FF0FF32EB
:1033080000231DF061FB2B46E88611462846CDE9CF
:1033180000441D4A20F08CFC044690B9C5E9089881
:1033280085F82D702E631FF0BDF9184A136833B362
:103338001A469B6A002BFBD195620023AB621FF0F3
:10334800B7F9204605B0BDE8F08347B12B463146B2
:103358002846CDE900440C4A05F074F8DCE730460D
:1033680003A905F051F804460028EAD12B4628465F
:10337800CDE90077044A039920F036FCCCE71560C4
:10338800DBE72124DDE700BF99330100A00E002010
:1033980091F82C3013B50C4683B98B8ECA8E9342A4
:1033A8000ED243B9CDE9003320460B46124A4FF0FE
:1033B800FF3120F0FDFBA38E0133A38602B010BDC0
:1033C80052B191F82D3093B101230093D1E908232C
:1033D8002046096BFFF76CFF012384F82C30074B5C
:1033E8001A6801321EBF1A6801321A60E6E70846F9
:1033F80004F056FFF0E700BF99330100A40E002047
:103408002DE9F041154E336833B34FF00008144FDF
:103418001FF048F905463C6824B92846BDE8F04144
:103428001FF046B994F82C30A3B1336884F82C8087
:1034380013B13368013B336094F82D3013B920463B
:10344800FFF7FAFE28461FF033F9D4E90831204681
:103458009847DDE7A46ADFE7BDE8F081A40E002005
:10346800A00E0020034B1B68002B14BF0420012072
:10347800704700BFA40E0020024B1868B0FA80F015
:1034880040097047A40E002008B5034820F010F842
:10349800BDE808401FF00DB81CE30300014820F008
:1034A80007B800BF1CE3030007B508201FF00AF99E
:1034B80002238DF80030054B684601931FF08BF806
:1034C800082003B05DF804EB1FF007B9006A181074
:1034D8000348044A0449121A92101FF0C8B800BFE2
:1034E80034210100D42201004027002008B500F053
:1034F8002FF8FFF7EDFF124B12498B4212D3002031
:10350800114B12498B4218D3FEF7C2FF186850F8C6
:103518002240586840F82240013298688242F5D328
:103528000C33EAE70022F8E71C6844F8220001326D
:103538005C68A242F8D30833E4E70022F8E700BF4A
:1035480008120400141204001412040014120400D7
:10355800124B134A70B59A60D3F88820114D42F483
:103568007002C3F888206FF0010205F50054226646
:1035780041F2FF7262660222C3F8D020BFF34F8F78
:10358800BFF36F8F4FF44036032003F025FA032072
:10359800E66003F013FA2E6170BD00BF00ED00E095
:1035A8000020010000800044014B1868704700BFEC
:1035B800F4280020014B1860704700BFF428002051
:1035C800084B1B6F03F00703022B04D0032B05D015
:1035D800012B05D0FEE7044B18687047034BFBE747
:1035E8000348704700800050F4280020FC28002081
:1035F800002D310108B5FFF7E3FF054B1B6FC3F33F
:1036080001330133B0FBF3F0024B186008BD00BF73
:1036180000800050F02800200048704700B4C4041F
:10362800014B1868704700BFFC280020054B186044
:10363800054B1B6F03F00703032B01D1FFF7DABF1C
:10364800704700BFFC2800200080005000487047E9
:10365800002D3101174B9868C0F304400C280AD894
:10366800DFE800F00B0909090909072119091B1DE1
:103678001F0011487047002070479B6803F0407393
:10368800B3F1807F11D0B3F1007F10D00B4A002B2B
:1036980008BF104670470A4870470A4870470A48EA
:1036A80070470A4870470A4870470A4870470A48EE
:1036B800704700BF0040015A405DC60000093D0048
:1036C800C0EA210180BA8C010048E801005A620270
:1036D8000024F40080841E0040420F00014B18684B
:1036E800704700BFF828002000239B6AB3F5903F7D
:1036F80003D21968064A914203D0002303708360FD
:103708007047012202709A689B694260F7E700BF20
:1037180007B0CD5E00239B6A10B5B3F5903F11D278
:1037280019680A4A91420DD1094C227812F0FD0F0E
:1037380001D0002010BDDB6998470028FAD1012389
:103748002370F6E74FF48170F4E700BF07B0CD5E51
:103758002F2600204FF00053014A1A6003F00AB9DF
:1037680002020FF0034B5868C0F30800003818BF76
:103778000120704700ED00E013B5002429480194AA
:103788001FF096FE012304220321204601F0E2F8EF
:1037980020461FF030F80122234B0520C3F84424AB
:1037A80001A91FF07BFE002839D1204BD3F8F02067
:1037B80042F00102C3F8F020D3F8FC2042F08072F6
:1037C800C3F8FC201A4AA3F55D431A60019B194A05
:1037D80003F5D52303F2FC43B3FBF2F3164A013B8E
:1037E80013610223C2F8F0304FF48073C2F8043337
:1037F8004FF06043114AC3F8B02F114AC3F8802E26
:10380800D3F8002E42F48072C3F8002EFF2283F80A
:103818002020D3F8002E22F48072C3F8002E02B0C4
:1038280010BD00BF1CE3030000D0035000ED00E012
:10383800FF030040F8590D00000004E055CEACC568
:10384800090001004FF06043D3F8802E30B5D2074D
:1038580015D501240B4D8440D5F8FC2042F0807228
:10386800C5F8FC20D3F8002E2243C3F8002E53F8E5
:103878002020002AF0D003F82010002030BD1120AD
:10388800FCE700BF00ED00E02DE9F04F9A46564BEB
:1038980085B01B7806460F461546DDF83C909DF826
:1038A80044B0DDF85080002B00F09780072A00F222
:1038B80096800E9B002B00F09280B9F1000F00F06B
:1038C8008E80129BB3F5006F00F38980012803D125
:1038D800109B002B00F08380444B03EB05131B7BEC
:1038E800002B7ED0424C10220021684629F087F92F
:1038F80004EB45141022A7BB3946204629F07FF96E
:1039080043F210036380BBF1000F03D1E37843F067
:103918000303E370364A0E9B02EB451CCCE9019386
:10392800129B6901581E9DF84C30C0F30A0003F041
:1039380003039B0643EA001E53582E48012E00EA53
:1039480003004EEA0003CDF800A0535017D0B8F199
:10395800000F2ED19CF8023068F304138CF8023063
:1039680027E00021204629F04AF94FF44473638088
:10397800BBF1000FCED1E37843F03003C9E713233E
:103988000CF1100ECCF80C309CE80F008EE80F00FC
:103998006FF00301DCF81C20109B61F39F02012FDC
:1039A800CCF81C20CCF8143003D1CCF81890CCF803
:1039B800043000270D4A290102EB051342F8018063
:1039C800159A28465A60694622469F605E7301F040
:1039D80045F8384605B0BDE8F08F0748FAE70748CC
:1039E800F8E70748F6E700BF30260020A80F0020B8
:1039F800A80E00200F80FFF3028000F0018000F085
:103A0800078000F038B5124B05461B78DBB1E0B1F2
:103A18001EF048FE0F4A00231146147B54B92B6050
:103A280001251A0101EB03131D738C501EF040FE93
:103A3800204638BD0133082B02F11002EDD11EF0EB
:103A480037FE0548F5E70548F3E70548F1E700BF05
:103A580030260020A80F0020048000F0028000F02B
:103A6800018000F038B51EF01DFE002305460B4A04
:103A7800147B6CB90133082B02F11002F8D100F065
:103A8800A9FF074B28461C701EF012FE204603E0D3
:103A980028461EF00DFE034838BD00BFA80F0020C1
:103AA80030260020058000F00D4B10B51B78044629
:103AB80093B1072812D81EF0F5FD0A4B03EB041347
:103AC8001A7B2AB100241C731EF0F2FD204610BD9B
:103AD8001EF0EEFD0448FAE70448F8E70448F6E764
:103AE80030260020A80F0020068000F0028000F099
:103AF800018000F0154B13B51868002301908DF86C
:103B080004301EF0CFFD124B1C7824B11EF0D0FDFE
:103B1800104802B010BD01221A701EF0C9FD0E4BEC
:103B280001A81C731C7783F82C4083F83C4083F869
:103B38004C4083F85C4083F86C4083F87C40082351
:103B48008DF8073000F062FF2046E2E774E10300D9
:103B580030260020038000F0A80F00200A4A08B58C
:103B680012785AB107280BD8084A02EB00131B7BBE
:103B780043B1002100F03CFF002008BD0448FCE7E9
:103B88000448FAE70448F8E730260020A80F002088
:103B9800028000F0018000F0078000F00A4A08B5B2
:103BA80012785AB107280BD8084A02EB00131B7B7E
:103BB80043B1012100F01CFF002008BD0448FCE7C8
:103BC8000448FAE70448F8E730260020A80F002048
:103BD800028000F0018000F0078000F00A4A08B572
:103BE800127852B107280AD8084A02EB00131B7B47
:103BF8003BB100F07FFF002008BD0548FCE7054801
:103C0800FAE70548F8E700BF30260020A80F002093
:103C1800028000F0018000F0078000F00D4B1B7857
:103C280093B1072812D889B10B4B03EB00131B7B08
:103C380073B10A4B1A6D01238340134214BF012349
:103C4800002300200B7070470548704705487047EF
:103C58000548704730260020A80F002000000450B7
:103C6800028000F0018000F0078000F00B4A10B5D8
:103C780012780C4662B107280CD859B1084A02EBF1
:103C880000131B7B43B100F047FF2070002010BDDC
:103C98000448FCE70448FAE70448F8E7302600201F
:103CA800A80F0020028000F0018000F0078000F0DB
:103CB800184B2DE9F0411F6D5B6D1F4000D5FEE7E5
:103CC80001260025144CDFF85880374218D02368A5
:103CD800C8F85060A3B1A168284601316268A160A4
:103CE8009847637B012B0BD150B90C4B03EB451361
:103CF8001A7B60F341021A731A7F60F341021A7744
:103D08000135082D4FEA460604F11004DDD1BDE85F
:103D1800F08100BF00000450A80F0020A80E00206A
:103D280000200450024B1968024B186815F000BDBA
:103D3800002900202029002070B59400224605465D
:103D48000E4629F039FF431C0AD058B9224631469D
:103D5800284628F02AFF0028034808BF002070BD25
:103D68000248FCE70248FAE710E000F021E000F022
:103D780024E000F010B5044629F01AFF431C10D0C7
:103D880088B900F08BFF234620F0030020449842B6
:103D980001D1002010BD53F8042B0132F7D003489D
:103DA800F8E70348F6E70348F4E700BF0EE000F041
:103DB80021E000F024E000F008B51EF06CFC014B97
:103DC800186008BD18170020014B18681EF067BC62
:103DD8001817002041F67133124A30B5D469124DD4
:103DE800D3639368A84204F4803423F4401306D8BC
:103DF80093600E4AD2F8183223F002030AE043F423
:103E0800801393600A4B9842F3D9084AD2F81832C3
:103E180043F00203C2F8183214B10022014BDA63EE
:103E280030BD00BF00000350005A620200C00750B6
:103E380080F0FA022E4B98424AD022D82D4B984255
:103E480040D014D82C4B984239D00AD82B4B9842E2
:103E580032D02B4B98422FD02A4B98422CD000209E
:103E68007047294B9842FAD1284B186F7047284B56
:103E780098422AD0274B9842F1D1244BD3F880009E
:103E88007047254B98422BD009D8244B984223D011
:103E9800234B9842E3D11D4BD3F88C007047214B3C
:103EA800984221D003F5740303F510539842D6D1F4
:103EB800164BD3F898007047144B986D7047134B06
:103EC800586E7047114B586F7047104B986F70477A
:103ED8000E4BD3F8840070470C4BD3F8880070471A
:103EE8000A4BD3F890007047084BD3F894007047FA
:103EF8000048E8010024F400C0CF6A0080841E0056
:103F080000093D0040420F00405DC6000080E00F00
:103F1800C0EA210180BA8C01007E560380D5430295
:103F2800006CDC020090D00338B5134B0546D3F87B
:103F380020010C4600F0070004281AD8DFE800F03A
:103F480003090D111500012305B1286004B1236090
:103F580038BDFFF729FB0423F6E7FFF761FB0323CE
:103F6800F2E7FFF777FB0523EEE7FFF76FFB022386
:103F7800EAE700231846E7E70080005037B50C460B
:103F88000021114B0191D3F88031054603F003035A
:103F9800022B0ED0032B11D0012B03D101A8FFF760
:103FA800C3FF0D210DB1019B2B6004B1216003B04B
:103FB80030BDFFF74FFB05210190F3E7FFF746FB04
:103FC80002210190EEE700BF0080005038B5104B89
:103FD8000546D3F840310C4603F00303022B0BD0FF
:103FE800032B0DD0012B0FD11EF04FFB082305B179
:103FF800286004B1236038BDFFF770FB0723F6E79C
:104008001EF046FB0923F2E701230020EFE700BF7B
:104018000080005038B5104B0546D3F860310C4687
:1040280003F00303022B0BD0032B0DD0012B0FD170
:104038001EF02BFB082305B1286004B1236038BDAE
:10404800FFF74CFB0723F6E71EF022FB0923F2E7F4
:1040580001230020EFE700BF0080005038B5144B63
:104068000546D3F800020C4600F0070004281BD8C8
:10407800DFE800F003090D111500012305B12860E0
:1040880004B1236038BD1EF000FB0823F6E7FFF7F4
:1040980025FB0723F2E71EF0FBFA0923EEE7FFF7FB
:1040A800A9FA0C23800AE9E700231846E6E700BFCF
:1040B8000080005038B5144B0546D3F808020C466A
:1040C80000F0070004281BD8DFE800F003090D11F1
:1040D8001500012305B1286004B1236038BD1EF026
:1040E800D4FA0823F6E7FFF7F9FA0723F2E71EF0F8
:1040F800CFFA0923EEE7FFF77DFA0C23800AE9E7F8
:1041080000231846E6E700BF0080005038B5104B82
:104118000546D3F840320C4603F00303022B0BD0BC
:10412800032B0DD0012B0FD11EF0AFFA082305B1D8
:10413800286004B1236038BDFFF7D0FA0723F6E7FB
:104148001EF0A6FA0923F2E700231846EFE700BF9E
:104158000080005038B5104B0546D3F800310C46A6
:1041680003F00303022B0BD0032B0DD0012B0FD12F
:10417800FFF756FA032305B1286004B1236038BD60
:10418800FFF7ACFA0723F6E71EF07DFA0623F2E7FD
:1041980001230020EFE700BF0080005038B50C462F
:1041A80005461EF078FA054B9A6A54402C40544054
:1041B8009C62BDE838401EF072BA00BF00C00050D3
:1041C800032814D005D8012805D0022809D00020DA
:1041D80005E00F28FBD1084B186FC0F30130013000
:1041E8007047054BD3F89000C0F30460F7E7024B23
:1041F800186FC0F38020F2E7008000501FB500233D
:104208000193252817D8DFE800F0131A1D272C364C
:104218003B51565B60656A78161A401616561A277F
:104228002C27361A5127783B3B3B3B2727275B60D7
:10423800FFF7C6F90190019805B05DF804FBFFF798
:10424800D9F9F7E7FFF7BCF902460220FFF7B8FFF4
:10425800B2FBF0F20192EEE7FFF7CCF90246032039
:10426800F4E7FFF7C7F902460320FFF7A9FFB2FBFF
:10427800F0F25208EEE7002101A8FFF77FFEDAE727
:10428800002101A8FFF750FED5E702934FF0E02385
:104298001B695B0705D5FFF7ADF90290029B0193F7
:1042A800C9E703A902A8FFF791FEF7E7002101A8D3
:1042B800FFF78CFEBFE7002101A8FFF7ABFEBAE7C6
:1042C800002101A8FFF7CAFEB5E7002101A8FFF702
:1042D800F1FEB0E7002101A8FFF73CFFABE7094B6F
:1042E800D3F8803003F00303022BA8D0032B01D0AE
:1042F80000209FE7FFF7AEF99CE7002101A8FFF730
:1043080005FF98E70080005008B50120FFF776FF09
:10431800BDE808400349884294BF012102210320D7
:1043280000F002B880F0FA02032810B50C4627D036
:1043380004D8012804D0022817D010BD0F28FCD1BA
:104348001EF026FA1EF02CFA124A013C136F23F4D1
:10435800405343EA04331367FFF74CF90021FFF792
:1043680039FDBDE81040FFF7CFBF0A4A4C1ED2F80E
:10437800903023F0F85343EA0463C2F89030DCE746
:10438800044A4C1E136F23F4806343EA84231367A3
:10439800D3E700BF008000501FB5002301932528F4
:1043A80021D8DFE800F013202020202A2F454A4F8B
:1043B80054595E7120203420204A202020202A20B1
:1043C8004520712F2F2F2F2020204F54314B1B6F4A
:1043D80003F00703013B032B05D8DFE803F00C02C9
:1043E800080A04230193019805B05DF804FB032330
:1043F800F8E70623F6E70223F4E7002001A9FFF710
:10440800BDFDF0E7002001A9FFF78EFDEBE7029361
:104418004FF0E0231B695B0705D5FFF7EBF80B238B
:104428000393039BDEE703A902A8FFF7CFFDF8E794
:10443800002001A9FFF7CAFDD5E7002001A9FFF771
:10444800E9FDD0E7002001A9FFF708FECBE700202F
:1044580001A9FFF72FFEC6E7002001A9FFF77AFEA2
:10446800C1E70C4BD3F8803003F00303022B03D0D1
:10447800032B05D00023B5E7FFF7BCF80B23B1E702
:10448800FFF7E8F80523ADE7002001A9FFF73EFE96
:10449800A9E700BF00800050024A536A23F00103D5
:1044A8005362704700C0075008B5FFF775FF07282B
:1044B8000ABF024B4FF6FF70188808BDEA2A002091
:1044C80008B5FFF769FF03280ABF024B4FF6FF70D4
:1044D800188808BDE82A002038B50546FFF7AAFC69
:1044E800204B04465A68012A04D11F494A609A6938
:1044F8009207FCD10020FFF74FFF042803D11EF0DC
:1045080047F91EF04DF9194A24F0407395421FD01F
:10451800174A95421FD0174AD16811F0060FFBD1F0
:104528009068936091684B4013F4F81F16D12846A1
:10453800FFF740F80020FFF72FFF042810D1FFF7FE
:1045480059F80021FFF746FCBDE83840FFF7DCBE0C
:1045580043F00073DFE743F08073DCE79060E9E73E
:1045680038BD00BF00C0015000E0015040420F00BC
:1045780080841E0000000150F8B504460020FFF7B3
:104588000BFF032800F0818045F60E0302213F4A05
:10459800C2F880303E4B9962012103F5805399623D
:1045A800936DD903FCD4D4E900131B0543EA0163D6
:1045B800E17B94F820500B43217BE77E43EA0143DB
:1045C800617B6D0143EA0133A17B43EA81131361E7
:1045D8009169D4E904031B0643EA806301F00041B2
:1045E8000B43A17E94F823000B43217E43EA014349
:1045F800617E43EA01239361136AE66923F00D03A0
:1046080094F8221043EA870366BB1362966A94F80B
:10461800213045EA031326F033052B4343F0010309
:1046280093621C4D194A936D35EA0303FBD10225A9
:10463800174B9D62936D5B00FCD41369A56823F446
:10464800700343EA055313614FF00042104B9A611F
:1046580019B9022203F580539A6278B901220E4BE8
:104668009A620BE0334343F008031362936A23F022
:10467800330303432B4343EA4103936294F8243002
:104688001BB1024B054AC3F88020F8BD00C000509A
:1046980000D000500300014000E00050F1A7FFFFE8
:1046A80070B5184CFF28A66A2AD8A36D13F4803F6A
:1046B80018BF0122144B18BF9A6202229A62A56D94
:1046C80015F08045FBD1114AA36992F9002023F423
:1046D8007F03024423F47F4382F3080243EA002362
:1046E80043EA0243A36131460220FFF757FDA36D59
:1046F800DB0303D531460120FFF750FD284670BD86
:104708002125FBE700C0005000D0005031260020D2
:10471800014B93F90000704731260020012312480D
:10472800124A816A9362836D03F00303032BFAD163
:10473800022393620C4A936D5800FCD40C48936D85
:1047480030EA0303FBD10122084B1A65A3F5805315
:104758009A6D9207FCD49A6D9007FCD59A6D9207D2
:10476800FCD50320FFF71ABD00C0005000D0005050
:1047780003000100F0B5D0E901434FF4D1560227F8
:10478800164A417805785662154E4F2977604FF0E2
:10479800010728BF4F2106F5805677601669F60392
:1047A800FCD441EA052151611B01417B43EA042302
:1047B8000B43017B43EA41039360C37B817B1B016D
:1047C80043EA4113417C0B43017C43EA41035360B4
:1047D800837C13B16FF4D1535362F0BD00000250D3
:1047E80000100250014B1880704700BFEA2A0020D1
:1047F800014B1880704700BFE82A0020284B9842D8
:1048080042D01AD8A3F5B703A3F55863984237D016
:104818000CD8244B984225D0234B98422AD0234BBE
:10482800984217D00023224A93607047214B984240
:10483800F8D1214BD3F8BC301FE0204B984227D049
:104848001F4B984228D01F4B9842EBD11A4BD3F8F4
:10485800C83012E0184BD3F8A03023F0407343F06F
:104868000073E0E7144BD3F8A03023F0407343F013
:104878008073D8E7104BD3F8A03023F04073D2E709
:104888000D4BD3F8B830F8E70B4BD3F8C030F4E74A
:10489800094BD3F8CC30F0E7074BD3F8D030ECE72E
:1048A800C0EA210180841E0000093D0040420F003B
:1048B8000040015A0024F4000080E00F0048E8019D
:1048C800005A620280BA8C010C4A10B5136904467A
:1048D80043F00403136103F0C7FA1DF079FF084B96
:1048E800084AC3F8202430BF1DF073FF03F0DEFA36
:1048F8001CB9BDE81040FEF77DBE10BD00ED00E01C
:1049080000E003500000FFFF0A4A10B5136904468F
:1049180043F004031361084B084AC3F8202403F04A
:10492800A3FA30BF03F0C2FA1CB9BDE81040FEF785
:1049380061BE10BD00ED00E000E003500000FFFF85
:10494800034A0179D36E23F030030B43D3667047D3
:1049580000400050F8B504460D461F4616464AB1B9
:1049680001238B403021184A01FB0022F7B141F2A4
:104978001001535004EB4403072D4FF00F014FEA89
:10498800031316D8A80006FA00F281400F4818440D
:104998001DF022FF4EB9012330210B4AAB4001FB29
:1049A800042277B141F210015350F8BD42F21001D0
:1049B800DFE7A5F10800800006FA00F2814004480C
:1049C800E5E742F21001EFE700C0035004C00350CE
:1049D8000CC0035008B5152001F0DEFF0022FF21AE
:1049E800024B5A6599625A6008BD00BF0000045026
:1049F800044A054B002908BF1346012282401A6069
:104A0800704700BF401004504020045010B50446C1
:104A1800417802780120104B120658609A60A278FB
:104A2800152042EA01429A61FF229A6200229A63A3
:104A38001A644FF000425A654FF0FF3203F50053F5
:104A48001A6501F0C9FF1520E17801F0D3FFBDE830
:104A58001040152001F0B2BF00000450F8B5012540
:104A6800C3B2DFF88CC0D1F800E09D408F7ACB7AD2
:104A78000C46097BCCF850500CF5005C4CF820E053
:104A88004FF0300E184E1B050EFB006094F80DC059
:104A980043EA074343EA415322F00302C0F860C0E7
:104AA800C36502671DF0FEFD104B5D65237A13B1E7
:104AB800336C2B433364637A13B1B36B2B43B36307
:104AC8002279A37943EA0243094A93616179E37938
:104AD80043EA014305498B61034B55639D64BDE877
:104AE800F8401DF0E5BD00BF000004500010045060
:104AF8000020045010B50124C0B284401DF0D2FD3E
:104B0800044B5A6D22EA04025A659C62BDE81040C3
:104B18001DF0CEBD0000045010B50124C0B2844081
:104B28001DF0C0FD074BDA6A224208D15B6B9C433B
:104B38000CBF012400241DF0BBFD204610BD00243D
:104B4800F9E700BF0000045041F67132034BDA6305
:104B5800012203F50053DA60704700BF00000350DC
:104B680041F671320121044BDA6303F50052D1603A
:104B78000022DA63704700BF00000350CB784A7800
:104B880010B55B010C7843EA82030A79234343EAB0
:104B980002130C22424302F1B0421363012C02BFFC
:104BA8008A78024B43F8202010BD00BFD080035004
:104BB80008B54FF0B0435A686AB958B15B680BB191
:104BC8001DF01AFE01210D4B59601DF015FE4FF026
:104BD800B043D96008BD5B680BB11DF00DFE00281D
:104BE800F0D11DF009FE4FF0B0430222DA601DF04B
:104BF80003FE0122024B5A60ECE700BF0010005888
:104C0800002000584FF0B0414B6810B50BB11DF0B3
:104C1800F3FD01220B4BC4785A608378934043EA32
:104C2800840344782343047943EA0413447943EA28
:104C3800C4038B60044B5A600378C3F10203CB6052
:104C480010BD00BF0020005800100058054B5B69DC
:104C5800C3F38512827003F03F021B0B427003708E
:104C6800704700BF00C0075040F6B732064B5B687C
:104C78009BB293429FBF4FF47A72B3FBF2F3034A9D
:104C8800D05C88BF002070470080E00F99E10300E6
:104C9800014B986CD96C70470080E00F0120034BE2
:104CA8009B680A3303F01F03984070470080E00FA9
:104CB8000D4B984208D1A3F50033C3F88411C36D96
:104CC80043F08003C3657047084B984204D1A3F5AD
:104CD8001033C3F89411F2E7054B984204BFA3F5CB
:104CE8002033C3F8A411EAE70080055000C005503E
:104CF8000000065070B5054616461C4619B9032033
:104D0800FFF77CFA0146402C1BD003D8DCB1202CDD
:104D18001BD070BD602CFCD1042303FB06F25308A2
:104D280003EB4113B3FBF2F3094A203B02EAC30346
:104D3800AA6822F06002AA60AA681443AC60EB611A
:104D4800E7E70623E9E71023E7E70823E5E700BFDD
:104D5800F8FF7F00012200F580535A6040F6AA63ED
:104D680041F20502436100230D498360C365C260B7
:104D780000F500520361C361C36491640949836506
:104D8800884203D103650023436506E0064988424B
:104D9800F8D001F580418842F4D001235360704770
:104DA800FFFF01000080055000C0055070B50D469A
:104DB800FFF7D0FF012300F580567360AB7C0446F3
:104DC8001BB1836843F080438360EB7C1BB12046B2
:104DD800297DFFF76DFF2A8A6B7B20461343EA89FA
:104DE8001343E3602B7BD5E90112FFF783FF6B7D4B
:104DF8001BB1A36843F48033A360AB7D1BB1A368E8
:104E080043F40043A360EB7D2A7E1B07120502F4DE
:104E1800E00203F0E0431343A365697E1F4A8B1E3B
:104E2800012B1F4B1DD8944217D002F580429442A3
:104E380015D002F5804294420CBF02224FF0FF3297
:104E480003EB4213022041F2AC520329985020D1BF
:104E58000423F3652B78636170BD0022F0E701221B
:104E6800EEE7944211D00F4A944210D002F58042E6
:104E780094420CBF02224FF0FF3203EB4213022090
:104E880042F2AC5201299850E1E70022F5E70122ED
:104E9800F3E7042204F50053DA65DBE700800550E8
:104EA80000C0035000C0055038B50446054D27F032
:104EB800BFF90FCC0FC594E80F0085E80F0000205C
:104EC80038BD00BF1C17002047F6FF739A42F0B5A3
:104ED80072D0022972D83A4B5B5C022B6ED8394DDE
:104EE800DF0005EBC304A17815F83330012938BF7A
:104EF8000121012B13D10025E078401AA84202D8DD
:104F08000844C0B2F0BD431B6668A0EB530336F9F2
:104F180013609642D4BF1D4603F1FF30EEE7606888
:104F28000028EFD0B0F90040944204DBB0F9024009
:104F38009442B8BF144683883D44FF2B19BFC8224A
:104F48004FF0280CB0F90620B0F908C0A2EB040312
:104F58000CBF0126002693FBFCF333446E781BB28A
:104F68009E4201DD002B01DA731E1BB24FF47A7CDE
:104F780001339BB2071D5D1E2DB24FEAC50E00EB33
:104F8800C505EA88AD689E4214FB025222EAE27225
:104F980002F15C02B2FBFCF204DD37F83350013356
:104FA8009542E8D200EB0E039888904228BF10463D
:104FB800884238BF0846A4E7FF20A3E70020A1E7FE
:104FC8009CE103001C1700200229F0B560D8314B82
:104FD800595C02295CD8304B13F83100012816D1EE
:104FE80003EBC1039C78D878012C214638BF0121F6
:104FF800904294BFC1EB0001C1EB0201001BCAB291
:105008008242C8BF00225B6833F91200F0BD002A53
:105018003CD003EBC1035968002939D098789042F5
:1050280002D3B1F90200F1E7DC78B1F9000094424B
:10503800ECD95C788B88013CA3F1FF06734201F13F
:105048000405E4B2734101F10C07DEB2B44216D88C
:1050580005EBC3034FF47A756A43B3F902405B6802
:10506800D21A04EBD47302EB630292FBF4F290427F
:10507800CCDBB1F902009042C8DC10B2C6E737F8C1
:1050880033C05E1C9445E3D33346DEE70348BDE7EF
:105098000348BBE79CE103001C1700200CFEFFFF40
:1050A8000080FFFF08B50448FFF7FEFEBDE8084092
:1050B800012027F0C1B800BFA0E1030000487047F5
:1050C800EC2A00207FB50222084B0949CDE90123CB
:1050D8004FF00073CDE90313052301A94FF0FF300A
:1050E800059327F0D9F807B05DF804FB006A1800AB
:1050F800000204002DE9F0418CB08846DDE9127603
:105108001D460446002847D0002945D0002F43D02B
:10511800002E41D013F00F033ED120482049A36050
:10512800002A08BF0146E361C4E90013404609A903
:105138001DF097FC68BB204609991DF0D6FD29464D
:1051480020461DF0D2FD694640461DF038FD00BBE3
:10515800694620461DF0B5FD404603A91DF03AFDFD
:10516800B8B9204603A91DF0ACFD069701272046D3
:1051780045F0005506A9079708951DF0A2FD2046A1
:1051880009A909960A970B951DF0A5FD20461DF063
:1051980096FB0CB0BDE8F0812120FAE7000100047D
:1051A800000101042DE9F0418CB0884616461D46E1
:1051B8000446129F00284BD0002949D0002A47D026
:1051C800002F45D00B68103B102B41D8214A22FAFA
:1051D80003F3D9073CD500231F4A8360C0E90023A5
:1051E800C36109A940461DF03CFC70BB20460999E3
:1051F8001DF07BFD294620461DF077FD6946404697
:105208001DF0DDFC08BB694620461DF05AFD4046EE
:1052180003A91DF0DFFCC0B9204603A91DF051FD0C
:1052280006960126204606A945F0005507960895DA
:105238001DF047FD094B204609A909970A960B93CB
:105248001DF049FD20461DF03AFB0CB0BDE8F08189
:105258002120FAE7010101000000040410000020E9
:10526800F0B50C4617461E46054695B0002874D082
:10527800002972D0002A70D0002B6ED0036B0F2B40
:105288005BD80023364A3846C4E90023A360E361AB
:1052980011A91DF0E6FB00285BD1204611991DF0ED
:1052A80024FD296B20460F2984BF01F00F0110311E
:1052B8001DF01BFD384602A91DF081FC002848D1CD
:1052C800204602A91DF0FDFC384605A91DF082FC08
:1052D80000283ED1204605A91DF0F3FC0122214BF0
:1052E800089509920A932B6B05F1100003F00F0142
:1052F80041F000510B900F2B0C920D910E900F92D4
:1053080043F00052109226D90A9B08A923F00053B3
:1053180020460A931DF0D5FC0BA920461DF0D1FCB0
:105328000123119612930F4B204611A913931DF0D8
:10533800D2FC20461DF0C3FA0BE000F120030190D7
:1053480000930122102339462046FFF7D3FE002898
:1053580097D015B0F0BD0EA9DFE72120F9E700BF0F
:1053680000000404100000202DE9F04F9BB00C460B
:1053780090461F460546DDF89090002800F0B28060
:10538800002900F0AF80002A00F0AC80002B00F06C
:10539800A980026B02EB09031B09B3EB121F02F091
:1053A8000F0600F0978000234F4A8B60C1E9002365
:1053B800CB61404617A91DF054FB0346002840F076
:1053C800858006EB090B204617992BF00F0A1DF074
:1053D8008CFC514620461DF088FC404602A91DF071
:1053E800EEFB0346002871D1204602A91DF069FC96
:1053F800404605A91DF0EEFB0346002866D14FF094
:105408000108019005A920461DF05BFC374A20469B
:1054180008A90895CDF824800A921DF052FC46F0A0
:105428000051AAEB060605F1100346F000560B934F
:10543800CDF830800D910E97CDF83C8010960D99DF
:10544800204621F000510D910BA900931DF039FC65
:1054580020460EA91DF035FC019B244A1193AAF1A0
:10546800100343F00053CDF84880139305F120034F
:105478001493CDF854801692139B204643F0804332
:105488001393139B11A923F0005313931DF023FCCE
:10549800204614A91DF01FFC144A17A92046179589
:1054A800CDF8608019921DF016FC20461DF007FA11
:1054B800AAEB0B0149440190ABEB0A02009839446E
:1054C80027F0CDFB019B2A6B4A442A6318461BB080
:1054D800BDE8F08F10304A463946304427F0BFFB0C
:1054E8000023F0E72123F1E7030200041000002065
:1054F8002DE9FF474FF000080E4617460446CDF841
:105508000080002859D022B90025284604B0BDE8FB
:10551800F087002951D032F0030902F0030A1FD0A6
:105528004FF0E063C0E9003801230191C0F808801A
:105538000293C0F81C8049F0005301A903931DF0A1
:10554800CAFB494620461DF0D0FB20461DF0B7F99E
:10555800054628B14A464146304627F050FBD4E775
:10556800BAF1000FD0D04FF000084FF0E063C4E963
:1055780000380123CDF804D00293114B204601A92D
:10558800C4F80880C4F81C8003931DF0A4FB042110
:1055980020461DF0AAFB20461DF091F9054608B1EA
:1055A8003A46D8E7009A4E44EB00013522FA03F355
:1055B800AA4506F8013BF7D1A6E72125A5E700BFD4
:1055C80004000020F0B50F4616461D46044693B069
:1055D80010B9212013B0F0BD0029FAD0002AF8D064
:1055E800002BF6D0002331461A4638461DF0DEF966
:1055F8000028EFD1304602A91DF083F90028E9D12F
:1056080038683449029A88426B695ED19342E0D384
:105618002B68002BDDD14FF060623846C4E90023C7
:10562800A360E36101A91DF01CFA0028D2D10199F9
:10563800204621F4F06101911DF057FB6946284688
:105648001DF00FFA0028C5D1204600991DF04DFB2A
:10565800384609A91DF0B3FA0028BBD1204609A98C
:105668001DF02FFB38460CA91DF0B4FA0028B1D163
:1056780020460CA91DF025FBEB684BB1284606A96E
:105688001DF09DFA0028A5D1204606A91DF019FB9A
:10569800304603A91DF09EFA00289BD1204603A995
:1056A8001DF00FFB28460FA91DF094FA002891D190
:1056B80020460FA91DF00FFB032520461DF0FFF81B
:1056C800012887D1013DF8D184E7B3EB420F9FD27F
:1056D8007FE700BF200000B070B50E4615460446AF
:1056E8008AB000285CD000295AD0002A58D001235B
:1056F80029461A4630461DF059F900284ED1B3689C
:1057080013F4C04F4CD0AB6803F4C043B3F5005F4B
:1057180046D1254BA060C4E90030E06107A93046B6
:105728001DF09FF9002839D1204607991DF0DDFAB0
:10573800012302934FF00053204601A903931DF063
:10574800C0FA304604A91DF045FA38BB204604A922
:105758001DF0B7FAEB681BBBAB6803F4C043B3F5A5
:10576800005F1DD1694628461DF0EEF8B0B9009BD0
:105778006A699A4216D32A6943F0005307920122B4
:10578800204607A90892032509931DF0A4FA20468C
:105798001DF095F8012801D1013DF8D10AB070BD7E
:1057A8002120FBE71D20F9E7000001021FB5044690
:1057B80098B191B100230A4A8360C0E90023C3610C
:1057C800012301910293074B01A903931DF083FA6A
:1057D80020461DF074F804B010BD2120FBE700BF7F
:1057E800000008430400002006289ABF014B185CFB
:1057F800002070478CE2030030B5154B87B0029348
:10580800144B0390049346F611030D46059300F0DC
:1058180077F91428044616D168461DF01CFB4FF092
:10582800A843032202A95A6319601D619A63DA6BBF
:105838009207FCD1142C02D168461DF01AFB00F027
:105848008FF9044601E00028E9D0204607B030BDB2
:105858003C170020040000202DE9F04FB1B00546A8
:105868008C469E46E8466F4EDDF8EC90409C06F16B
:10587800100A474630687168083603C75645B84667
:10588800F7D13E9B03EB0208C8F1000A0AF00F0AA1
:10589800B9F1000F00F09D80C9F1000707F00F076C
:1058A8000121DDF8FCB044F00050C4F11006CDF839
:1058B80010B005910690300200F4F85040F0210035
:1058C8000790B9F1000F40F08680CDF820D047F05E
:1058D8000050002D00F08480099121210A9041EAAE
:1058E80007210B9142F00050CDF830C03D9B08A92C
:1058F8004FEA0A2C0D910E904CF041000F90109336
:10590800002A75D13E9B119143F0005312933C9BA2
:105918001390149310AB1593434B444A169340F6D7
:1059280011031793424B0021002D08BF134618930B
:1059380014AB19933F4B10221A9311231B931CABE2
:10594800184627F05CF901221D92002246F0804695
:1059580003461E96239205B9EB46102CCDF880B06D
:1059680024AE4BD1012322460021304621932294B4
:1059780027F045F920AB002125938F4218BF334605
:1059880047F0804226923A9A2CA828922993B2FA94
:1059980082F35B0949EA837310222B912A9327F03B
:1059A8002EF9B9F1000F00D028AED04448F080435A
:1059B8002CA918A82D962E93FFF71EFF30B92DB9E4
:1059C8000346A34225D1002818BF2C2031B0BDE8DA
:1059D800F08F102764E7CDF820E049F0005078E711
:1059E800002C3FF479AF04A9099101210A9076E7C8
:1059F8003E9B0CAA11924120129388E710220021A5
:105A080030462193229427F0FAF8002CB2D10123D2
:105A1800B1E703F1C0026A4412F8C02C0133104305
:105A2800CFE700BF93E2030010000020A8E20300C4
:105A3800ACE2030004000020F0B5C0299FB0DDE906
:105A4800244557D0B1F5807F04D0802948D029203B
:105A58001FB0F0BD01265CB140F234470294102417
:105A680003960494212401970594069502AC0AE054
:105A780040F21447029410240396049421240594B8
:105A88000124019706950794012510240894099587
:105A98000A9221220B950C940D92174A0AAD0E9288
:105AA800164A0F95109242F611021192129313950D
:105AB8001494159201AA1692D3B112AB179304232A
:105AC80018931123199316AB1A901B9340F61103E0
:105AD800C9081C911AA806A91D93FFF78DFEB7E700
:105AE800012614B94FF48267C4E74FF48667B5E717
:105AF8000EABE3E70F20ABE7A4E2030010000010B1
:105B0800144A38B5D2F8803243F00103C2F8803223
:105B1800114B5B68C3F3080343B14FF0A842D36B42
:105B280013F0430FFBD11424204638BD4FF0A8438F
:105B3800DC6B14F04304FBD1084D2B681BB904211E
:105B4800284603F073F82B68013343F000432B60B9
:105B5800EAE700BF0080005000ED00E03C1700209D
:105B6800014B00205B68704700ED00E0012300F066
:105B78001F02A0F506200949A0F55060400993408E
:105B880051F820201A4341F82020054951F82020D7
:105B980022EA030241F82020704700BF5417002072
:105BA800401700200121A0F506230E4AA3F55063F3
:105BB8005B0900F01F00814052F82300014342F8BE
:105BC80023100949D1E90030034488680344C868B0
:105BD800096903445B1802BFC2E90033C2E9023312
:105BE8001361704740170020541700202DE9F04F2B
:105BF800A9B003921D4604460822339ECDE904014C
:105C0800414021FA02F34B40980702F1080218BFFD
:105C18009B00202A1C44F4D18123B4FBF3F303EB4B
:105C2800C313E41A734B04F506241B7804F5506477
:105C3800002B3ED1FEF776F8074620B16FF09100B1
:105C480029B0BDE8F08F0146402208A826F0D7FF0A
:105C58004022394618A826F0D2FFDFF8B481DFF8D1
:105C6800B491C3460BF10F0ACDF800A0102208A981
:105C78005B46D9F8000026F08CF80022014608F1AE
:105C8800100808AF914246D1CDF800A05B4610221B
:105C9800D9F8000018A926F085F84FF0000A8346C5
:105CA80018AFD34541D1544B9845DAD10122514B15
:105CB8001A704FF0810A4FF00008DFF85CB1A4F5C4
:105CC8000627A7F550635B095BF8232004F01F0142
:105CD800CA40D2073DD4494A52F82330CB40DB07AB
:105CE8002AD5B8F1000F08BFA0468123A7F6FF47C1
:105CF800B7FBF3F303EBC313FF1A07F50624BAF156
:105D0800010A04F55064DAD1039BBBB1B8F1000F66
:105D180014D0444619E057F8040BCDE90612FFF7F2
:105D280025FF079A06990132ACE757F8040BFFF7ED
:105D380039FF0AF1010AB4E7039B13B96FF08B002E
:105D48007EE7B8F1000F18BF4446349B00201C6062
:105D580076E7329B13B10023329A13600EB1002309
:105D680033601023DFF8AC9000932A4600232146C5
:105D7800D9F8000013F04EFE60BB32992A68204B18
:105D8800C9B99A4206D02146D9F8000013F0DAFEC4
:105D98000028D3D1D5E90223DDE90410834208BFE6
:105DA8008A42A2D1039B002BCFD06B68012BCCD1A8
:105DB8006FF0840044E7102032999A420860E2D1DB
:105DC800002EE7D033462146D9F8000018AA13F070
:105DD80075FE48B10B4B9842D5D00B4B9842D2D0A8
:105DE8000A4B9842D6D029E7329A336812689B1A30
:105DF8003360CFE7322600200071080040170020EA
:105E0800105D175EFFDF00F011E000F0FEDF00F02C
:105E1800006D080020290020541700202DE9F04FBC
:105E280087B08246894698461646DDF840B02AB1C2
:105E3800002B4FD040F26C739A424ED8BBF1010F41
:105E48004ED8002406F110073946012005941DF0AC
:105E58004AFE0546002846D021463A4626F0CFFE9F
:105E680005ABCDE9014300942B4601225046494633
:105E7800FFF7BCFE044680B110F18C0F08BF6FF02D
:105E88008D043A460021284626F0B9FE28461DF022
:105E98000CFE204607B0BDE8F08F144BC5E902A9F7
:105EA8002B60C5F804B02EB13246414605F110000A
:105EB80026F0D5FE059E0E483B462A463146006828
:105EC80013F010FD18B93046FFF750FED9E76FF010
:105ED8009104D6E76FF08604DBE76FF09104D8E70A
:105EE8006FF08504D5E76FF08C04D2E7105D175E7C
:105EF800202900202DE9F0438DB08146DDE9147892
:105F08000E4615461C469BB1B8F1000F05D16FF03F
:105F1800860630460DB0BDE8F083002FF7D0B7F104
:105F2800005FF4D3C3F1005303F5C0339F42EED8AA
:105F38001022002108A826F062FE002207AB029377
:105F480005AB019306AB31460093484608ABCDE953
:105F58000522FFF74BFE06460028DAD1059BA4B1BF
:105F6800AB4215D853EA0504D1D1069B0B48C8F8B3
:105F7800004000943A46079900682B4413F04AFD04
:105F8800002818BF6FF09106C3E7AB42EDD2BEE719
:105F98005B1B9C4228BF1C46E7E700BF2029002066
:105FA80030B58DB00C4605461022002108A826F011
:105FB80026FE002207AB029305AB019306AB2146F0
:105FC8000093284608ABCDE90522FFF70FFE0446EB
:105FD800D8B9099B012B1BD0079D104B294618687F
:105FE80013F0B0FDB8B90122A5F506230C49A3F5B5
:105FF80050635B0905F01F00824051F823004240BE
:10600800284641F82320FFF7CDFD20460DB030BDCE
:106018006FF08404F9E76FF09104F6E72029002077
:10602800541700202DE9F04F93B00446DDE91E75A2
:10603800DDE920689346DDE91C028A46DDF8889090
:1060480029B96FF08604204613B0BDE8F08FBBF184
:10605800000FF6D00FB9002DF3D108B9002AF0D1FE
:1060680016B9B8F1000FECD1B9F1000FE9D02C4AFC
:10607800934251D12388B3F5105F4DD120220021DE
:1060880002A826F0BCFD202200210AA826F0B7FDB0
:1060980002A81CF027FC10B16FF09204D3E7204649
:1060A8005A4651460AAB1CF046FF04460028CAD19E
:1060B8000A981CF034FF04460028C4D115B9C9F861
:1060C8000050C0E7B74224D27B199E4221D24545F1
:1060D800B7D839462A46304626F077FD374615F0B8
:1060E8000F0AAED1CDE900762B4652460AA902A87E
:1060F800FFF700F807460028E1D0424651463046EF
:1061080026F07DFD012FC9F800A0C5D16FF08B04E2
:1061180099E74545E3D994E76FF0850493E700BF15
:10612800004440042DE9F04FB3B00C460546002169
:10613800164602A8202298463C9FDDF8009126F0DA
:106148005EFD202200210AA826F059FD2022002108
:1061580012A826F054FD202200211AA826F04FFD8F
:1061680000213C2223A8229126F049FD34B12EB10A
:1061780027B13E9B13B1B9F1000F05D16FF086042A
:10618800204633B0BDE8F08FB4F800B0B4F802A0F0
:106198000BF4E043B3F5804FF0D0384B384A2B402E
:1061A80043F01063934202D06FF08504E8E70AF1E8
:1061B8000703B8EBD30F4FEAD305DFD33F9B9D42CC
:1061C80058D81AA81CF08EFB10B16FF09204D7E7CC
:1061D800002301A91AA80193FFF7E8FA0028F4D1CF
:1061E800019B284A23F07F4393420193DCD947F26D
:1061F80012139B45D8D1BAF5807FD5D1224B0137F0
:106208000A933D9B0D90023323F003030F93402321
:1062180017936B000E97159013932046424631460C
:1062280022AF02AB16971CF086FE04460028A7D1C1
:106238000C9B129043F400531AA80C931CF052FBC9
:106248000028C2D112AB0AAA02A91AA8FFF7BAF904
:10625800064610B1482891D1A6E72A4639463E9805
:1062680026F0FDFC3346BB550136402EFBD1C9F85C
:10627800005085E76FF0890482E700BF0000FFF651
:10628800000002090102010020000080F8B5134651
:1062980042880C460732072A4FEAD20101D0A142B0
:1062A8004DD146680588C76820221846002126F087
:1062B800A6FC360A0346002E44D1002C3FD041F2FA
:1062C8000102954205D0B5F5885F02D0B5F5905F1B
:1062D80002D15C60002011E0B5F5105F07D1182CE1
:1062E80003D0202C01D0102C29D11C60F1E705F433
:1062F8004F42B2F5824F02D06FF08500F8BDEAB286
:10630800122AF9D1202CF7D1104A25F0FF05B5F54E
:10631800E24F02600CD0B5F5824F10D14FF4005215
:1063280017F4705F09D017F4864F04D09A60E3E73A
:106338004FF48042F4E742F480629A60CAE76FF053
:106348008600DBE76FF08B00D8E700BF20000080F5
:106358002DE9F04F9A460388144603F44F42B3B030
:10636800B2F5824F0F46DDF8F89002D06FF0850045
:1063780056E011B96FF0860052E0002CFAD0B9F15E
:10638800000FF7D0DAB2122AF0D123F0FF03B3F5E9
:10639800E24F34D14388C9F800305BBBE300C9F849
:1063A8000030B3F5807FE1D10023184655493D19E7
:1063B800214411F8016D15F8012D1043921B0CBFF3
:1063C8004FF0FF360026AF4203EA060343EA020312
:1063D800EFD10028CED0002BCCDA3C9B9C4200F2B7
:1063E8008E8022463946504626F039FC3D9B0020D7
:1063F8001C6015E0DA1DB4EBD20FD2D0BAE7B3F5C2
:10640800824F79D10B78042BB4D12022002101A826
:1064180026F0F5FB01A81CF065FA20B16FF0920098
:1064280033B0BDE8F08F0090694601A8FFF7BEF9C8
:106438000028F3D1009B344A23F07F43934295D937
:106448004FF000083E22414622A8CDF8848026F06D
:10645800D6FB01234FF0420B2022414609A88DF8B4
:106468008430651E26F0CBFB7B1C2022414611A8F8
:106478000D9321AE0E9526F0C2FB2022414619A8A5
:106488001596CDF858B026F0BAFBEA005208B2F5D6
:10649800807FCDE91D6BC9F800200BD003D8E02A16
:1064A8003FF464AF66E7B2F5C07F3FF45FAFB2F583
:1064B800047FF5E7154B09AA099311934FF400538C
:1064C8000B934FF480431393402311A91A9301A807
:1064D80019ABFFF777F8D9F800300733DB085A0013
:1064E80033B1531E013B86F8008006F10106F9D24C
:1064F80000283FF472AF3DE76FF0960090E76FF029
:1065080089008DE7B0E2030001020100200000804D
:106518002DE9F04F8FB0DDF8608081460C46924639
:106528009B461A9FB8F1000F05D16FF086042046EC
:106538000FB0BDE8F08F002FF7D00028F5D020224B
:10654800002106A826F05BFB06A81CF0CBF910B1C9
:106558006FF09204EBE714F47C1FC4F305452AD0CE
:10656800102DE2D8199B9D4233D81D4B24F47E147C
:106578009C4231D1002302AECDE90233CDE9043388
:1065880052465B464946009606A8FEF70BFE0446AF
:1065980098B92A463146404626F061FB23463355D2
:1065A8000134102CFBD100243D6006A81CF0A4F98E
:1065B8000028BCD0CCE71025D4E7212806D0012834
:1065C80014BF6FF092046FF08B04EEE76FF086044F
:1065D800EBE76FF08904AAE76FF08504A7E700BF2F
:1065E8000002C00370B50E461446054610B96FF098
:1065F800860070BD0029FAD03822002126F0FFFA63
:10660800094B24F47E129A420AD13388B3F5105FFD
:1066180006D1C4F30543102BE9D800202C60E8E725
:106628006FF08500E5E700BF0002C003F0B50F4634
:1066380016461D4604468BB088B302B97BBB2022A0
:10664800002102A826F0DBFA02A81CF04BF920B1C1
:106658006FF0920420460BB0F0BD2368114A23F472
:106668007E13934215D135B9002402A81CF044F9D1
:106678000028EFD0ECE733463A46009502A9201DE2
:10668800FEF772FE012807D00028EDD06FF09204C3
:10669800EBE76FF08804E8E76FF08B04E5E76FF04D
:1066A8008604D7E70002C0032DE9F0418CB0884684
:1066B80016461D460446129F002840D0002A3ED0A8
:1066C800002B3CD0002F3AD0102B036828BF102590
:1066D80013F47C1FC3F3054202D0954228BF154628
:1066E8001A4A23F47E1393422CD12022002104A8B5
:1066F80026F085FA002304A8CDE90033CDE902335A
:106708001CF0F0F840B96B46424604A9201DFEF77C
:10671800A7FD30B100233B606FF092000CB0BDE8DC
:10672800F08104A81CF0E8F804460028F2D12A46B3
:106738006946304626F093FA20463D60EEE76FF052
:106748008600EBE76FF08800E8E700BF0002C003AF
:106758000023C36001F13803036120230A68436101
:106768008B6D0B4922F47E128A42436003D001F5F7
:1067780080718A4208D1102B01D0182B02D10360F6
:1067880000207047202BFAD06FF08800704700BFB8
:106798000001C00330B58BB06D46604C0FCC0FC5FF
:1067A80054F8043B68462B604FF07E6393F89C30A6
:1067B8006D46FF2B08BF25238DF80130FDF7DAFF62
:1067C8003220FEF70FF80FCC0FC50FCC0FC594E899
:1067D800030085E80300524BD3F84C21110340F124
:1067E8008380A3F5FE431C884FF6FF739C4208BFC5
:1067F80081248DF81940FDF78BFF044484F30804C5
:1068080048488DF81840FCF711FF6846FDF7B4FEBC
:106818003220FDF7EDFF444C4448FDF75DFE444847
:10682800FDF7ECFF1BF0C0FF236F002023F00703E8
:1068380043F002032367236F23F4505343F4806328
:1068480023671BF0B8FF3B4BD3F8FC20D2014FD491
:10685800D4F8803023F0030343F00203C4F88030F7
:10686800314BD3F8202122F0070242F00102C3F88D
:106878002021D3F8802122F0030242F00102C3F85C
:106888008021D3F8402122F0030242F00202C3F82B
:106898004021D3F8602122F0030242F00202C3F83B
:1068A8006021D3F8402222F0030242F00202C3F82A
:1068B8004022D3F8002222F0070242F00202C3F875
:1068C8000022D3F8082222F0070242F00202C3F89D
:1068D8000822FDF7E1FD4FF0E0220020136963F084
:1068E800040313610BB030BDD3F85041E4B280E724
:1068F800D3F8FC2022F08072C3F8FC20D4F8802062
:1069080022F0030242F00202C4F88020D3F8FC20EF
:1069180042F08072C3F8FC20A2E700BFD0E2030077
:106928000080E00F00F049020080005000B4C40469
:10693800C0EA210100ED00E06FF00403502110B51A
:106948000A480B4C13F0800F03F1010206D12344CF
:106958003D2A83F800131346F4D110BD03F00F034A
:10696800043B034419761346ECE700BF00ED00E052
:1069780000E100E0BFF34F8F0549064BCA6802F4F7
:10698800E0621343CB60BFF34F8F00BFFDE700BF4A
:1069980000ED00E00400FA0500280CDB012206499E
:1069A800430900F01F008240203341F82320BFF341
:1069B8004F8FBFF36F8F704700E100E0002807DBBF
:1069C80001234109034A00F01F00834042F82130A7
:1069D800704700BF00E100E0002808DB01224309FE
:1069E800034900F01F008240603341F823207047BC
:1069F80000E100E00028ACBF00F16040064B4FEA20
:106A08000111C9B2ABBF00F5614000F00F0080F87A
:106A180000131954704700BF14ED00E010B5044688
:106A28001BF039FE024B1C601BF039FE002010BD24
:106A38006817002010B51BF02EFE034B1C681BF0D6
:106A48002EFE204610BD00BF68170020034B02220F
:106A580018680023806819461AF084BA282A00208A
:106A680030B51446054687B010461CF03AFE6369F7
:106A7800024683423CBFD4E903315B181B1A7BB141
:106A88000F49049403910021CDE9013101230093BA
:106A98002846D4E900131BF02CFE002007B030BDB7
:106AA8000122627694F82D20002AF6D084F8353039
:106AB8001321E369204698472046636A9847ECE724
:106AC800696A01002DE9F04788B004460F4616466A
:106AD80098461BF0E7FD8146002E7AD0237E03F00E
:106AE800FF02002B00F0A28020461CF0FAFD656929
:106AF800A84205D1637ED4E9033213445D1B01E04B
:106B0800F9D9451BB54228BF35461BF0CBFD94F893
:106B18002D308246002B6DD12A463846616926F011
:106B28009EF863692E462B44636121E0037803F0E5
:106B3800FD0111295BD1216B814205D1A3F111011E
:106B48004B424B4184F83430013E6369216B01327A
:106B58008B4203F1010308BF2363636195426069B7
:106B6800E4D1D4E90323216B1344994200D1226371
:106B78000025D4E9032361691344994208BF62617F
:106B8800207A6576FCF7EAFF20461CF0AAFD6369C7
:106B9800834232D1257694F82D30E568656103B1DA
:106BA80025632046636A9847214B04940393002386
:106BB800029323692A46019301230093636821689D
:106BC800207A1BF096FD207AFCF7E8FF50461BF070
:106BD8006FFD4846C8F800601BF06AFDD8F8003021
:106BE800002B0CBF1B20002008B0BDE8F08707F879
:106BF800013BAAE72E460022B0E70123207A23763C
:106C08000DF11E01FDF732F89DF81E30002BDAD089
:106C18000DF11F01207AFDF701F89DF81F100029DA
:106C2800D1D12246207AFFF71BFFCCE71646D0E7E2
:106C3800696A01002DE9F0410C461546064686B002
:106C48004022002120461F4625F0D9FF95E8030081
:106C580000232A692376EB6884E80300C4E9042347
:106C68002A7DE36084F82C20AA7D2363012384F81D
:106C7800343084F835300C9B84F82D2023620D9B2A
:106C8800E76163620E9BA3622B7A84F836306B7AD5
:106C980084F837302D4B346073602D4BB3602D4B27
:106CA80033612D4B73612D4BF360FCF723FF38B133
:106CB8002B4B984204D01024204606B0BDE8F08142
:106CC800002104F10800FCF79DFE07460028F2D1D8
:106CD8004FF00108234B3362234B84F83C80B361A7
:106CE800224BF3619DF8403084F8390084F83B303A
:106CF8009DF83C30204684F83A30697D84F8388025
:106D08001CF02CFD95F90900FFF766FE95F90900BE
:106D1800FFF754FE164B0494CDE902732369CDE9BD
:106D280000836368E2682168207A1BF0E2FC04466D
:106D38000028C0D195F90800FFF74EFE95F9080024
:106D4800FFF73CFE3046FFF769FEB5E7B5370300AD
:106D5800CD6A0100D9360300DF3603000B37030084
:106D6800038000F0B336030065370300E5360300FF
:106D7800696A01002DE9F0414FF001081C46574BA4
:106D880086B00293564B0C9D0193564B17460093C1
:106D98000A46CDE903882946534BFFF74BFF0646C1
:106DA800002840F09280236804222B64237985F818
:106DB8004430A17985F84610607985F84500237A32
:106DC80085F84830E37985F84730A37A85F84A3062
:106DD800637A85F84930237B85F84C30E37A85F867
:106DE8004B304346FDF7B6FD43460222217AE0794F
:106DF800FDF7B0FD3E7039462068FDF7D7FF142136
:106E0800A27B3A4B03EB4210C0F8AC1594F806C0CD
:106E180061792E3203EB421341EA0C415960227A20
:106E2800E37943EA0243C0F8BC3585F84D607B7EC0
:106E3800032B50D8DFE803F03A4D021D022385F8F2
:106E48004D3000230422217BE07AFDF783FD41F2D7
:106E5800AC520221A37B5B0103F1A04303F570331D
:106E68009950217BE27A42EA014241F2B8515A50E4
:106E78001CE0012785F84D3002220023A17A607AB0
:106E8800FDF768FDA17A627AA37B42EA014241F2EA
:106E9800B4515B0103F1A04303F570335A50042247
:106EA800236803F58053DA65002FCAD163792A6C09
:106EB80085F84530A379052185F84630D36C2068DC
:106EC80043F00403D3641BF09FFC304606B0BDE8D2
:106ED800F0810027CEE72326F7E700BFE338030059
:106EE800D7380300673903005B39030000C003503B
:106EF80073B50024684600F0F1FA0C4B00981C604A
:106F08000B4B0C4D1C600C4E0C4B306018602C6009
:106F18001CF007FE2046019B3268013BDB085380CA
:106F28002B6801332B6002B070BD00BF70170020C2
:106F38006C170020741700207C1700207817002099
:106F48002DE9F04F0027924687B04A1C0E4614BF21
:106F58000C46082499460597002B00F0B0801F6066
:106F6800002800F0AE80073020F007051BF09AFBE0
:106F780005AB31460290009352463B46284600F046
:106F8800B7FA059E804606B130B902981BF090FB0F
:106F9800192007B0BDE8F08FDFF83CB17788DBF83F
:106FA8000010FB00C0EBC7070139272FCBF80010F2
:106FB8006CD9BAF1000F48D1854205F1080740D0D5
:106FC800214630461CF02BFD04460590059B1F44C6
:106FD80038461CF0A6FD059905F10F034A88C3F34E
:106FE800CF03D21A7A80CA88BB8062B3D31A9BB205
:106FF80001EBC202FB8093808B88ED08A380BB88DD
:107008000022314638466580E38000F0E9FA2378AB
:1070180043F001032370DBF800300133CBF8003074
:107028002B4A02981368083443441360294A1168AC
:107038008B4288BF13601BF03BFB0020C9F800405F
:10704800A7E73446C2E7FA80D6E7F4192046039347
:107058001CF067FD08F10702D20805996280FA1D45
:10706800D208A280CA887AB1D200039BD01DC31A65
:107078004344C3F3CF030A44E3809380A388013FCA
:10708800FF084F80CB80C2E7E280F7E7BAF1010F33
:1070980019D106F10803B3FBF4F204FB1233A3B1D0
:1070A800214630461CF0BBFC04462378012243F0FD
:1070B800010331462046237000F092FAB0E72220FF
:1070C80067E7212065E78542EAD13446EDE700BF4E
:1070D800701700206C170020741700202DE9F34763
:1070E8000446684600F0FAF9002C00F0C2801BF054
:1070F800D9FA14F8085CEB0704D534F806ECBEF1AD
:10710800000F05D11BF0D4FA012002B0BDE8F087CA
:10711800DFF870C134F8041CDCF800800EF10102BD
:1071280008F10103A4F1080692B2CCF80030002956
:1071380038D0A6EBC10393F800A0B3F806901AF074
:10714800010F5F8805F0020520D105BBA9EB0701F7
:10715800012927D80EF102021744BAB2CCF80080F0
:1071680034F8025C05BB14F8085C511E6FF3000587
:1071780004F8085C002589B224F8065C598019785F
:1071880065F3000119700021D98031E055B111442F
:107198008AB214F8081C6FF3410104F8081C002196
:1071A8009980DDE73346DBE706EBC508DDE90071CA
:1071B8000F44B845D7D216F83560414616F0010697
:1071C8002ED014F8086C551E6FF3000604F8086CEE
:1071D800002624F8066C1C78ADB266F300045D80C6
:1071E8001C70C3F107040C44C4F3CF04DC808C800A
:1071F800214C216819B1994201D8498801B9236005
:107208001E4C216819B1994201D3498801B92360FC
:107218001B490B689B1A0B601BF04AFA002074E7A5
:10722800A5EB0E05012DCCD8B8F80250A8F80260DD
:1072380001352A44B8F8065092B2C5B108EBC50129
:10724800DCF80050013DCCF8005014F8085C6FF3EE
:10725800000504F8085C002524F8065C541E5C80D0
:107268001C7865F300041C700029BAD18BE7294605
:10727800E6E7222049E700BF7C17002078170020A6
:1072880070170020741700202DE9F84F04460D46AA
:107298009146002A00F017810023136040B90029A5
:1072A80000F0138101462846BDE8F84F1CF0F7BBF3
:1072B80019B9BDE8F84FFFF711BF1BF0F3F934F81F
:1072C800063C07354FEAC30825F00705A8450746D9
:1072D800A4F1080080F0848034F8022C002A65D0DC
:1072E80000EBC20A10F83220D2075FD4BAF80210B5
:1072F800A8EB050616EBC10658D41F2E3DDDC5F3D5
:10730800CF0304EB050B24F8063C013324F8023CB8
:1073180058461CF006FC34F8023CC6F3CF06ABF81E
:107328000430BAF80630ABF802601BB3BAF8022092
:107338009A1A1644B6B20AEBC303ABF806609E80ED
:1073480000225146584600F04BF950461CF0E9FB24
:10735800C9F800405E4A13682B44A3EB0803136086
:107368005C4A11688B4200D9136038461BF0A0F9BB
:10737800002625E0ABF80630E2E7574E0B443268AA
:107388009BB2013A32605A1C24F8062CBAF806203F
:107398004AB102339BB20AEBC20224F8023C938042
:1073A80001225146CFE724F8022CF9E74A4600218A
:1073B80028461CF074FB064628B138461BF078F9BD
:1073C8003046BDE8F88F42462146D9F8000025F03E
:1073D80046FC2046FFF782FE06460028BAD0ECE7B6
:1073E8006ED934F8023CA8EB050B002B38D000EB23
:1073F800C30610F83330DB0733D4C5F3CF0304EBEF
:10740800050A24F8063C013324F8023C50461CF0D7
:1074180088FB738834F8022C03EBDB03AAF80420FA
:10742800F2889BB2AAF80230BAB101339BB206EBDC
:10743800C202AAF80630938050460022314600F076
:10744800CFF830461CF06DFB214BC9F800401A6894
:107458001544A5EB08051D6087E7AAF80620EBE7A9
:107468001E46BBF1270FEFD9C5F3CF0304EB050A7E
:1074780024F8063C013324F8023C50461CF051FB2A
:1074880034F8022CCBF3CF03AAF80230AAF8042070
:1074980096B1F28882B101339BB206EBC206AAF814
:1074A8000630B3800C4A002113685046013313603C
:1074B800012200F095F8C7E70023AAF80630F1E7A3
:1074C800C9F8004051E722267AE7212678E700BF6D
:1074D800701700206C170020741700200249034A17
:1074E8000160521A42607047282B0020008001205A
:1074F800F0B506460020059F4C1C08BF08213860DF
:10750800BAB91F480568002D38D0B5F802E0DB008D
:1075180003EBCE0EC1F1000C2878C0070BD52ABBAF
:10752800E888B0B105EBC005B5F802E003EBCE0E74
:10753800F2E71448E6E7B645F1D35AB905F108046D
:10754800B4FBF1F001FB1044A0190CB17045E7D869
:107558003D60F0BD08290FD06C88013405EBC404E8
:10756800A01B00EA0C00201A8645F1D2A888002842
:10757800EFD0A5EBC005D7E73046E9E72846E8E7AE
:107588007C17002078170020134B13B51B6804469E
:107598000846FBB121B96846FFF7A0FF6CB900980F
:1075A8000378D90707D55CB9C3889BB100EBC30042
:1075B8000378DA07F8D402B010BD084B1868EFE773
:1075C800012C07D183882BB1A0EBC3000378DB071C
:1075D800F8D4F0E70020EEE77417002078170020B1
:1075E800F8B5124F05460C463B68114EB2B19942A8
:1075F80009D041B13368994204D129460120FFF7E7
:10760800C3FF3060F8BD29460020FFF7BDFF33688F
:107618003860A342F1D0002CEFD0F3E799423368E9
:1076280008BF38608B4208BF3060EBE77C1700204A
:1076380078170020BFF35F8F074B5A6A22F4803215
:107648005A62D3F8942022F00102C3F89420BFF3C1
:107658004F8FBFF36F8F704700ED00E038B5FFF72D
:10766800E9FF284A2848D2F8C030284D23F0FF0304
:1076780043F0A003C2F8C030254B04689D4204F1D2
:1076880001011ED1234BC2F89840C2F89C3003F583
:10769800BF3303F5FF73C2F8A0300160BFF35F8FFB
:1076A8000522184BC3F894205A6A42F480325A6271
:1076B800BFF34F8FBFF36F8FBFF34F8FBFF36F8F42
:1076C80038BD23F01F03203BB3F1005F09D3C2F894
:1076D8009840104C43F00103C2F89C40C2F8A03017
:1076E80001600D4B0168074A23F01F0343F00303B1
:1076F800C2F89810C2F89C30084B0131C2F8A0308B
:10770800CBE700BF00ED00E080170020E028002054
:107718004027002003000020FF280020E17F0120EF
:107728002DE9F0410D461146DFF8E080D8F8004019
:10773800B4F5807F34BF00271A27FFF77BFF1F2986
:107748002ED90021C2061CBF20F01F0020302E4E6B
:10775800EB0618BF25F01F05CBB29C4235D8D6F8EA
:10776800C03020F01F0023F47F4343F48073C6F831
:10777800C03040F003041AF095FFD8F8003025F027
:107788001F0141F00301C6F89830C6F89C40C6F8BE
:10779800A0101AF08DFFD8F800300133C8F8003077
:1077A800BFF35F8F0522184BC3F894205A6A42F43E
:1077B80080325A62BFF34F8FBFF36F8FBFF34F8F83
:1077C800BFF36F8F3846BDE8F081C6F89830D6F819
:1077D8009C30D6F8A02023F01F03984222F01F0205
:1077E80001D195420BD0904201D89D4209D2D6F8DA
:1077F8009830013123F0FF03C6F89830ACE7002732
:10780800CEE72827CCE700BF00ED00E08017002076
:10781800BFF34F8F0549064BCA6802F4E062134371
:10782800CB60BFF34F8F00BFFDE700BF00ED00E066
:107838000400FA05054B1A782AB95B78002B0CBFAF
:107848000320022070470120704700BF3C2600201B
:107858000329F8B598BF124B05460E468CBF002485
:107868005C5C032805D8DFE800F002080B0E44F042
:1078780002040C4B1F684FB9F8BD44F00804F8E740
:1078880044F02004F5E744F08004F2E77B681A68C6
:10789800144203D0314628465B6898473F68EAE7B8
:1078A80020E30300B017002038B5104D2B78ABB19A
:1078B8000F4C23781BB100F037FB00232370002006
:1078C8001CF045F90B4C50B100F080FB002301215E
:1078D80020782B70FFF7BCFF0123237038BD0122ED
:1078E800054B1A702278054B1A70F7E738260020E6
:1078F800362600203E260020392600203A26002081
:1079080010B51AF0C8FE064B04461B781BB1BDE83B
:1079180010401AF0C4BEFFF7C7FF2046F7E700BFC4
:1079280035260020094A137830B101331370084B0B
:107938001B78012B03D87047013B13707047054B28
:107948001B780BB9FFF7B0BF704700BF3C2600207B
:107958003E2600203926002070B51AF09CFE174EEE
:10796800054617481BF0A4FD3378D3B900F05EFC38
:10797800044620B128461AF092FE204670BD1148F0
:107988001AF099FE00F01EFF0F4B1C6000F036FD48
:107998000E4B0F4A1860536F43F0010353671CF0F6
:1079A800DDF800F0C5F91CF0D4F80A4B0024186083
:1079B8000123284633701AF072FEDEE73F260020C6
:1079C8001CE30300B017002084170020AC17002028
:1079D80000400050881700202DE9F843284A013854
:1079E800135C39B1274F013339781354012904D86E
:1079F800BDE8F883013B1354FAE7FFF71BFF0128A2
:107A0800044635D81AF047FEDFF88480054698F812
:107A1800003013B31C4E33781BB9012232701B4A55
:107A28001370DFF8709099F8003023B100F07CFAF9
:107A3800002389F8003028461AF031FE01201CF096
:107A480086F81AF028FE337805461BB100F0BEFA16
:107A580000233370002388F8003028461AF01FFEF0
:107A680038788442C4D02146FFF7F2FE3C70BFE765
:107A78000329F5D10228F3D11CF06FF8F0E700BF15
:107A88003C2600203E2600203526002039260020EE
:107A9800382600203626002038B51AF0FCFD094BA0
:107AA80005461B78012B04D81AF0F9FD002420465E
:107AB80038BD054B1C6800F0C7FA044428461AF084
:107AC800EEFDF4E73E2600208417002038B541601B
:107AD80004461AF0E0FD0546214604481AF0EEFD7A
:107AE8002846BDE838401AF0DABD00BFB0170020BC
:107AF800054B1B685843054B00F5742000F23F20E6
:107B0800B0FBF3F0704700BFAC17002040420F00F5
:107B18002DE9FF47EFF3108772B6AFF300801AF034
:107B2800FFFC002871D06D4EDFF8D481337823B183
:107B38000020FFF7F7FE00233370FFF77BFE0446B3
:107B4800002869D0841EE4B2012C6CD9FFF772FEBC
:107B580001280546624CDFF8AC9100F28E8020784F
:107B6800A84205D099F80030002B00F0A5802570B8
:107B7800207800F053FA99F8003013B1594B1B786C
:107B88002370AFF3008007B962B6EFF3108772B6BF
:107B9800554B1A7852B100221A70524B20781B7834
:107BA800984203D101212170FFF752FE4F4800F09F
:107BB80077FB1AF0C4FC05460028B7D1DFF84881E6
:107BC80098F80030A3B189F80000DFF8309199F8EF
:107BD80000301BB100F0A8F989F8005000201BF014
:107BE800B6FF002870D000F0F1F9002388F80030C3
:107BF800337823B10020FFF795FE0023337000216E
:107C08002078FFF725FE00232370AFF3008007B923
:107C180062B604B0BDE8F0873378002B96D0FFF742
:107C280081FE347092E7002003A900F087FB044628
:107C380000288BD1D8F80030039A9A4205D8012041
:107C4800FFF770FE0123337080E7294B1D6800F0B1
:107C5800FBF9039B05449D42F1D200F00DFA820026
:107C6800039942F0020292B2CDE900422346214A2A
:107C7800491B1E481BF07DFF68E7DFF88CA09AF8C7
:107C880000300BB900F0E2F82078854203D099F86B
:107C98000030ABB125709AF80030002B7FF468AF44
:107CA800154B1B7823B900F039F90122134B1A70D0
:107CB80001238AF800305BE72946FFF7C9FD56E73C
:107CC8002946FFF7C5FDE5E7012000F0A7F907B948
:107CD80062B6EFF3108772B680E700BF3726002040
:107CE8003E2600203A260020332600208C1700204C
:107CF80084170020097901003B2600203626002041
:107D080088170020392600203826002010B51AF0E0
:107D1800C2FC0022054B1C781A701AF0C0FC00F057
:107D28008FFCE4B22043C0B210BD00BF342600204F
:107D38003B4A3C49136F70B503F007030B60D2F858
:107D48000011394801F0030101603849384D89694B
:107D5800032BC1F34001297059D0D2F8203103F028
:107D68000703981E43424341D2F88022314C02F067
:107D7800010213434FF4C8702370FFF7B9FE0022C5
:107D88002D4B2E4918602E4E0B680132D2B20A2AAA
:107D980046F8040BF9D1034400EBC00003440B6020
:107DA8002B78284D63B323781D4A3BB9D2F80031AC
:107DB80003F00303591E4B424B412370D2F80031A4
:107DC80003F00303022B24D0032B25D0012B17D15A
:107DD800FBF726FC024698B1144B1B4EDC680023C7
:107DE8001946C4F30B04013404EB84040138E4FBA2
:107DF800060118F0E9FDFFF77BFE2B6803442B60B2
:107E08001F20FFF775FE2B6803442B6070BD01230C
:107E1800AAE7FBF763FCDDE71AF035FCDAE700BFF9
:107E280000800050EC170020F017002000C001501F
:107E38004326002044260020B4170020B81700204D
:107E4800BC170020E817002040420F00044B054AE9
:107E5800D3F8203103F0070313601AF0BBBC00BF4E
:107E680000800050F417002008B50D4B1A7892B125
:107E780000221A700B4A136F23F0070343F0010323
:107E88001367D2F8203123F0070343F00403C2F844
:107E98002031FBF7AFFB0122034B5A6708BD00BF37
:107EA800422600200080005000E000500122154BBF
:107EB80010B55A67144B154C1B7813B302201BF0EE
:107EC800FDFEF0B100F06AFAD8B1A36DD90302D56E
:107ED800E36D9A0715D40D4B9B6DDB0711D4012276
:107EE8000B4B1A701BF0C9FEBDE81040094B0A4A3B
:107EF8001860136F23F0070343F003031367FBF7BE
:107F080079BB10BD00D000504426002000C00050AE
:107F180041260020E4170020008000500122014B78
:107F28001A70704742260020F8B51F4B1B78002BAB
:107F380039D01E4C2378B3B91D4B9A6DD10302D5A5
:107F4800DA6D92072FD49B6DDB072CD41BF095FEBE
:107F5800184B194A1860136F23F0070343F0030303
:107F68001367FBF747FB1BF088FE124B134D1B688A
:107F7800134EC01A2B78134F56F8232046F82300C7
:107F8800111A3A681048521A0A213A600932B2FBAB
:107F9800F1F20133DBB20260B3FBF1F201FB123301
:107FA8002B7000232370F8BD4426002041260020B2
:107FB80000C00050E4170020008000504026002038
:107FC800BC170020B8170020B417002008B51AF015
:107FD80002FC0D4A0D49136F096823F007030B4390
:107FE80013670B49D2F82031096823F007030B43C4
:107FF800C2F82031074B1B7813B10122064B9A6255
:10800800BDE80840FBF7F6BA00800050EC170020E6
:10801800F41700204426002000E0005002280AD06F
:1080280003280BD001280CD1064A136923F0040356
:10803800136130BF70470020FCF746BC0020FCF7F6
:1080480063BC704700ED00E0054B187818B1054B8C
:10805800186800EBD000044B1B681844704700BF39
:1080680044260020B4170020E81700200122014B05
:108078001A70704744260020014B1878704700BFDB
:108088004426002038B51BF006FE0025084B094C95
:108098001A682368C31A2AB123B15169994203D3D4
:1080A800C91A5161206038BD55615B1A9268F2E7C0
:1080B80000180020FC170020C38870B504460D4640
:1080C8003BB9FFF7E9FC8542064602D21BF033FDB7
:1080D80035460E4965610B688BB90C60A3600DE0ED
:1080E800AD1A9A68184665616AB113465A69AA4278
:1080F800F6D930B18460521BA3605A6170BD00206C
:10810800F4E70C60F7E79C60A260F7E7001800202E
:1081180038B5134D2B685B6993B1124A0220146875
:108128001C441BF0BFFD204600F0D4FA00230E4982
:108138002A680B70D088800709D501230B7038BDD9
:1081480002201BF0AFFD022000F00EFBEEE7926864
:10815800002AF4D050690344012BEBD9EFE700BFA4
:1081680000180020FC1700204626002070B516468F
:108178009DF81420C0E903360271049ABDF818303E
:108188000260002204460D468260C380EEB91BF0EF
:1081980082FD2844A0619DB12E461AF07CFA05465E
:1081A800FFF770FF31462046FFF786FF104B1B682C
:1081B800A34201D1FFF7ACFF28461AF070FA02E09B
:1081C800E36865617BB9002070BD1BF064FD304435
:1081D800A061002DE0D1E3686561002BDDD0204669
:1081E80021689847D9E7204621689847EBE700BF00
:1081F8000018002000220C490B687BB183420AD189
:1082080083687AB1936083681BB15A6941690A44EB
:108218005A61002070471A469B68EEE70028EFD0A5
:10822800022070470B60EEE70018002070B51AF0C6
:1082380039FA144E05463478FCB9134B1C60134BBD
:108248001C60134B1C8000F007FA01201BF02AFD6C
:1082580000F0ACFA0F4B0246186020B928461AF015
:1082680027FA232070BD234640F2E7310A4818F068
:10827800ABFB0A4B18600123337028461AF018FA32
:108288000020EFE74726002000180020FC170020F8
:108298003C2500200418002018FCFFFFF8170020D8
:1082A80070B5044640B31AF0F6F9144E0546FFF7C8
:1082B800E9FE3068A04209D02046FFF79BFF04463C
:1082C800B0B128461AF0EBF9204670BDFFF792FFCF
:1082D80004460028F5D133683BB9022000F02CFA97
:1082E80028461AF0DCF90024EEE7FFF711FFF7E75C
:1082F8003368002BF4D1F0E72224E5E700180020CA
:1083080038B50C460546A8B1A1B100230B701AF088
:10831800C9F90121084B1B6833B91AF0C9F90020C3
:1083280038BD9D4204D121702278002AF9D0F4E7A3
:108338009B68F1E72220F3E700180020F8B506460D
:108348000F461AF0AFF900250446124B1B6823B9F3
:1083580020461AF0ADF91B2011E05A691544DA8855
:10836800B2420DD11BF097FC0B4E3368C01AA842DD
:108378000AD3002320463B601AF09AF90020F8BD82
:10838800FF2EEFD09B68E2E71BF085FC33682B4497
:108398001B1AEFE700180020FC17002008B5084B4F
:1083A8001B7803F0FF004BB11BF067FC054B1B6803
:1083B8009B69C01A02288CBF0020012008BD00BF9D
:1083C800462600200018002070B51AF06BF9064602
:1083D8001BF061FC084B04461D880120ADB21BF060
:1083E8006DFC18B11BF057FC0446013530461AF0F5
:1083F8005FF92046294670BD3C250020014B1868CE
:10840800704700BF04180020F8B50C4B05461B68E0
:108418000E4683420FD3002440F2E7302146084B32
:108428004FF47A721F680023E5FB070118F0CCFAB5
:1084380030602046F8BD2120FCE700BFF817002077
:1084480004180020F0B51F46002387B00C461646D6
:1084580005468DF8133050B30DF11301FFF750FFA7
:108468009DF813302BBB204605A9FFF7CDFFE0B9D7
:10847800114BE8831B6828465C434FF47A73B4FBBE
:10848800F3F203FB1244191B89B2994208BF002179
:10849800BDF83430A983059A02939DF8303011460F
:1084A800CDE900733346FFF761FE07B0F0BD222027
:1084B800FBE70220F9E700BF04180020014B186809
:1084C800704700BFF81700200F4B10B51A689AB113
:1084D8004FF47A71531E1342A0FB01010ED1B2FA78
:1084E80082F2C2F11F04531CD243E04001FA03F3A5
:1084F800184321FA02F20243104610BD002318F077
:1085080063FA0246F8E700BF04180020C2072DE905
:10851800F04704460BD5474A138801339BB21380B2
:10852800FFF7B0FD444B1B680BB1FFF7F1FDA30744
:108538007ED51AF0B7F84FF0000905464E46FFF70A
:10854800A1FDC8463C4F3C680CB163698BB1002261
:108558003A4B012E1A7003D119F0020F18BF1E7082
:10856800002C61D0FFF7D4FD2846BDE8F0471AF08B
:108578009FB823465A693AB91A792179914288BF36
:108588001C469B68002BF5D128461AF091F82569FE
:10859800DDB11BF080FBA269A0EB02094FEAE97389
:1085A8004D4578EB030311DA23691344A361E368AB
:1085B800B4F80690013613B12046216898471AF09E
:1085C80071F80546FFF75EFDBDE7A9461AF06AF89F
:1085D80082462046FFF70EFE50461AF069F82369D6
:1085E800002BE4D0A38BB5EB090533B1E28B134420
:1085F8009BB2B3F57A7F0FD2E3831AF053F8814622
:1086080029462046FFF758FDA369226948461344C6
:10861800A3611AF04DF8CAE7A3F57A73E383A36957
:10862800013D013BA361E8E7022000F085F89BE7E4
:10863800BDE8F0873C2500200018002045260020D2
:1086480010B51AF02FF8034B1C781AF031F8E4B281
:10865800204610BD452600201FB500241A4B186877
:108668009A880290D3F806009B7A00901748ADF8D4
:108678000C208DF804301AF01BFF02A88DF8084072
:108688008DF80C40FCF7BEFA694601208DF80040D1
:10869800FCF774FA4FF0B0431F219A6922F01F02C9
:1086A8009A610B4A51619A6A12F00802FBD11A6268
:1086B8000120FCF77DFA0A20FEF78EF90A20FEF762
:1086C8007DF904B010BD00BF24E3030018E30300E4
:1086D8000020005810B5044619F0DDFF4FF0B042F5
:1086E800936A1907FCD4136A116C5269120704D4EF
:1086F800CA1A032A01D899420ED1E21A022A98BF4F
:10870800DC1CB4F1FF3F38BF013C4FF0B0431C64A0
:108718009A6942F008029A6119F0C1FF054A137874
:108728003BB14FF0B041CB6B43F00203CB63002366
:10873800137010BD012B0020820700F001030AD539
:108748000121084A43F0080311704FF0B041CA6B89
:1087580022F00302CA634FF0B0418A6922EA030398
:108768008B617047012B0020830742BF0822014B11
:108778005A6170470010005810B519F093FF4FF078
:10878800B04304465B691A07074A03F0010003F087
:108798000D0348BF40F002005361FFF7B7FE2046C3
:1087A800BDE8104019F084BF0020005807B5044BFD
:1087B80001A918791AF072FE019803B05DF804FB5C
:1087C8000CE303000A4B10B5D3F8403203F003035F
:1087D800013B012B0BD819F05EFF04460121022052
:1087E800FFF7FAF82046BDE8104019F058BF10BD51
:1087F80000800050024A0349034807F00FBC00BF3D
:1088080030E3030054E303009CE303004FF080527D
:10881800014B5A60704700BF00ED00E010B50A46F2
:10882800044619B1024B00211B68984710BD00BFD0
:10883800242900200E4B0340B3F1607F06D1B1F527
:10884800885F14BF6FF0860000207047B3F1707F17
:108858000BD101F4E043B3F5005F06D111F4E06FEA
:108868000CBF6FF08600002070476FF086007047DD
:108878000000C07F8A42F8B506460C4600F0DB804F
:108888006F4922F4FF7323F001038B420ED06D4B26
:1088980022F0FF01994209D06B4822F47F7323F03C
:1088A8000303834202D0694B994228D1684B24F0D4
:1088B800FF0199420FD114F0FF000BD0654B40F037
:1088C8000070984240F0B98082EA0400FF288CBF0B
:1088D80000200120F8BD5B4B9942ECD0A3F58853EA
:1088E8009942E8D024F4FF7323F00103B3F1062F73
:1088F800E1D056488142DED053498B42DBD004F0A8
:10890800FE43B3F1A06F14D102F0FE43B3F1A06FA0
:1089180040F0938082EA040333F47E1340F08D80A4
:1089280014F40040D6D0C4F30540C2F30542904287
:10893800CDE7B3F1407F6AD102F0FE43B3F1407F47
:108948007BD182EA040535F47E1576D1314620467E
:10895800FFF770FF002870D13F4B12F47C1703EA31
:1089680002031BD0B3F1607FC2F305473FD13B49F7
:10897800D3B243F000738B423DD003F17E43043BF6
:108988000F2B01D83649CD5C14F47C1FC4F3054382
:1089980033D1BD4214BF002001209BE7B3F1607FB3
:1089A8000DD12E49D3B243F000738B421DD003F191
:1089B8007E43043B0F2BDAD82A49CF5CD7E7B3F1C3
:1089C800707FE1D106F4E043B3F5005F03D10127DE
:1089D800C6F302239F4006F4E043B3F5005FD3D10A
:1089E8000125C6F302218D40CEE71027BFE7B3F17A
:1089F800707FC9D1EFE71025C6E712F47C1F01D1BB
:108A0800AB4218D022047FF565AFBB425FE7B3F1F4
:108A1800106F12D124F01F6020F4702068B902F0A2
:108A2800FE43B3F1106F7FF455AF0F48104040F08C
:108A38001060A042AEE701204CE700204AE700BFE3
:108A480000020006001300060004000600090006E4
:108A580000030006FF0000020000C07F03000002C0
:108A6800D4E30300D4E303000000FFF62DE9F84344
:108A78001746002288461C4600F05AFA054688BB6D
:108A8800D8F80060B6F8009009F4E043B3F5804FD9
:108A9800F36808BF27F0010737EA03031AD10CB3BC
:108AA800254B24F0FF029A421FD114F0FF0304D093
:108AB800224A43F00073934232D022464846316935
:108AC800FFF7D8FE074668B9224648467169FFF79E
:108AD800D1FE70BB6FF0840500233046C8F8003023
:108AE8001BF0DCFF2846BDE8F883154B9A42DCD022
:108AF800A3F588539A42D8D024F4FF7323F00103D6
:108B0800B3F1062FD1D00F498A42CED00E4A9342F4
:108B1800CBD004F0FE43B3F1407F04D12304CCD57D
:108B28006FF08605D8E7B3F1A06FF7D0034B9C42EE
:108B3800C2E73D46D6E700BF00030006FF0000027B
:108B480000130006000900060004000638B500F00E
:108B5800FE43B3F1407F04460D4602D06FF0860015
:108B680038BDFFF767FE0028FAD114F47C1F12D035
:108B7800C4F30543032B137022D9284A2240B2F1CB
:108B8800607F3DD1264AE4B244F0007494422BD170
:108B9800102BE5D9E2E7214B2340B3F1607F15D1D3
:108BA8001F49E3B243F000738B4202D110231370C4
:108BB800D6E703F17E43043B0F2B04D9002313703F
:108BC8006FF08500CCE71749CB5CD3E7B3F1707F32
:108BD800F4D101F4E043B3F5005FEFD10123C1F311
:108BE80002218B40DBB2C5E704F17E44043C0F2C24
:108BF800B4D80D4A125D9342B0D8142BB0D9DFE730
:108C0800B2F1707FAAD105F4E042B2F5005FA5D1B8
:108C18000122C5F30225AA40EDE700BF0000C07F8E
:108C280003000002D4E30300D4E3030037B50B4D7F
:108C38000C462B787BB100230A460193014601AB11
:108C4800281D1AF050F920B9019BA34218BF6FF0F4
:108C5800930003B030BD6FF08800FAE708180020D1
:108C68002DE9F04F9B460023924601F0FE4297B053
:108C7800B2F1806F0E46DDE92078DDF88890089320
:108C880005D018461BF00AFF6FF086043CE00B463F
:108C98004FF4807208A9FFF7E9FE044618B1089856
:108CA8001BF0FCFE30E0DDF820C00DAC6546CDE9D8
:108CB80014000FCD0FC495E80700BCF8003084E815
:108CC800070003F4E042B2F5005F20D113F4E06F2F
:108CD800C3F302211BD0384826F4807282420AD09E
:108CE80000F50070864206D03448864203D0A0F5CD
:108CF8003F4082420BD101258D40102D12D960468C
:108D08001BF0CCFE6FF083042646002548E042F2B3
:108D18000402934202D12A4B9E420BD0294B9E4219
:108D280044D10D25A84507D260461BF0B7FE6FF069
:108D38008904E9E70C25F5E7294609A8FFF776FF36
:108D480004460028ABD10898D0E9091287B307EB8D
:108D5800050C0E9CA8EB0503240A93D10DF12408F9
:108D6800CDE90539CDE903BC3346CDE9015ACDF843
:108D780000800DA81AF0C1FA044614F1860F08986D
:108D88008ED01BF08BFE0646002CBDD190B925B1C4
:108D98002A464146384623F062FFD9F800301D4480
:108DA8003046C9F8005017B0BDE8F08F0025CAE773
:108DB800BC46CEE70446A7E70010C00400FF400405
:108DC800000180040013C00408B500F05FF8064BEA
:108DD8005A7812B10022C3E90122BDE808400C21EB
:108DE8000148FFF71BBD00BF0818002070B50C4DE7
:108DF8002B7873B91AF06EF8044668B90223012675
:108E0800C5E90100AE706B7000F038F8044618B977
:108E18002E700024204670BDFFF7D6FFFAE700BF8A
:108E28000818002000F100420332022A38B504462F
:108E38000D4609D82C21104B01FB02339A68824257
:108E480011D06FF08B0010E001211BF0D9FD78B133
:108E5800094B9A68944206D05A6B944206D01A6E0F
:108E68009442EED1583300202B6038BD2C33FAE7FA
:108E78006FF08700F9E700BF141800200122024BA9
:108E8800002083F8842070471418002070B5094C1E
:108E980000252646042120461BF0C3FD0135204647
:108EA8001BF061F9032D04F12C04F3D1002386F89B
:108EB800843070BD14180020F8B51B4C064694F891
:108EC80084300F464BB300252346294693F82000EB
:108ED8001A46B8B125B91A7912B1022808BF1D4639
:108EE8000131032903F12C03F0D115B96FF08C007F
:108EF80015E0042128461BF094FD68B928461BF0AC
:108F080032F92A460020094B141BA4105C4304F1D3
:108F18000044033C34603A60F8BD6FF088000023D9
:108F28003B603360F8E700BF14180020A38B2EBA0B
:108F38002DE9FF4100230B60394B804693F88430BC
:108F48000D461646002B68D0FFF76CFF0446A0B903
:108F58002EB9286804B0BDE8F0411BF08CBD012E85
:108F680004D00024204604B0BDE8F081052128681B
:108F780004B0BDE8F0411BF054BD10F18C0FF1D1E5
:108F8800294601A8FFF798FF04460028EAD10123E3
:108F98002F68CDE90200C7F8088038467B6003AA2D
:108FA80002A91BF026FE044688B1DDE902011BF088
:108FB8001EFE2D68042128461BF033FD28461BF0B1
:108FC800D2F814F18C0F08BF6FF08704CAE7DDE907
:108FD800021238461BF052F80446DDE902011BF084
:108FE80006FE002CE5D1022138461BF01AFD044686
:108FF8000028DED12868C368D90444BF43F48063DD
:10900800C360C3689A0444BF43F40063C360002E7E
:10901800A0D0012EA5D10521AAE76FF08804A1E709
:109028001418002030B40D4D2C681C606C685C600E
:1090380000249C605468DC6014881C8254885C821C
:10904800D4685C6114699C61526930BCDA61196248
:109058000A46014603F1240023F001BEE4E30300BD
:109068002DE9F843232904460F4691469846089E61
:1090780004D86FF098052846BDE8F88308221949F6
:1090880023F093FD05460028F3D1A368002BF0D107
:10909800216A243F8F42C8F80010EAD3B1F5005F77
:1090A800E7D271B9C9F80000E3687360238A338096
:1090B800638A73806369F360A3693361E3697361E9
:1090C800D9E701201AF00FFDC9F8000030B1D8F82F
:1090D800002004F1240123F0C2FDE5E76FF08C05C0
:1090E800C9E700BFE4E30300F7B505466B4616463B
:1090F800174A0C461068516803C395F82A3008339C
:109108006B4413F8087CB5F84830DA0609D43346BE
:109118002246394628461BF0F8FD00F5FA7003B0E0
:10912800F0BD204624F0F1F9B5F8483000F10A0402
:109138009B074FEAC40405D0304624F0E6F904F54D
:109148000C740444E823781E584304FB0700E4E742
:10915800ECE303009422144B10B51C68002102FBB9
:109168000044204623F04BFD104B04F108001B6817
:109178000021DB7863761CF008FF4FF00823636258
:10918800072384F82A30236A094A43F01303236229
:10919800084B2046A364084BC4E91D32C4E92132B8
:1091A800BDE810401BF0E0BD9C180020701A00209C
:1091B800555555001300FFFFD6BE898EF0B5104BEC
:1091C80002461E6893F804C035464FF0FF3400236A
:1091D8009C4508DC91B1631C10D0942303FB046008
:1091E80080F84A20F0BD95F84A7028469742F9D091
:1091F800FF2F08BF1C4694350133E9E70020F1E74B
:109208009C18002070B50446234D002842D0083031
:1092180001F040FE0026FF2304F1300084F84A30B4
:10922800E66124F0EDF804F1340024F0E9F804F1E3
:10923800380024F0E5F804F13C0024F0E1F804F1EA
:10924800540024F0DDF82868144B201A8010584385
:10925800C0B21BF051FD014630461BF046FD606C64
:1092680010B100F037FF6664A06E18B11BF057FD0F
:109278000023A366E06E1BF04EFD0023E36670BD7D
:10928800286806FB0400FFF7BDFF01342B79A342D1
:10929800F6DCF4E79426F9E79C180020AD1B4C9106
:1092A800F7B504461EF005FBC0F30F23542B3ED937
:1092B800AA2B34BF01230223C0B27E288CBF02220E
:1092C800012203218DF804301344B3FBF1F000EBC5
:1092D80040001B1A8DF805301344B3FBF1F202EB82
:1092E80042029B1A8DF80630002318461D461A467E
:1092F800104901AF4B7517F8016B44FA06FC1CF0D6
:10930800010F06D053009E40012330430132C0B202
:10931800D2B20135EDB2032DEDD103B148754B7DC5
:1093280043EA82134B75FF230B7503B0F0BD00238E
:10933800C2E700BF9C180020064B1B68D97ADA7870
:10934800437E5B1A9342A8BFDAB2002142761BF033
:1093580047BD00BF701A0020B0F864302BB983688D
:1093680013F4601F08BFA0F8643011B1012913D0AD
:1093780070474369417E23F010034361084B1A6824
:10938800D37A92780B449342D8BFDAB2C369427653
:1093980023B101211BF024BDFFF7CEBF704700BFEA
:1093A800701A00202DE9F0410025354E8AB0337936
:1093B800AB4203DC01200AB0BDE8F0819423346895
:1093C80003FB054494F84A30FF2B0DD0236A98011B
:1093D80006D504F15408404624F08FF8074628B90A
:1093E800226A12F0A06F1ED10135E0E7BB7908A907
:1093F8000C333B44D8689A7A1B8AC2F38012ADF8C2
:10940800243000238DF81F2008901A460DF11F0004
:109418001BF08CFC38469DF81F2094F84A1008ABC6
:109428001CF03BFED7E7B4F848301D2B18D13C237D
:10943800FF210020CDE90431CDE902000121CDE969
:10944800000004F15B03C2F380221DF022F900281A
:10945800B1D04FF0A06104F120001BF024FCC3E759
:1094680012F0807F08BF3C214FF0000218BF432153
:1094780094F8293094F84A001CF0B1FFE7E700BFE0
:109488009C1800202DE9F0411F46C36904460D468B
:1094980016468BB169B919F005F906462946E06EFA
:1094A8001BF035FC204629461BF083FC304619F09A
:1094B800FFF80020BDE8F0810029FAD0036A03F024
:1094C8001203022B00F0BC80236ADD0700F1C08084
:1094D80094F84A30FE2B0CD104F14C0002F002F84B
:1094E80001F0F8FF28B14FF4800104F120001BF0CF
:1094F800D2FB256A624B2B40B3F5807F00F0BB801E
:10950800A80531D5C5F3802504F15B080022414642
:1095180028461BF013FC002184F84B001BF021FCAB
:109528004146002228461BF00EFCB4F8481020B132
:1095380094F94B00002880F297804FF4007104F1F1
:1095480020001BF0B0FBB4F8482002F00302012A07
:109558000AD1414628461BF0F6FB28B14FF40061BA
:1095680004F120001BF097FB236AD90600F18180E3
:10957800D4E90C122046FFF7B7FD012F0ED040F2B8
:109588007123A28C5A43904208D9E28C5A439042E4
:1095980073D800F51C70B0FBF3F0A084394BE3617D
:1095A800002384F82930236AE168B4F8645023F46E
:1095B800803284F82870226221613DB913F0100FBF
:1095C8000CBFC8253C25257605F2B3154EB140F2EF
:1095D8007121E38C42F48032C3EB06134B432262C1
:1095E800E362236A43F400232362274B1B68DB787A
:1095F800637619F057F86369074643F0100304F1DE
:109608000800294663611CF0C0FC012003F0E2FC5D
:1096180028B963691A075CBF43F00403636126B184
:109628001EF083F9E36A0344E362204603F0DCFC9E
:10963800384619F03DF80121E06E1BF068FB38E769
:10964800406B23F062FF00287FF43EAF0C2031E727
:10965800636C002B7FF43CAF00F0E6FC60640028EC
:109668007FF436AF092025E701F001011BF079FBF3
:1096780069E7064B93E712201CE745201AE700BF6D
:1096880000014000D74C0300701A00209597010094
:1096980070B500249426094D2B79A34200DC70BDD7
:1096A800286806FB040090F84A30FF2B04D00023FA
:1096B8001A461946FFF7E6FE0134EDE79C1800202C
:1096C8002DE9F04304468F798BB00C370DF104096E
:1096D800CD1901220E460DF1030049461BF03BFB54
:1096E800636C8046039300236364236AE879C3F3B9
:1096F80000138DF825302989F75903F003FE224B12
:1097080007441B6805975B7905F118026376012306
:1097180006928DF8103005F10C03B8F1000F28D02F
:109728009DF80330CDF81C908DF820309DF8252049
:1097380094F84A308DF821300123FAB98DF8223097
:1097480094F8933003F00F038DF823306B7903A856
:109758008DF8243000F07CFD1EF09AF80121204697
:109768001BF027FB304618F06FFC01200BB0BDE85A
:10977800F0830793AB7AC3F38013D5E7AA7AC2F3D1
:1097880040128DF82220DFE7701A0020012810B55A
:109798000C461ED0022824D040BB08461BF032FDE0
:1097A80040F27121A38CE28C94F82A00D21AE36863
:1097B80003F59C53083301FB02332361FFF770FD67
:1097C8000B4B20469968236BBDE810400B6003F0F3
:1097D8009BBE03F06DFD844208D1BDE810401EF029
:1097E80057B80846BDE81040FFF7A6BD10BD00BF3A
:1097F8009C18002038B50A4D0020FFF703FDAB6820
:1098080013B100221A60DA801CF0C9FC00242B79FD
:10981800A34200DC38BD2046FFF79CFC0134F6E784
:109828009C18002070B52B4C0546A06818B118F09C
:109838000BFC0023A360FFF7DDFF00201BF060FA9C
:1098480055B9032025712560E58218F06DFB207954
:109858001BF056FA28B970BD022023F095FFA060CE
:1098680048B90025A0682571256070BB00201BF051
:1098780047FA0720EFE70026032025712660E682D5
:1098880018F052FBB542E2DD05EBC50105EB81019D
:10989800890033460122032089B218F001FB0646ED
:1098A8000028DED1032018F061FB20600028D8D002
:1098B800942231466A4323F0A2F92379B342C6DDE4
:1098C8003046FFF747FC0136F7E718F0BDFBA56007
:1098D800CCE700BF9C18002006222DE9F341354B48
:1098E80006469C688846A5790C35635D671903F0C0
:1098F8004F036355B0F848307A70103B0D2B31D8C0
:10990800DFE803F055305107300C3030303030305C
:10991800300C635D6FF30303635523E00123625D3D
:10992800006A63F3030262550C2210F4006F7A7028
:1099380006F15B0107F108020CD001924FF0FF32EB
:10994800C0F3802000921A461BF0FBF9635D43F0D8
:109958008003E1E7D6F85B30BB608B889380336A7D
:109968005B05F3D4B6F84820635D304662F34513CF
:109978006355B91C1BF0FCFC635D60F386136355EB
:10998800A3797A7802331344E371B6F8483003F0C8
:109998001403142B04D0B8F1000FC4BF42447A70EA
:1099A80002B0BDE8F081635D62F30303B4E702220D
:1099B800635DF9E79C1800202DE9F0438B79064692
:1099C8000C33CC18237985B0DA0737D5E77A252FF9
:1099D80034D8484B9A6893790C33D118D35CA27A5F
:1099E800C3F38013B3EBD21F28D1056A0622EB0616
:1099F8004CBF0231043104F1120023F0D6F8E8B963
:109A080094F80A901BF0A1F905F4C04580F0010311
:109A18002A1EC9F3801904F10C08414618BF012217
:109A28004846DBB21DF09FFF014650B1A37A03F010
:109A38000F03032B1BD1336A980712D44FF0FF3062
:109A480012E01BF08AF90028F8D1A37A03F00F037B
:109A5800002DEED0032B85F4C0451CD1A904EDD50B
:109A6800E9E70C2FEAD1032005B0BDE8F083052B08
:109A7800E4D1306AC207E1D500F01403142B0FD0EB
:109A8800012202A90DF107001BF065F908BBA17AB4
:109A9800C1F3801121E0052BD0D16B04E9D4CDE7C7
:109AA80006F15B052946C0F380201BF043F9002826
:109AB800E6D1A27A336AC2F38012C3F380239A42B2
:109AC800BCD106222946404623F06FF80028B5D1BC
:109AD800D6E79DF807100DF10808404600F042FB54
:109AE8000028ABD104F118001BF0C5FB0028A5D055
:109AF8000520B9E79C18002030B5174B826A1B680F
:109B08001206597926D5028F1C79436B1203B2FBD2
:109B1800F3F2631AB2FBF3F2B0F89C3003B1013BE5
:109B2800D0F8A05005B15B101B02B3FBF2F35B1831
:109B38000CD090F895200F2A08D91209B3EB820FA0
:109B4800B8BF00234FEA8201A8BF5B1A9C42A8BF96
:109B58001C46E1B2417630BD701A0020084B9A7E4F
:109B680082420AD94FF4A4721B6802FB0030836A50
:109B780013F0100F08BF002070470020704700BF87
:109B8800B4180020084A09491368C31AD810002BD2
:109B980001FB00F005DB937E8342D8BF4FF0FF3016
:109BA80070474FF0FF307047B4180020199C8FC1E0
:109BB80070B504460E4618F075FD3146054604F1A9
:109BC80030001BF0FDFB2046FFF7DCFF0121814040
:109BD80005481BF0F5FB4FF4807006F043FC28465F
:109BE800BDE8704018F064BDD8180020F329F8B516
:109BF80004460D46724E25D1338D63B9A36813F41C
:109C0800601F00F0BA80238F626B1B01B3FBF2F375
:109C1800F32D9FB22DD120461BF076FCB4F89C7032
:109C2800002F40F0B380A36A13F0800F0CBF3E23CF
:109C3800082384F877302046FFF75EFFF32D36D1EE
:109C4800012057E07369590640F18F80836A1A072B
:109C580040F18B80336900F1400143601CF0F4FE51
:109C6800338D002BCAD0238F626B1B01B3FBF2F339
:109C78009FB2618FB4F89C209BB25B1A9A427EDC3B
:109C8800736994F836019B074CBF002102211DF02F
:109C9800BAFE40F2022372699343BCD12046A4F86D
:109CA8009C701BF032FC2046FFF726FF0127A36AB1
:109CB8001807C5D5628F002AC2D013F4C05FBFD180
:109CC800726912F00C0FBBD140F202239343B7D153
:109CD800D4F8A430002BB3D12046A18F1DF063F82F
:109CE800002855DD638F0133984251DC0128A7D045
:109CF800013880B2236BA4F87C00590409D54FF4CD
:109D0800804104F130001BF063FB00212046FFF77F
:109D18004FFFB4F87C20A38F94F870101344A387E6
:109D2800B4F89C309B1AA4F89C3094F86F3002FB6E
:109D380001332522B3FBF2F102FB113384F86F30B3
:109D48004FBBA36A1A0702D41E4B1B6898472046CC
:109D580008211CF0E2FE20460221FFF729FF2046D9
:109D6800BDE8F840012103F08DB9318D238F626B76
:109D780000293FF443AF1B0178E7338543E7737F3E
:109D8800002B86D0032194F8360180E7012752E79B
:109D9800608F0130ADE720461AF0A0FF2046A18F62
:109DA8001CF08BFEA36A05461B0702D4054B1B68F3
:109DB8009847002DCBD02046BDE8F8401BF027BCC3
:109DC800B4180020E81800200022074B10B55A7775
:109DD800202204465A611BF03FFB84F836012046D6
:109DE8001BF072FC10BD00BFB4180020012810B58C
:109DF8000C462AD0022830D000283DD191F8953061
:109E080060F3071381F895300846FFF7DDFFA36A72
:109E180020461B0716D503F00DFD042001F0F8FBC2
:109E280050B3164A937F3BB3D37F0133DBB2D3776A
:109E380092F821209A421FD8BDE810404FF0806068
:109E480006F010BB03F0CAFEE7E703F031FA8442DC
:109E580012D1BDE8104003F0E1BC91F895302046DE
:109E6800C3F30312013262F3071381F89530BDE89A
:109E78001040F321FFF7BABE10BD00BFB418002090
:109E880010B501F025FCFB22114B10F0020F1A77D8
:109E98000CBF012203224107197E48BF42F0040289
:109EA80062F3030119761A7EC2F3030161F3071204
:109EB8001A764FF4417100221984DA76DA835A62ED
:109EC8001A611A85034BBDE810401B68184700BF8C
:109ED800B4180020E01800202DE9F8434B4C054643
:109EE800A06818B118F0B0F80023A360022018F099
:109EF8001BF85FFA85F800201AF000FF40461BF0B7
:109F0800CAFA0646002868D140461BF0CFFA074631
:109F1800002862D1002D75D005EB850105EBC10144
:109F2800C90033460122022089B217F0B9FF002880
:109F380050D14FF4A479022084F81A8018F016F84A
:109F480009FB05F731463A46206022F058FE3246B2
:109F58002368681E03EB0901824233DB002DA7F555
:109F6800A4724FF00001D8BF0022995028466360C0
:109F78001AF0C4FE88BB40461BF07CFA68BB40461A
:109F88001BF081FA074640BB002D16DD022023F0A6
:109F9800FBFB0223A060C37183793946C3F1020237
:109FA8000C33D2B2184422F02AFE0121A3689A7910
:109FB80013441A7B61F301021A73FFF761FF3046FD
:109FC800BDE8F88309FB02FC013243F80C1001F5E7
:109FD800A471C1E7C4E90077A776002500201BF02B
:109FE8005AFA00201BF062FA2846C4E90055A57603
:109FF8001BF040FA28461AF081FE022017F094FF61
:10A008000726DCE72B46A5762560AFE7B4180020C5
:10A01800014B987E704700BFB4180020014BD87ED2
:10A02800704700BFB4180020F8B5284D18F03AFB67
:10A038006C681CB918F03CFB2046F8BD4FF4A476B8
:10A04800012723686B60EB7E0133EB7618F030FB59
:10A0580032460021204622F0D2FD04F1280040219A
:10A0680067611BF0ADF92B8B0722A4F8443194F8F3
:10A078003731002167F3030384F837314FF6FF7354
:10A08800A4F87A302B7FA4F8866084F8423144F231
:10A098009023A4F8403194F8853004F1080062F365
:10A0A800030384F885300A4BC4F8883003F1CE5393
:10A0B80003F59813C4F88C3041F61B33A4F890309C
:10A0C8001B2384F892301BF060FFB5E7B41800201A
:10A0D80048014801F8B5044600261CF0CDFE04F1FD
:10A0E800A40023F08DF904F1A80023F089F904F104
:10A0F800AC0023F085F904F1080000F0CBFE04F170
:10A10800A00023F07DF9154B20461B689847204690
:10A11800C4E90A66FFF736FDC5B228461AF0E6FD1F
:10A12800074628461AF0E4FD014638461AF0DDFDD8
:10A1380018F0B8FA05464FF4A4723146204622F0CA
:10A148005EFD074B28465A682260DA7E5C60013A59
:10A15800DA76BDE8F84018F0ABBA00BFE418002082
:10A16800B41800202DE9F04106464FF480400F4610
:10A1780001F04EFA044630B90E4B1D6893F81A8068
:10A188007135A04502D80020BDE8F08155F8493C5A
:10A19800DA0609D5C3F38003BB4205D10622294656
:10A1A800304622F002FD18B1013405F5A475E8E740
:10A1B8000B20E9E7B418002008B5B0F894305A1C11
:10A1C80062F30B03A0F89430042001F021FA70B177
:10A1D800074A937F0133DBB2937792F820209A42A3
:10A1E80005D8BDE808404FF0806006F03BB908BDCF
:10A1F800B418002038B58B7905460B449B7D0C4676
:10A2080003F00303032B09D101212C301BF0D8F8EC
:10A218004FF4006105F128001BF0D2F821460548EB
:10A22800A56023F0D4F9BDE838404FF0005006F09F
:10A2380019B900BFC0180020014B1877704700BF3C
:10A24800B4180020014B187F704700BFB4180020D5
:10A258002DE9F04FD0E9027590F9181087B00291F6
:10A26800417E046890F80480D0F810A0037D427DF8
:10A2780090F816B090F81790002940F0ED80A9F1F9
:10A28800030101298CBF0226032603932B8984F836
:10A298009B202A4652F8101BBBF1000018BF012072
:10A2A800C4F8281104F14401019304F0A5FF2046E5
:10A2B8001CF02CFC20461BF0FBF81DF0AAFB4946BD
:10A2C800024620461BF0EEF8C82220460DF1160182
:10A2D800ADF816201BF0D9F847F6FF72A4F8302124
:10A2E800AA88039BA4F82C21AA7984F82E21DAF8ED
:10A2F8000020C4F87120BAF8042004F1280AA4F850
:10A3080075201BB1042150461BF05AF8BBF1000F11
:10A3180004D04FF4005150461BF052F84FF46070CF
:10A3280001F076F9C0F3C0134FEA831BC30548BF99
:10A338004BF0800B810548BF4BF4807B18F0B2F9D5
:10A348004FF48261039050461BF03AF8594604F1E5
:10A358002C001BF035F8039818F0AAF9A8F10203AD
:10A36800012B7BD84FF4002150461BF029F801211E
:10A378002046FFF71DFC042120461CF0CEFB6B7D18
:10A388002046C3F3040384F870306A89520062637C
:10A39800697B2A7B42EA01226287E97BAA7B42EA3F
:10A3A800012222876A7D84F86F30C2F3421284F852
:10A3B8003E2000220523A2870122A4F89C30A4F89D
:10A3C8007C2002991BF079F801F07CF920F40060F8
:10A3D800C4E908012046FFF78FFB3D493D4AB1F823
:10A3E80028B008F0FD03BBF1000F6CD1002B3BD166
:10A3F80040F2C71B6760E26120460F611AF0F1FF67
:10A40800B9F1010FE0600AD094F83731204669F3BA
:10A41800030384F8373109F00F011BF0CDF904F17B
:10A42800080059461BF0B1FD012002F0D3FD28B900
:10A4380063691A075CBF43F00403636140F271214A
:10A448006B892046013B59431AF0EAFF204602F087
:10A45800CBFD07B0BDE8F08F012616E7B8F1010F74
:10A4680085D140F2014183E74FF4D77BE26140F2A6
:10A478007128019B760006EB430608FB06F6374475
:10A4880040F608015046676004F140071AF098FF4B
:10A49800394620461CF0D8FA33463946204604F19E
:10A4A800340201F023F9EB7901225B00394620469A
:10A4B80008FB03F31CF0CEFA236C20469E081AF022
:10A4C80090FF30449CE76760E261002BCFD193E7AF
:10A4D800B4180020F59D010070B51D46C36A0446F6
:10A4E8001B07164613D408212C3025F410551AF0F2
:10A4F80067FF25F01005064B2D0433402D0C204630
:10A50800C4E90835BDE870404021FFF751BB70BD74
:10A518002FCF87F72DE9F04F85B004460191084603
:10A5280089B34B799A071FD422F0EFFF019D70B9C8
:10A538006B79DB0705D54FF4803104F128001AF058
:10A548003FFF01A822F05CFF05B0BDE8F08FA36AC9
:10A55800DF0309D54FF4803104F128001AF038FFE1
:10A568006B7943F001036B71019E18F09BF87379C6
:10A5780031469E0705461ED504F1AC0023F036F897
:10A58800284618F095F8DFF8909118F08BF8A36A30
:10A598000746DD0514D5D4F8AC3043B19A79134495
:10A5A8001B7B3A2B03D829FA03F3D80711D4384672
:10A5B80018F07EF8C8E704F1A80023F008F8DFE7F0
:10A5C80094F94631022BF2DCD4E92A2372B9002B24
:10A5D800EDD004F1AC0022F031FF0546384618F002
:10A5E80067F8294620461BF095FACEE7002BF0D1F4
:10A5F80094F89280039304F1A80BD4F8A86096F815
:10A6080007A0B379AAEB030A5FFA8AFAC24527DCE6
:10A61800584622F072FF0546A8EB0A086B792946CE
:10A628006FF3C3036B7103A822F0D1FFD4F8A830ED
:10A638002BB15B79990702D1B8F1000FDDD1039BEB
:10A64800002BB4D09B79022B40D8002023F09CF833
:10A65800014670BB039904F1A80022F0C7FFA6E7E2
:10A66800002023F091F8054630B9039904F1A800B9
:10A6780022F0BCFF03959AE78079B1790C300C3150
:10A6880042463144284422F0EAFAEB7953FA88F337
:10A69800EB71B379727953FA88F3B3716B794FF030
:10A6A800000862F300036B7173796FF30003737131
:10A6B800B4E7039B4A79587960F300024A715A79E2
:10A6C80003A86FF300025A7122F08BFFE36A9A0520
:10A6D80012D50398034600680028FBD1DB79C3F143
:10A6E8004503DBB2032B07D823F04EF801460028B8
:10A6F800B0D003A822F06BFFD4F8A83013B15B796F
:10A70800DB0704D5039A537943F00803537138469D
:10A7180017F0CEFF039965E77C2C020070B5036B38
:10A728000446DA0786B033D5866A330723D516F48C
:10A73800002F14BF032501252046FFF723FA94F8BC
:10A748009B30294605930023049394F83E30C6F3C2
:10A7580080020393238F80B20293638F0193636B0C
:10A76800C3F34F03009304F171031BF092FF30B958
:10A77800002006B070BDB50C05F00205DCE701212C
:10A7880004F130001AF024FE4FF400511AF018FEBC
:10A79800236B980410D52046FFF7F4F9A16AC0B2DC
:10A7A800C1F340311BF092FC0028E1D04FF4005176
:10A7B80004F130001AF00CFE236BD90409D50021EE
:10A7C8002046FFF7A7FE4FF4805104F130001AF03D
:10A7D800FFFD236B5A0512D52046FFF7D3F9002356
:10A7E80094F89B50C2B2194628461BF0F8FD002881
:10A7F800BED04FF4806104F130001AF0E9FD236BFC
:10A808005B0711D52046FFF7BDF9616B238F628F77
:10A81800C1F34F0180B21BF01CFF0028A8D004210F
:10A8280004F130001AF0D4FD236B1E0709D5204629
:10A838001CF009FD00289BD0082104F130001AF013
:10A84800C7FD236BDD0618D52046FFF79BF9E16AA3
:10A8580080B211F4805100F0C58000211BF08EFFFA
:10A86800002885D04FF4805104F12C001AF0B0FD77
:10A87800102104F130001AF0ABFD236B580615D5F2
:10A888002046FFF77FF994F8773080B20093D4E937
:10A8980008231BF056FF00283FF46AAF002340212D
:10A8A80084F8773004F130001AF092FD236B190513
:10A8B80016D52046FFF766F900230093B4F89830C0
:10A8C800B4F8962094F89A1080B21BF0B2FB0028D6
:10A8D8003FF44EAF4FF4006104F130001AF078FDF8
:10A8E800236B13F4804532D19A0516D52046FFF71D
:10A8F80049F994F8371194F8772001F00F0180B2E4
:10A9080000F046FD00283FF433AF4FF4007184F89F
:10A91800775004F130001AF05BFD236B1B0616D547
:10A928002046FFF72FF9B4F88C3080B2009394F8E2
:10A938009130B4F88A2094F890101BF051FF002849
:10A948003FF416AF802104F130001AF041FD236B6B
:10A958009E0612D52046FFF715F994F8771080B2B5
:10A968001BF023FF00283FF403AF0023202184F8C5
:10A97800773004F130001AF02BFD236BDD0508D584
:10A9880004F130004FF480711AF022FD20461CF0CB
:10A998008DFA236B180408D504F130004FF40041F8
:10A9A8001AF016FD20461AF003FF236BD90308D5C9
:10A9B80004F130004FF480311AF00AFD20461AF0F5
:10A9C8006CFD236B9A0308D504F130004FF4003175
:10A9D8001AF0FEFC20461AF06EFD236B9B0704D488
:10A9E8000120C6E61BF0E1FE3AE7002220461146A8
:10A9F8001AF05FFD20461AF05EFD2046FFF7C2F808
:10AA080094F8771080B21BF086FF00283FF4B0AEB0
:10AA1800022104F130001AF0DBFC2046FFF75AFB54
:10AA2800014B1B689847DBE7E0180020F8B50023C6
:10AA3800124A02F1240151E8004F41E80035002D87
:10AA4800F7D1012734B9BDB10D4829461AF0B8FC31
:10AA58002046F8BD94FAA4F0B0FA80F007FA00F6A0
:10AA680024EA0604FFF77AF80028EBD0FFF756FE31
:10AA78000028E7D13543E5E70120EAE7B4180020CC
:10AA8800D81800202DE9F74F04460190002860D01F
:10AA9800C5794FF000080C35054417F003FE46460B
:10AAA80000904FF4A47A40462B4FBA7E5FFA88F99B
:10AAB8004A4517D90AFB09FB3A685A44916ACB06FA
:10AAC80044D5B2F89420C2F30B02002A3ED0E279B2
:10AAD800C2F14502D2B2032A15D8022022F054FE50
:10AAE800044640B900230098FB8317F0E1FD304687
:10AAF80003B0BDE8F08F014601A822F068FD0020F0
:10AB0800E5790C35254404220123002112FB00338A
:10AB180005F82090E9543B6802FB005C5B44B3F8FD
:10AB2800943001368CF80230032312FB0032A9540A
:10AB38003B6801305B44B3F89420C0B261F30B0268
:10AB4800A3F89420E379F6B20433E37108F101081D
:10AB5800ABE70646CBE700BFB4180020F7B5684658
:10AB680004F03EFB00254FF4A477124EB37EAB42AF
:10AB780001DC03B0F0BD346807FB0544A36A03F0A9
:10AB88001803102B13D10522694604F1450022F061
:10AB98000CF860B1012120461CF0A9F938B9012050
:10ABA80022F0F2FD014610B1204601F079F9013595
:10ABB800DCE700BFB41800202DE9F74F17F072FD4D
:10ABC800424BDA6800920022DA6017F071FD009BB0
:10ABD80013B903B0BDE8F08F684622F02FFC8279E4
:10ABE800876802F10C04044401460190A07A0A32F5
:10ABF80010F0200F14BF0320022002448A71FA6A61
:10AC080052050FD5E07AA27A42EA002238461BF0B4
:10AC18006FF938B901A822F0F3FB3D2138461BF043
:10AC280059F8D4E7BA6A94F80AB012F40072019994
:10AC38000BF0030013D003288A79EBD10A44127B66
:10AC48003A2AE7D8224B23FA02F2D307E2D54A7907
:10AC5800384642F002024A7100F020FEB7E70328A6
:10AC6800F5D048790BF0030B62F3410048710846B0
:10AC780094F8069094F905A022F047FC019D064639
:10AC8800AC793846063CE4B2AC71FEF77BFF0C3475
:10AC9800C0F3032305EB040843EA0B1388F80330D9
:10ACA8002B46F6B288F80200A8F8046005F804A05C
:10ACB80088F801905A796FF341025A711B68002B8A
:10ACC800F8D128461BF019FA81E700BFB418002014
:10ACD8007C2C0200002370B50D46D1688AB009BAF1
:10ACE8000291C178C66861F30703817836BA61F3C7
:10ACF8000F23417806AC61F317439168069609BAA9
:10AD08000391816809BA07915168126809BA12BAA1
:10AD1800049105920178426861F31F6312BACDE984
:10AD2800082323468022012002A9009418F036F84F
:10AD38000028F6D1DDE90810DDE9063200BA09BAC3
:10AD480012BA1BBA28606960AA60EB600AB070BDCD
:10AD5800F8B504460026084F0CB90748F8BDA17994
:10AD6800E579B8196D1AEDB20C3121442A4621F063
:10AD780076FF2E442468EFE7F0180020F8B5044663
:10AD88000026084F04B9F8BDA079E579B9192D1A3C
:10AD9800EDB20C3020442A4621F061FF2E4424688D
:10ADA800F0E700BFF0180020104B1A7842F0F002CC
:10ADB8001A701A7C42F0F0021A7493F8202042F0BC
:10ADC800F00283F8202093F8302042F0F00283F854
:10ADD800302093F8402042F0F00283F8402093F8A6
:10ADE800502042F0F00283F850207047001A0020EB
:10ADF8000368054A23F07F6323F4002302EAC14273
:10AE080013430360704700BF0000F80FF8B544888B
:10AE1800054604F00704072C1C4E28D117F042FC05
:10AE280000221101735C06EB02171B090F2B0AD0D5
:10AE38000132062AF5D1164A13880133138017F018
:10AE480037FC1920F8BD2B6894B27B80112373540A
:10AE580017F02EFC1CF069FD06EB0413D8602B6874
:10AE6800002023F4E02343EA04432B60EAE72301AC
:10AE7800F15CC1F30312013202F00F02052A28BF68
:10AE8800002262F30711F154E4E700BF001A002022
:10AE98003E25002038B54488054604F00704072CF1
:10AEA8000FD017F0FFFB074A2401135D43F0F003AE
:10AEB80013552B6843F4E0232B60BDE8384017F0A6
:10AEC800F7BB38BD001A00202DE9F0474588074632
:10AED80005F00705072D894637D01D4C4FEA0518A0
:10AEE80014F808601CF021FD04EB051ADAF80C30A0
:10AEF800360906EBC506C01A04EB4606708014F83E
:10AF0800083003F00F02042A9EBF013262F30303E4
:10AF180004F80830B9F1030F14D114F8081004EB41
:10AF28000514A01C01F00F011CF0CBFB044617F020
:10AF3800B9FB3A68074B134023433B60BDE8F04731
:10AF480017F0B6BB4FF6FF74F1E7BDE8F08700BF16
:10AF5800001A00200000FF7F064A08B59268824266
:10AF680007D0427922F0030242F00302427105F051
:10AF7800D3FA08BD601A002010B5064C204622F00E
:10AF88003FFA201D22F03CFA04F10800BDE8104009
:10AF980022F036BA601A002010B5022022F0F4FB25
:10AFA800034C6060022022F0EFFBA06010BD00BFE0
:10AFB800601A002008B5FFF7DFFF0022024BDA60B5
:10AFC800BDE80840FFF7E8BF601A0020014B586849
:10AFD800704700BF601A0020014B9868704700BF97
:10AFE800601A002038B50C4CE3681BB1E368984739
:10AFF8000023E36023686BB1074822F01FFA054677
:10B0080040B123681BB14FF0004005F02BFA2846E9
:10B018001BF09AFC38BD00BF601A002010B5084C20
:10B02800E0604FF0004005F01DFA00BF00BF00BF10
:10B0380000BFE3681BB1E36898470023E36010BDD5
:10B04800601A002038B58379044603445B7B13F00B
:10B05800300F437923F0030308BF43F00103437122
:10B0680017F020FB05462146054822F0B0FA4FF0BC
:10B07800004005F0F7F92846BDE8384017F018BB3E
:10B08800601A002073B5164D6C68A3790C331C4404
:10B0980000F01EFBB4F80920B4F807108A421DD846
:10B0A800032A1BD9032919D96679BEB1C04360F0B8
:10B0B8000500304212D1E378A079019624790094F2
:10B0C80001F03AFB00280CBF0C22002242F2410199
:10B0D800A86802B0BDE870401AF0A3BF1122F5E7D6
:10B0E800601A002010B50D4C626893790C331A442D
:10B0F8001179D078003918BF01210038B2F807302B
:10B1080018BF0120B2F8052001F078FC42F2420194
:10B118000246A068BDE810401AF083BF601A0020FC
:10B1280010B5084C6068837918440F3000F09EF918
:10B138000023A0681A46BDE810404FF628411AF0CF
:10B148002EBF00BF601A0020242816D80F2805D863
:10B1580002280CD8B0FA80F040097047084B103824
:10B1680080B2C34003F0010383F001007047053843
:10B17800012894BF0020012070470120704700BFBC
:10B188002D2011002DE9F04F95B0FFF71FFF42F277
:10B198003603867905460C3630F8068084199845BA
:10B1A8000ED1FFF713FF022122F001F97F22A378C5
:10B1B8000233A370AA550023202223776270637795
:10B1C8000121E078FDF7FAFF00230646002800F089
:10B1D800D780CDE91233237AE2888DF84A30E37AB2
:10B1E800ADF848208DF84E30A388B4F8092013F044
:10B1F8001000ADF84C2003F0050306D093B1E37DB1
:10B20800012B51D00025122614E07BB3E37D657E27
:10B21800012B37D16B1EDBB2022B09D800F058FA8C
:10B22800012338E04FF48043DDE91212914220D91E
:10B2380000251126FFF7D0FE012332464146ACB265
:10B248001AF0ADFE002DCCBF0534053C24B2002E0B
:10B2580040F099800A2394FBF3F4E4B2FFF7BCFEB4
:10B26800C3791844C47215B0BDE8F08F4FF6FF7368
:10B27800DAE71F29DCD99A42DAD8E37D657E00280F
:10B28800BED1C5E7032BD3D16B1EDBB2022BCFD8BF
:10B2980000F01EFA04230342CAD0032D08BF042578
:10B2A8002840C0B20028C3D0E07819F02CFD20B1A6
:10B2B800A088FFF749FF0028A4D0344A237F1278DA
:10B2C800002A54D0042B9DD8637F042B9AD8A388D6
:10B2D800DB0653D41CF09DFB0121C822084003F073
:10B2E800E7FD94F91630B4F804E003EB8303B0EB00
:10B2F800430F4FEA4302637B677E0F93A37BE1888A
:10B30800109304F10F031193637F94F80C9094F851
:10B3180015A094F818B00546E07DC8BF15B2B4F87A
:10B3280009200C93237F03280B93E37E08BF042096
:10B33800032F08BF0427003B18BF01230A93A37EED
:10B348001FFA85FCCDE90873119BCDE9060B029322
:10B35800109BCDE904ACCDF80C9001930F9B3046BF
:10B3680000935FFA8EF319F08EFD064662E7002B14
:10B378007FF45EAF637F002BA9D059E70020ABE7CD
:10B388000546072656E7002468E700BF4826002040
:10B39800F8B5074601200D46164622F0F5F9044691
:10B3A800C0B106220C211AF00DFE691EC9B203298C
:10B3B80088BF0022A37998BF074A03F10C0398BFFE
:10B3C800525C234420469F80DE70DA719A71FFF741
:10B3D800C3FD0120F8BD00BFF4E30300F8B5FFF793
:10B3E800F5FD83791844B0F80F60B0B2FEF7B6FBEC
:10B3F8000446C0B11AF048FB0138C0B2032814D87B
:10B4080000270B4B1C5CFFF7E7FD054604233A4673
:10B4180042F230011AF0C3FDAB790C33E818C6804C
:10B4280004724472F8BD0227EDE700242746EAE7D4
:10B43800F4E303000B4610B50649074C0622002822
:10B4480008BF2146184621F0B0FBB0FA80F0400949
:10B4580010BD00BF4A26002050260020024B1A6863
:10B4680002609B88838070475026002013B50D4CDE
:10B4780028B1036823608388A38002B010BDF9F760
:10B4880007FCCDE900019DF80230BDF80020A3704B
:10B49800BDF805302280A4F803309DF807306371A9
:10B4A800EBE700BF5026002010B5044617F0FAF865
:10B4B8002268064B1A60A2889A80054A137843F0DE
:10B4C8000103137017F0F4F8012010BD4A2600207C
:10B4D80049260020024B1878003818BF0120704711
:10B4E80049260020024B1A6802609B8883807047B7
:10B4F8004A260020024B186908B104F0B3BF704710
:10B50800100B0020002310B53C4A02F1100151E84D
:10B51800001F02F1100C4CE80034002CF5D140EA71
:10B528000104A10201D501F0C9FD220101D503F0F2
:10B53800C9F9002C01DAFFF755FD630001D501F0C8
:10B54800E5FCA00001D5FFF737FBE10007D5FDF7C3
:10B5580029FF20B94FF0805129481BF048FA6201B1
:10B5680007D51AF05CFB20B94FF0806124481BF026
:10B578003EFAA30105D51CF045FAFFF7EFFA19F0DA
:10B58800C7FBE00108D519F07CFF072804D14FF06C
:10B5980080711B481BF02BFA610201D519F0B2FB30
:10B5A800220201D519F0A0FBE30207D519F064FFC8
:10B5B80020B94FF4801112481BF019FAA00507D5DD
:10B5C80000F03AF920B94FF400710D481BF00FFA5A
:10B5D800E10507D5FFF72AFA20B94FF4807108482A
:10B5E8001BF005FA620503D51AF0D7FC1AF0D6FC51
:10B5F800230501D51BF003FA10BD00BF100B002076
:10B60800200B0020014601481BF0F1B9100B002067
:10B61800014B1B6818407047100B002010B5044BF5
:10B62800D3E9064204430A43C3E9064210BD00BFFA
:10B63800100B002070B51E4D04462B68002B03DA52
:10B64800FFF7B8FC002031E04CF20C000021FFF7B6
:10B65800E5FF0023174E336024B163682B60A368AD
:10B6680003B133604FF00040FFF7CCFF33680BB9EC
:10B67800114B3360114B1248AB6000232B7316F04B
:10B688001FFDFFF791FB204601F030FE70B92CB189
:10B69800B4F90E10B4F90C0001F062FE1CF0BDF90B
:10B6A80003F062FD03F0E8FC0028C9D070BD00BFBC
:10B6B800100B0020701A0020022B0020FDB401009E
:10B6C800140B0020014BD3E906017047100B002032
:10B6D800054B9B69DA054CBF032001201B0548BFB9
:10B6E80040F00400704700BF100B0020F8B5174663
:10B6F8001C460D46064603F0BFFA1C4BBA7A1C4995
:10B7080053F8222053F820308C421A4424D9194B7C
:10B718009C4214D9184B013C93FBF2F3002BB8BFA1
:10B7280003339A1004EBA304B4FBF2F371682A689C
:10B73800A1EB930102EB430271602A60F8BD0F4B45
:10B748000F49A3FB04435B0902FB03F303F6C3138E
:10B75800A1FB0313DB0AE9E702FB04F3094A03F53B
:10B7680074338F33A2FB03231B0CDFE744E403008D
:10B778004C6210001366660640420F001F85EB51AD
:10B788005917B7D183DE1B43024B1A680260186051
:10B79800704700BF781A00200022024B1A6000F0A0
:10B7A800FFB900BF781A00202DE9F843064619F0C2
:10B7B800CCFE0446002835D045784DB916F072FF06
:10B7C800237863701B4B1B682570636016F070FF4D
:10B7D8004FF00108677837B923781BB34FF400702E
:10B7E80004F040FE1EE097FAA7F5B5FA85F508FAC9
:10B7F80005F55FFA85F9636833B90E4B27EA050545
:10B8080065701B686360E5E79B681BB963681B6824
:10B818006360F0E7494630469847012805D16368D8
:10B828001B6863600120BDE8F8830228EED1002080
:10B83800F9E700BF781A002070B500250D4EFEF715
:10B84800E7FBA84201D8012012E03068FEF786F92C
:10B8580050B93468FEF7DCFB0134B4FBF0F303FBAA
:10B86800104401353460EAE7FFF79EFF0028F0D165
:10B8780070BD00BF741A002010B5044683790344D4
:10B888001B7B3A2B96BF044AFF21D15C21F08FFD28
:10B89800A0790C30204410BDF8E303002DE9F341F2
:10B8A80005460C46019119F040FE830605D501A80E
:10B8B80021F0A6FD02B0BDE8F081019FBE790C36EB
:10B8C800BB5D3A2B18D8164A12F80380B8F1FF0F5F
:10B8D80012D0384621F019FE013840450CD1114BE1
:10B8E8001E6896B921462846A37923441A7B02B0DC
:10B8F800BDE8F0411BF073B9019821F081FD28469D
:10B90800BA5D01991BF06BF9D4E773680BB9366817
:10B91800E7E72146284698470028F8D0CAE700BF3D
:10B92800F8E30300781A002037B504460D462021B5
:10B9380019F0FDFD2946204619F066FE2146012032
:10B948001BF0F4F9214600201BF0F0F90120002338
:10B958002146034A00901BF07AF903B030BD00BFBE
:10B96800BF6A030073B50C46164605461BF050FB2C
:10B9780080F001002946C0B219F0CEFDC368012C41
:10B988009A7907D032462146284602B0BDE8704071
:10B998001BF044BB13441022DB8A29460092002086
:10B9A800024A1BF054F9204602B070BD257003000E
:10B9B80037B504461BF076FB0321204619F0D5FD68
:10B9C8000025034621460120034A00951BF03FF954
:10B9D800284603B030BD00BF0B6F03002DE9F347C5
:10B9E800074602200E4621F0CFFE054600284BD020
:10B9F800B37900210C333344B3F80480B3F806A0BC
:10BA0800B3F808901BF0A1F82846FFF735FF02218C
:10BA18000446384619F0A9FDA4F804806081A4F80A
:10BA280006A0A4F808901BF044FF08F10108B0FB39
:10BA3800F8F303FB1800022360806370AB79B371DD
:10BA4800EA7903F10C00F271D21AD2B22918304403
:10BA580021F005F93946012019F05EFD1022C66073
:10BA68006389394601200092084A1BF0F0F84FF428
:10BA78008031384619F05BFD384629461BF063F8DB
:10BA8800002002B0BDE8F0870720FAE72570030020
:10BA98002DE9F34104460D460146012019F03CFD0D
:10BAA8000121074628461BF050F82846FFF7E4FE18
:10BAB800064600F10108404603F092FBD6F8013033
:10BAC8000221C7F8123073792046BB7519F04DFD75
:10BAD80029460746F08020461BF035F820232146EA
:10BAE800009301203B46034A1BF0B1F8002002B046
:10BAF800BDE8F081F16F03007FB504460D460146AD
:10BB0800012019F009FD50E8003F43F4806340E844
:10BB18000036002EF7D120461BF07AFAD8B320461B
:10BB280019F00BFD430715D53346324620460DF173
:10BB38000F0119F090FF9DF80F30062B0AD8284600
:10BB480016F082FA012200232046FEF7C5FC0020E9
:10BB580004B070BD0E2128461AF0F7FF2846FFF7FB
:10BB68008BFE0646FFF7AEFDC6F80510FFF7AAFDE7
:10BB78002946C6F8010020461AF0E5FF03212046B1
:10BB880019F0F3FC00220346009221460120034AE3
:10BB98001BF05DF8DBE70821DDE700BF0F6F03004E
:10BBA80010B5054C054A204605491BF09BF920466F
:10BBB800BDE81040FFF7E8BD7C1A0020EB700300D9
:10BBC80035BD0100F7B58B7904460C33CE18CB5C34
:10BBD8000D46023B0F2B00F2A080DFE803F0089E21
:10BBE8009E9E9E739E829E9E2C689E9E9E4F16F0E1
:10BBF80059FD71780746204619F006FD2021204698
:10BC080019F095FC214601201BF090F821460020F0
:10BC18001BF08CF801230093002321461846404A64
:10BC28001BF015F8284616F00FFA384616F040FDB6
:10BC3800012003B0F0BDB3887288717819F0F1FE65
:10BC4800204619F07AFC830708D4294620461BF0C1
:10BC580029FA012120461AF060FFE9E72146012070
:10BC680019F05AFC2F4B82689A4203D121460120D1
:10BC78001BF02CF8284616F0E7F9EAE7777808462B
:10BC8800B67816F0E1F9162F05D132460321204681
:10BC98001BF018FCCCE72146012019F03DFC836815
:10BCA800002BC5D03246032120469847C0E70146FD
:10BCB800012019F031FC07462846767816F0C4F9B9
:10BCC800BB68EDE70146012019F026FC0746284627
:10BCD800767816F0B9F9BB68002BA9D03246042152
:10BCE800E2E70146012019F017FC0F4B82689A42DF
:10BCF80003D0284616F0A8F99AE7D6F80120D6F816
:10BD080005302046FEF7E8FB284616F09DF9214647
:10BD180001201AF0DBFF02219CE7002089E700BF21
:10BD2800A17003000B6F03000F6F03002DE9F341AF
:10BD38000C4605461BF06CF9A37900286BD00C3330
:10BD480014F80380E618B8F1010F41D0B8F1080FD4
:10BD580039D0B8F1000F51D1718928461AF065FF22
:10BD6800B188738872788B4294BF074600270929E7
:10BD78000B4638BF0923013B9BB29A420FD8002AD1
:10BD880008BF00270846F38832891AF06DFE40B9CB
:10BD9800204616F059F9012002B0BDE8F081474667
:10BDA800F0E7002FF4D02946002019F0B5FB102247
:10BDB800C46073890092013B1B4A9BB2294600204C
:10BDC8001AF045FFE7E7214628461BF0BFF8E2E7EF
:10BDD8002846F1881AF029FF0746701C1BF02BFE35
:10BDE8000028D5D0002FD3D02946002019F094FB85
:10BDF8002023C4600093F3880C4ADFE721462846D5
:10BE08001BF04DFC0028C6D12146284602B0BDE8EB
:10BE1800F041FFF7D7BE23441B7B0E2BD3D021461E
:10BE280028461BF02BFCEDE76DB90100A96F030054
:10BE380038B504460D4619F080FB42070BD420465E
:10BE480019F07BFB830706D429462046BDE8384015
:10BE5800034A1AF0DCBF284616F0F6F8002038BD71
:10BE6800B9B9010038B504460D4619F05EFB00F07B
:10BE7800180010280CD1204619F05FFB10F4C02FD1
:10BE880006D129462046BDE83840044A1AF0BFBF0B
:10BE9800284616F0D9F80C2038BD00BFE5B90100D6
:10BEA800014A1AF0B4BF00BF99BA010070B505463F
:10BEB8000C460146012019F02FFB0646284619F0CA
:10BEC8003CFB020704D5204616F0BEF8002070BDE2
:10BED80033685B05F7D428461BF09AF840B1214631
:10BEE8002846FFF7A5FF18B921F04EFC044630B1EB
:10BEF80021462846BDE87040024A1AF088BF07204C
:10BF0800E5E700BF01BB010073B504460E4619F012
:10BF18000CFB00F0300010284FF0020031D121F066
:10BF280033FC054678B34379022143F00203437199
:10BF38001AF00BFE2846FFF79FFC2946467020465C
:10BF48001AF001FE1621204619F05EFB202120463A
:10BF580019F0EDFA214601201AF0E8FE21460020EA
:10BF68001AF0E4FE20461AF087FF0121204619F056
:10BF7800FCFA0346012021460090044A1AF067FEA5
:10BF8800002002B070BD0720FBE700BF396F030037
:10BF98002DE9F04387B004460E4619F0CEFA00F4B6
:10BFA800C060B0F5C06F06D1022021F0EDFB054658
:10BFB80010B9072054E000252146012019F0ACFAF9
:10BFC800814696F8068000F1120208F10C08B04488
:10BFD80008F10F0308F11F0153F8040B8B4242F8D4
:10BFE800040BF9D1032130461AF0AFFD3046FFF7B4
:10BFF80043FC0A22074608F10501013020F0E5FD5F
:10C008000C210DEB010003F04BF803AB03CBC7F891
:10C018000B00C7F80F10059B07F10B02C7F8133088
:10C028000DB30A2128461AF090FD2846FFF724FC94
:10C03800294620461AF087FD4FF480712046C9F83A
:10C048000C6019F074FA0321204619F08EFA0025C5
:10C058000346214601200C4A00951AF0F8FD2846AF
:10C0680007B0BDE8F083204607F11303012119F05A
:10C0780087FE204631461AF066FD2046C9F80C5066
:10C0880019F09AFEDFE700BF2D710300F0B589B003
:10C098000D4604461BF040F8AB79002800F0A38059
:10C0A8000C33EA18EB5C033B082B00F23881DFE81D
:10C0B80013F00900360136018400360136013601D5
:10C0C8005D007E00D2F80100D2F8051003ABB2F88B
:10C0D800097003C302F1130301210B32204619F042
:10C0E8004FFE042128461AF030FD2846FFF7C4FB0E
:10C0F80006460C2105A802F0D3FF05AB03CB334657
:10C10800C6F80100C6F80510079A002143F8092F60
:10C118002046721C19F034FE2146002019F0FCF963
:10C12800034603AA478303CAC3F81200C3F81610CC
:10C1380020460821FDF73CFD4FF40071204619F018
:10C14800F6F9204619F038FE294620461AF0FBFC7D
:10C158000321204619F009FA034600202146714AB6
:10C1680000901AF074FD012009B0F0BD0B2128469B
:10C178001AF0EBFC2846FFF77FFB294620461AF009
:10C18800E2FC16F08FFA05464FF44071204619F08C
:10C19800CEF94FF48051204619F0D1F9284616F00F
:10C1A80087FA4FF48061204619F0CCF9DBE728467E
:10C1B80015F04AFF4FF40071F5E7062128461AF0FA
:10C1C800C4FC2846FFF758FB204619F055FC2946C1
:10C1D80020461AF0B8FC204619F014FE214600202B
:10C1E8001AF074FDBFE72B441B7B043B072BBBD81D
:10C1F80001A252F823F000BF21C2010047C201008A
:10C20800A9C2010071C1010071C1010071C1010021
:10C2180071C10100BFC2010020464FF4007119F03E
:10C2280086F9AA7920460C322A4402F10903002132
:10C23800013219F0A5FD284615F006FF93E74FF4E3
:10C248008060FFF7E5F9B0B100274FF400612046A0
:10C2580019F06DF92046CDE90577FDF793FC064600
:10C26800204619F060F939460346009505AAB0B290
:10C278001AF0F9FA77E72146012019F04DF900F193
:10C288001201204619F0D3FD062128461AF05DFC5C
:10C298002846FFF7F1FA294620461AF054FC62E7CF
:10C2A800284615F0D1FE214601201AF03FFD204610
:10C2B80019F0A8FD57E716F0F5F906464FF4007196
:10C2C800204619F034F94FF48051204619F037F917
:10C2D800304616F0EDF94FF4C061204619F032F9F6
:10C2E800294620461AF02FFC2146012019F014F99E
:10C2F800C268054682B1937901210C331A4402F1D0
:10C30800130320460B3219F03BFD204619F054FD6B
:10C318002046E9681AF017FC0023EB6023E70020A9
:10C3280022E700BF2D71030010B5074C07492046CE
:10C3380000221AF0D7FD2046FFF726FABDE8104084
:10C3480001200021FFF76AB9881A002095C0010072
:10C3580038B505460C4619F0E8F800F01800102822
:10C3680006D121462846BDE83840044A1AF04FBD98
:10C37800204615F069FE0C2038BD00BF99BF0100AA
:10C3880038B50C468B7905460C331944E35C142BFD
:10C3980003D0152B0FD0002038BD01311AF094FFBF
:10C3A8001521284622461AF0D7FF214628461AF0BA
:10C3B800CAFB0120F0E70146012019F0ADF80B4B4C
:10C3C80082689A4203D0204615F03EFEF1E7A17933
:10C3D800284621440D311AF077FF204615F034FE27
:10C3E800294601201AF072FCE3E700BFB573030089
:10C3F80037B504460D460A4614211AF0ADFF294602
:10C4080020461AF0A0FB0321204619F0AEF830228E
:10C418000346009221460120024A1AF018FC002027
:10C4280003B030BDB573030010B5074C074920466B
:10C43800074A1AF057FD2046FFF7A6F9BDE8104055
:10C4480020200021FFF7EAB8941A002089C30100D0
:10C45800B973030073B51E46ADF800208DF802309D
:10C46800009B044601A801930D4611461AF016FFD9
:10C478009DF80630B34203D1BDF804308B4205D095
:10C48800284615F0E1FD122002B070BD204619F0D3
:10C4980091F99DF80230827A9A4209D18288BDF8D2
:10C4A80000309A4204D1284615F0CEFD0020EBE773
:10C4B8006946204619F03AFC29462046014A1AF0F6
:10C4C800A6FCE1E7F9C301002DE9F04116461A433D
:10C4D80007460C461D46BDF8188005D12046BDE824
:10C4E800F04111461AF0B7BF414620461AF089FBC1
:10C4F80078B12146384619F00FF840238674C57480
:10C508002146069338464346BDE8F041024A1AF0F0
:10C518009EBBBDE8F08100BF17750300F7B505465F
:10C528000E460146012018F0F7FF036813F0F00FDC
:10C5380003D0294601201AF0F9FB284619F0A1FA80
:10C54800B3790C3333445F789B781F400378C3F387
:10C55800030000EA131038401AF057FF044668B980
:10C5680028461AF05BFF38401AF04FFF044628B9F6
:10C57800284619F089FA00F0E9FE04462846002109
:10C5880019F01AF9172130461AF0DFFA3046FFF78A
:10C5980073F931464470847028461AF0D4FA03219E
:10C5A800284618F0E2FF4022034600922946002060
:10C5B800024A1AF04CFB03B0F0BD00BFCD74030073
:10C5C80008B581B2074819F0E0FC012000F002FD2F
:10C5D80030B9054A536919075CBF43F00403536136
:10C5E80008BD00BFA81A0020A01A0020012383401C
:10C5F800DB43064901F1240252E8002F1A4001F1F9
:10C60800240C4CE800200028F4D17047A01A002020
:10C618000123074A03FA00F002F1240353E8003F1C
:10C62800034302F1240C4CE800310029F4D170478F
:10C63800A01A0020044A4FF08040536A43F40023B4
:10C64800536203F00FBF00BFA01A002038B50E4D8B
:10C65800044601F0DFFAE86B18B115F0F5FC002389
:10C66800EB6302F063FF0948FEF714FCAB6B0BB1F8
:10C67800FFF7E0FF2146044800F004FDBDE838401C
:10C68800034820F0BDBE00BFA01A0020A81A002051
:10C69800C01A0020034B586A10F0050001D1FFF7BB
:10C6A800D5BF7047A01A002038B54FF010131D4CA5
:10C6B8000122E3624FF4E063238647F6FF73002507
:10C6C800A4F8603094F86730656262F3030384F875
:10C6D8006730154A154BC4E91632FEF7F9FF4FF4D7
:10C6E8008073A4F84830124B84F85600E361114B6C
:10C6F80065611A6829461378527804F108001344D2
:10C708005B106376A4F8BC50A4F8B45019F03DFC53
:10C71800294604F1940019F038FCBDE838401BF0B4
:10C728009CB900BFA01A002055555500D6BE898E69
:10C73800B1770300701A00202DE9F0411C4C98468F
:10C74800636A0F46DB0715469DF81C602ED448B374
:10C758000120FFF75DFF626A9DF8183022F4C0726D
:10C7680042EAC312052E626284F8546007D101F0D0
:10C77800DDFE50B96D00ADB2BD4228BF3D4694F80C
:10C7880054001BF007F800F00F06012094F86730FA
:10C79800A78566F3030384F86730E58584F830805D
:10C7A800BDE8F0810120FFF721FFD4E70020F7E77B
:10C7B800A01A0020024B586AC0F38000704700BFDF
:10C7C800A01A002010B51D4CFFF7F4FF636A13F0A0
:10C7D800010313D1A8B994F8663094F83110253BB9
:10C7E800DBB20133DBB2032B28BF002341FA03F28B
:10C7F800D207F6D5253384F8663018E094F854301B
:10C8080010B194F85520134303F00503052BE2D12A
:10C8180001F08CFE0028DED194F8673003F00F0297
:10C82800012A05D1032262F3030384F8673010BD9F
:10C83800012262F3030384F86730CCE7A01A0020D2
:10C84800024B586A00F00100704700BFA01A002090
:10C85800F8B52C4C18B1636943F0100363611BF001
:10C8680064F840F27121E28DE66C151F4D43AE422B
:10C87800236DA78D18D2A3F5967301FB0733E768DC
:10C88800181A23893B4483420EDA51436369891B92
:10C8980043F0100363618142D4BF216120611948CC
:10C8A800BDE8F84000F0A0BB40F271277A43A2F53A
:10C8B800AF722261FFF786FF236DA28DAE4207FBA0
:10C8C8000233636023654FF00003E3640E4B0CD31F
:10C8D8001A68616A137B4907617E4CBF92791278A6
:10C8E8000B4493420CDC6376D9E7626A1B685207F3
:10C8F800197B4CBFDA795A78637E5B1A9342F2DA75
:10C908006276CCE7A01A0020701A002038B51A4CBD
:10C918000546636923F01003636101F07BF9B4F8FD
:10C92800BC302BB9A36813F4601F08BFA4F8BC304F
:10C938000121114800F0A6FB104BE361636A5A0419
:10C9480005D485F00100BDE83840FFF781BFA26A31
:10C958006168521A002AF4DA23F0010343F4004311
:10C968006362FFF797FE4FF0804003F07BFDFFF70F
:10C9780021FF0028E5D138BDA01A0020B1770300B7
:10C9880008B5FFF717FFB0B10B4B586A20F0040247
:10C9980010F001005A6203D1BDE80840FFF756BE07
:10C9A80001F038F902F0C2FDFFF744FEBDE8084087
:10C9B8000020FFF7ABBF08BDA01A002038B5054618
:10C9C8000D4C80B10320FFF711FE002384F8453099
:10C9D8000123A4F846300420FFF708FEBDE83840DC
:10C9E8001020FFF703BE0520FFF700FE012384F89F
:10C9F800B650A4F8B830EEE7A01A002070B53B4C4A
:10CA08001646636A03F0010270B95AB115F04AFE7E
:10CA1800636A054623F001036362FFF73BFE28467D
:10CA280015F046FE002070BD002AFBD19B0704D5F7
:10CA3800E36BBBB10120FFF7C1FF94F8303003F07E
:10CA4800FD03012B16D015F02DFE0546C6B10E20AC
:10CA5800FFF7DEFD1AF069FF42F2107303FB0600D0
:10CA6800A06210E0022020F08FFEE0630028E1D1F0
:10CA78000720D8E7FEF72EFD0028E4D11220D2E7E0
:10CA88000E20FFF7B3FD0020FFF7C2FD636A13F025
:10CA98000403C4D140F27122E364E38DE260023BF7
:10CAA800534323611AF005FF0323B0FBF3F303EBB1
:10CAB8004303C31A253384F86630FFF783FE1AF060
:10CAC80034FF60602065B4F8BC00002808BFF5207A
:10CAD800FFF776FD064B05481A6813785278134419
:10CAE8005B10637600F080FA99E700BFA01A002077
:10CAF800701A0020274B70B55A6A0D4609B31607FD
:10CB080047D503F1450603F1460428B3D1061FD5DE
:10CB18002388012B1CD95B0804202380FFF766FDBE
:10CB28001020FFF763FD1AF0C4FE2388B0FBF3F270
:10CB380002FB1300307055B30320BDE87040FFF7C7
:10CB480055BD940625D503F1B60603F1B804DCE714
:10CB58000420FFF75DFDE3E7D20314D5B3F84610D0
:10CB6800B3F8482091420ED222881020520092B287
:10CB78002280B3F84830934228BF13462380FFF73A
:10CB880035FD0420CDE71020FFF742FDF9E7052029
:10CB9800D3E770BDA01A00202DE9F04F4FF0000B2D
:10CBA800304C89B0A66B636BB779C4E90DBB0C3701
:10CBB800F51901936B6A904682468946039301F002
:10CBC8004FFEF35D05F108073946C3F3C01306A805
:10CBD8008DF8183018F0C3F8FF238DF81930636A00
:10CBE80001A8C3F380230E358DF81A30CDE9045718
:10CBF8008DF808B08DF81BA08DF81C908DF81D805D
:10CC0800FDF726FB304615F01FFA636A23F024026D
:10CC1800DB07626205D40120FFF718FD09B0BDE803
:10CC2800F08F114B94F854501A68052D13785278E8
:10CC380013444FEA630363760FD094F854001AF054
:10CC4800A9FD00F00F0594F86730012065F3030390
:10CC580084F86730FFF75AFEE0E701F067FC002828
:10CC6800EBD0F0E7A01A0020701A002070B58AB047
:10CC780005466B46484AAC7910685168127A03C376
:10CC88000C3408201A702C44FEF7C2FC20B1012293
:10CC98002846A11D20F097FB0021A379CDF821108B
:10CCA8008DF80F30A37AADF8251003F00F0303F1C8
:10CCB80028026A4412F8282C8DF82010ADF81020AC
:10CCC800062B08D8DFE803F0044F07075F074B007F
:10CCD8000D20FFF79DFCA37A0DF11301C3F3801318
:10CCE8008DF81230E3680DF11200CDF81330238A65
:10CCF80009AEADF8173000231A4618F017F8E37993
:10CD08001C218DF819304FF47F43ADF81A307F237A
:10CD18008DF81C30637928468DF81D300023ADF856
:10CD28001E30AB7903AC1233AB7120F0A9FBAB79A1
:10CD38002B440C33224603CAB24218605960144689
:10CD480003F10803F6D1106829461860134820F04B
:10CD58003EFC4FF0804003F085FB0AB070BD0D200B
:10CD6800FFF744FCB7E7D4F81230CDF82130E38A56
:10CD7800ADF82530EB79063BEB71A37AC3F3C0130A
:10CD88008DF82030A7E7064B5B6A9B0444BF42F04E
:10CD98000102ADF810209EE733E40300C01A00201A
:10CDA800A01A002070B583790C33C4182379DA07E8
:10CDB80002D44FF0FF3070BDA37AE27A03F00F057A
:10CDC800082DF6D8062D01D92846F4E7911F1F290A
:10CDD800EFD8012D1FD10C2AEBD1244E736A13F022
:10CDE800060F01D1DB05EFD417F0AFFF20B917F01C
:10CDF800A3FF0028E8D1DCE7A37A96F83020C3F334
:10CE0800C010B2EBD31FD4D104F1120100F001001D
:10CE1800FEF710FBEDE7042DD6D11449144A486AF1
:10CE28000240002AC5D0C96B0029CDD08A79C3F346
:10CE380080130C3288188A5CB3EBD21F08D017F025
:10CE480084FF0028C0D117F06CFF0028BCDBB0E7D6
:10CE580004F10C01062208301FF0A7FE044617F063
:10CE680074FF0028B0D1002CAED0ECE7A01A002047
:10CE780008000400F0B5244C87B0606B00B3A76BC2
:10CE8800BE79FCF77FFE0223FF210C36BA5DCDE99F
:10CE98000431BD1995F8233000215B090393AB8B4E
:10CEA800D20902936B8B80B201932B8B009305F10F
:10CEB800080319F0EEFB606BFDF70CF900236363C0
:10CEC800A06B15F0C1F80023A363636A23F0040282
:10CED800DB0762620CD594F85450052D0AD101F095
:10CEE80025FB38B194F8673065F3030384F867309D
:10CEF80007B0F0BD94F854001AF04CFC94F8673071
:10CF080060F30303F2E700BFA01A002013B5154C25
:10CF180015F0C8FB236A01930023236215F0C8FBB0
:10CF2800019BA3B9636A1A0406D519F0A9F8A0B140
:10CF3800636A23F400436362636A1B0305D5FFF742
:10CF480099FF636A23F40023636202B010BD01A84D
:10CF580020F074FA19F0FFF8E2E74FF0804003F090
:10CF680081FAE9E7A01A002010B5074C2368DA0611
:10CF780007D523F01003236018B90120A16817F022
:10CF8800A7FE0023A36010BD601B0020014610B55A
:10CF98000446022017F09CFE054B1B68D90305D4F4
:10CFA80063691A075CBF43F00403636110BD00BFE7
:10CFB800601B0020014BD868DC387047601B0020DC
:10CFC800034B10B5DC681AF0B0FCDC3C201A10BD2D
:10CFD800601B0020034B1B6813EA004314BF0120A9
:10CFE80000207047601B002038B5002303604369A8
:10CFF800044658070DD5204650F8081FC90C01F4FF
:10D00800FC7141F00501FDF7F3FE636923F00403A9
:10D0180063616369D90602D51AF087FC6060184815
:10D02800024652F8043F8BB92360146083684BB101
:10D03800617E5A7E914219D26269D2060ED50020CD
:10D04800FFF792FFBDE8384019F0F6BC59686568EB
:10D05800491B0029E8DA1A461B68E4E75A681B6985
:10D06800134462689B1A002BECDBE8E71A895B68BB
:10D07800D31A62681344E268D342E3D5DFE700BFFE
:10D08800601B002038B504460A4D0846AB68A34229
:10D0980001D1FFF769FF6B68074A1BB1A342196802
:10D0A80004D11160BDE8384019F0C6BC1A460B46D9
:10D0B800F3E700BF601B0020641B00202DE9F04748
:10D0C800754D2B685B0700F1AF80AB68002B40F013
:10D0D800AB8055E8003F43F0040345E80032002ADE
:10D0E800F7D16C689CB11AF020FCD4E9043717F02A
:10D0F800100F0646A26819D010FA82F26260206802
:10D10800D4F8048038BBDC334344C5E9024355E80E
:10D11800003F23F0040345E80037002FF7D1AC683F
:10D12800002C74D1BDE8F04701F006BC606892B2EB
:10D13800811AFF07A1EB060109D40029DFDAE768A5
:10D14800DF1BCF4205D432441844831AD6E700299E
:10D15800D5DA20464FE041690289CF06D0F804E0CD
:10D1680048BF06EB020EAEEB020211F0010C11BF34
:10D178001146D0E90371C91B891808EB03077F1A08
:10D18800002F28DDBB4205D9E768A1EB0801DC3791
:10D198008F423AD9D4F814A01AF0010F1DD1216991
:10D1A800D0F80C9027894144A1EB0901C91BE76815
:10D1B800A1EB0E01DC37B9420FDD971BBCF1000F64
:10D1C80003D10169A1EB09010F44002F05DB4B4690
:10D1D800C0F804E00446006892E7477E617E8F420B
:10D1E800F9D2921BBCF1000F03D1D0E903135B1AEB
:10D1F8001A44002A02DAFFF7C9FE72E71AF0100F84
:10D20800A7D0C368C0F804E0E4E70B46E3E7A368E7
:10D2180013F4601FC3F3C24008D121462B6843F0C2
:10D2280010032B6017F054FDBDE8F08704F10806E1
:10D238003046FDF7EBFD2B68214643F010032B60C9
:10D24800F8B917F045FDA36813F4601F4FEAD341FE
:10D25800C3F3C24517D0013DEDB201F4FC7130466D
:10D268002943FDF7C5FD03213046FDF72DFE75B1B5
:10D27800A268237E1344120C9BB212041343A360CA
:10D28800D2E73846CEE703213046FDF71DFE30468B
:10D29800FDF700FEECE700BF601B002008B5034B5C
:10D2A800996809B117F014FD08BD00BF601B002084
:10D2B800014B9868704700BF601B00200A4B70B58F
:10D2C8009C6884420FD12146012017F001FD666851
:10D2D80025891AF02AFBAD1BC54221464CBF002008
:10D2E800022017F0F5FC70BD601B002010B500246B
:10D2F800034BC3E90044F4F7EBFF204610BD00BF21
:10D30800701B0020064B10B51B680C4610B102F0CC
:10D318005BFE034618795B8804FB003010BD00BF34
:10D32800701B0020084B10B51B680C4610B102F0AA
:10D338004BFE03465A88A2423DBF1B79A41AB4FB90
:10D34800F3F0002010BD00BF701B00200138C0B2F0
:10D3580003289ABF014B185C002070473DE4030086
:10D368008BB200294FF00A01B4BF053B05331BB24D
:10D3780093FBF1F3014A908093717047701B002072
:10D38800024B9B79C01A40B2704700BF701B002047
:10D39800024B9B88C01A00B2704700BF701B002068
:10D3A800054B1B681B6A13F0100003D013F0030031
:10D3B80018BF0120704700BF781B00202DE9F341FA
:10D3C80000264FF0FF31044601A8019601F0D0F87D
:10D3D800019949B12046FCF7EFFA032806D0052841
:10D3E8002FD001A820F00CF8012023E01B4D1C4889
:10D3F80001F05EFC2B683046597E01F029FC2F684D
:10D40800184E786BD6F8088020F07FF8414602461F
:10D41800384617F059FF2B68B0685B6B036001F062
:10D42800C9FB2B681B6ADB0407D52046019917F056
:10D4380016FF002002B0BDE8F08101A81FF0E0FF50
:10D44800F7E7019801F04AF92046019917F0BCFE68
:10D458000028C9D0304601F02BFCEAE7781B0020F1
:10D4680041D601009C18002038B5264904460B7D9A
:10D478004A7D0133DBB2B3EB921F0B7503D3032351
:10D4880000200B7538BD016AC9022ED5032390F818
:10D498008220243A92FBF3F303EB4303D21A25329A
:10D4A800D2B2B4F8481094F8833011F01001B4F9EE
:10D4B800620084F8822003F00F031CD11AF0A4FA4A
:10D4C80004F17405014628461AF03FFA284601F08F
:10D4D8007FFA00221146104617F0FCFB94F88200F0
:10D4E80000211AF090FA0120CCE75B001A4102F003
:10D4F80003022532D5E702461946002001F0D8FC80
:10D50800DEE700BF9C1800201F4B2DE9F0410446C0
:10D518001860006B1FF0F9FF01462046FCF7DCF9A4
:10D52800B4F84830194E03F01403142B0CBF002232
:10D53800226BB36820461A60FFF796FFFFF730FFAB
:10D54800134B051E134808BF184601F0B1FB636969
:10D55800676803F010081AF0E8F96D000346627E68
:10D56800E8B2B8F1000F03D1FF1AB7F59B7F07D5D2
:10D57800114601F04BFBB068BDE8F04101F01ABB61
:10D5880061681AF0D8F9F6E7781B00209C1800208B
:10D598002DD601007DD6010070B50546FFF700FFC6
:10D5A800104B041E104808BF184601F081FB28469E
:10D5B800FFF75AFF0D4E054660B133686000597E8B
:10D5C80000F0FE0001F022FBBDE87040084B9868AF
:10D5D80001F0F0BA01F06CFB29463068BDE87040F4
:10D5E800FBF7BABE2DD601007DD60100781B0020BE
:10D5F8009C180020034610B5094C052B20680AD05A
:10D60800062B0CD1002001F053FB20680121BDE856
:10D618001040FBF7A1BEBDE81040FFF7BDBF10BD2D
:10D62800781B0020032803D1024B1868FFF7B4BF0A
:10D63800FFF7E0BF781B00200C4B032810B51C68CF
:10D648000FD1206B1FF061FF01462046FCF744F91B
:10D65800074B226B9B682046BDE810401A60FFF715
:10D668009BBFBDE81040FFF7C5BF00BF781B002077
:10D678009C1800200E4A032810B5146805D0042809
:10D6880009D0BDE81040FFF7B5BF617E0120BDE8B5
:10D69800104001F079BA2046FFF790FE30B101F052
:10D6A800DFF82046BDE81040FFF776BF10BD00BF89
:10D6B800781B002038B50D460446002001F0F8FA22
:10D6C80001F0CEF829462046FCF790FA0022014BDB
:10D6D8001A6038BD7C1B00200123074A03FA00F0BA
:10D6E80002F1140353E8003F034302F1140C4CE821
:10D6F80000310029F4D17047B4180020F8B5244F40
:10D7080005467B690C4613F4C07F03D099063BD4C9
:10D7180001200CE039B15A0705D4D5F8A43013B963
:10D728000820FFF7D9FF7B699B0601D50020F8BDCB
:10D738007B7FAE6A022B06F0080604D916B114B92D
:10D748000220F4E7E4B995F8921095F8370106310C
:10D7580000F00F00FFF7D6FD85B20EB904B16D00D9
:10D76800FFF72EFCA8420DDB7B6913F01C0FDDD1FF
:10D778001EB1002CDAD10520D9E7002CFBD1D5E762
:10D788000320D4E70420D2E7002CCFD0C3E700BFA2
:10D79800B418002038B50446114D4FF480616B6908
:10D7A800283043F400736B611AF07AF8012120469F
:10D7B80017F0C8FE00212046FFF7A0FF014620B160
:10D7C8002046BDE83840FFF775BF6869617E80F480
:10D7D8008070C0F30020BDE8384001F0D5B900BF23
:10D7E800B418002038B504460B4B186000F5947047
:10D7F80001F0EEF82046FCF7C5F9C4B2204617F050
:10D8080075FA0546204617F073FA294602460220A3
:10D8180017F060FA38BD00BF7C1B002008B5002057
:10D8280001F046FA01F01CF80022014B1A6008BD0D
:10D838007C1B002010B50446FFF7D4FF064801F012
:10D8480037FA6168226C637E1120BDE8104001EB55
:10D85800920201F04BB900BF2DDB01003F4B37B5F9
:10D868001C680023A26A01935005D4F8A03012D591
:10D8780004F1A40001931FF0E1FDC4F8A00050B129
:10D8880094F846314FF48061013B84F8463104F145
:10D8980028001AF005F8D4F8A0500DB9304B9D684F
:10D8A80094F94631022B0DDCD4F8A83013B1A36AE1
:10D8B800D90502D5D4F8AC3023B14FF480512046B5
:10D8C800FCF776F9D4F8A410A36A002914BF012143
:10D8D8000021AA794FEA830302F10C0203F00C033A
:10D8E80043EA0113A95C21F01C0143EA0103AB548C
:10D8F8000DD11B4A02F1140353E8003F23F008033B
:10D9080002F1140040E800310029F3D102E00320BD
:10D91800FFF7E2FE284601F04DF9019B53B15B7910
:10D9280003F00A03082B02D12046FCF745FC01A8A6
:10D938001FF066FD6B799A070ED5A36A1B040BD5F9
:10D948000820FFF7C9FE4FF4004104F1280003B096
:10D95800BDE8304019F0A4BF03B030BD7C1B0020E7
:10D96800B418002000232DE9F04385B004460321B4
:10D9780003A8039300F0FCFD039D35B9F42120466C
:10D98800FFF798FE05B0BDE8F083AB79644F0C3320
:10D998001D442A797B69D6074ED4DD064CBF072083
:10D9A8000420FFF799FE002601212046FFF7A6FE76
:10D9B800054650B97869617E80F48070C0F3002014
:10D9C800400001F045F9FFF749FF039800F086FE93
:10D9D800DDF80C807A6998F80630510603F10C03DB
:10D9E80008EB030915D458F8033006203B61FFF70C
:10D9F80073FEA36A1A060CD404F1280252E8003F09
:10DA080043F0800342E800310029F7D10120FFF7F5
:10DA180063FE4946204617F09BFD99F80430DB0762
:10DA28007BD5002E52D11DB129462046FFF742FE74
:10DA380003A800F077FCA5E7012023F010037B6121
:10DA4800FFF74AFEAE7AF0062FD50220FFF744FE14
:10DA5800A36AAA7A83F00203C2F38002C3F34003E5
:10DA68009A422FD14FF4006104F1280019F018FFF1
:10DA780050E8002F42F4806240E80023002BF7D1E1
:10DA8800A26A82F00202A2627B77AA7AA36AC2F330
:10DA9800C00203F001018A4285D183F0010316F028
:10DAA800030618BF0126A3627EE707F1140353E8B3
:10DAB800003F23F0040307F1140141E80032002A73
:10DAC800F3D1C5E77B7F0133DBB2DDE72046FCF706
:10DAD80059F8C0B217F00AF906462046FCF752F882
:10DAE800CDF80480A38F82B2009331460023022030
:10DAF80017F0F8F84FF0FF3103A800F039FD03994B
:10DB08008B790B44DB7D002B8DD02046FCF772FB14
:10DB1800002D3FF437AF294631E7002E83D0E9E7DF
:10DB2800B418002008B50346114A042B10680BD01E
:10DB380002D8032B18D008BD053B012BFBD8BDE844
:10DB48000840F121FFF7B6BDFFF70CFF094A02F1C3
:10DB5800140353E8003F23F0200302F1140040E8C7
:10DB680000310029F3D1E6E7BDE80840FFF712BE0F
:10DB78007C1B0020B4180020164B033810B51C6815
:10DB8800032818D8DFE800F00702181E2046BDE871
:10DB98001040FFF7E7BE2046FFF7FCFD0E4A02F1F2
:10DBA800140353E8003F23F0200302F1140040E877
:10DBB80000310029F3D110BDF1212046BDE8104005
:10DBC800FFF778BD4FF4806104F1280019F068FE72
:10DBD800F221F2E77C1B0020B418002010B504469F
:10DBE800FFF700FE054801F063F8FFF737FE627E95
:10DBF80061680220BDE8104019F09DBE81DB01007C
:10DC0800034B5B6A13F0060F0CBFE220F12070474C
:10DC1800A01A002008B5FFF74BFB054B834206D13D
:10DC280000F01EFEBDE80840002001F041B808BD24
:10DC3800A01A002070B51E4C1E4801F039F894F85F
:10DC4800673094F8662003F00F030021C82019F00C
:10DC5800DBFE014604F1580019F077FE04F1580084
:10DC680000F0B6FE00221146104617F033F8666839
:10DC780019F05BFE0246FFF7C3FFB61AB6F5FA6F56
:10DC8800054609DCFFF796F9627EA0F5AF712846D4
:10DC9800BDE8704000F0C0BE6668FFF78BF93146FA
:10DCA800637EA0F5AF722846BDE8704000F01EBF45
:10DCB800A01A00202DE1010038B500F0D1FDFFF7D2
:10DCC8007FF9B0F5967F0D4C0CDDFFF799FF0546FF
:10DCD800FFF770F9627EA0F5AF712846BDE83840BD
:10DCE80000F09ABE19F021FEE36C62689B1A0344A7
:10DCF800E3640020BDE8384019F063BDA01A002095
:10DD0800F7B5104C064694F845500F462DB1002043
:10DD1800013D84F8455003B0F0BD0B4B02201B6851
:10DD2800597800F095FF94F830303A46CDE9005321
:10DD380031460323E06B19F075FDE06B00F03AFF04
:10DD48000120E8E7A01A0020701A0020094A02F111
:10DD5800240353E8003F43F0080302F1240040E89D
:10DD680000310029F3D1044B01201B68597800F0D9
:10DD78000BBF00BFA01A0020701A00200289438937
:10DD880040F271205B004343D0B25B1A4343120A4E
:10DD9800B3FBF2F3024A126811445818704700BFE7
:10DDA800A81D002030B58C1AE41A002C08DA124C91
:10DDB800551A64681D44B5FBF4F505FB0444214479
:10DDC800134440F2E242CB1AB3FBF2F39BB242890E
:10DDD8002BB940F27124530004FB0311134601329E
:10DDE800B3FBF2F402FB1432028140F2E2409B1AC8
:10DDF80000FB131030BD00BFA81D00202DE97043A3
:10DE0800064618469DF8183089461446E3B9C31EDD
:10DE1800012B8CBF022503252221FFF773FA40F25C
:10DE28007128154B6D005B6808FB05F581446BB1E3
:10DE380021463046FFF7A2FF4A460146ABB23046BC
:10DE4800BDE87043FFF7AEBF0125E5E77389348964
:10DE58000133B4FBF3F203FB1244F37934815B0022
:10DE6800640008FB03F308FB04F404EB530404EB1D
:10DE780009002844BDE87083A81D002070B50A4C2D
:10DE8800636A5B070DD58B790C33CD1850B9E879E7
:10DE9800CE582989FFF736FA064426646B7984F848
:10DEA800443070BD0120F3E7A01A00202DE9F04F9F
:10DEB80016468DB0021E069108BF00211F46954BDD
:10DEC80005929D6B5B6AAC7938460C342A5DC3F3C6
:10DED800801A61F345122A55314603F04002039235
:10DEE80016F035FF05EB04080790285D08F1080BCC
:10DEF8005946C00916F02BFF039B8146002B44D1DD
:10DF0800002844D116F021FF80F00103DBB252460D
:10DF18003146384603F0010319F025FD0490002826
:10DF280000F08A80039B002B33D1B9F1000F75D123
:10DF3800079B002B72D016F0F7FE00286ED0012246
:10DF48000AA90DF1270016F006FF002874D09DF8E5
:10DF580027302A5D591E4B424B41B3EBD21F6BD180
:10DF6800062258460AA91EF020FE002864D133680C
:10DF7800C8F80830B388ABF804302B5D67F3C713D3
:10DF88002B554FF00009CA4619E00123BFE7039B50
:10DF9800BDE7604B5B6A13F400791CD115F804A047
:10DFA800CAF3801A484616F0DBFE3368C8F8083012
:10DFB800B388ABF804302B5D67F3C7132B55059B6B
:10DFC800544E002B3ED196F8B630002B3AD0013B88
:10DFD80086F8B63030E016F0A4FE002806DA15F808
:10DFE80004A04FF00009CAF3801ADBE700221146AB
:10DFF800104616F0A8FE15F804A08146CAF3801A48
:10E008000028CFD0002302211A4608EB010019F09E
:10E01800E1FB2B5D60F386132B55C3E77A1E57424D
:10E028002B5D5741B7EBD31F06D106223146584620
:10E038001EF0BBFD0028A4D00023049304980DB063
:10E04800BDE8F08F19F071FC074617F061FA059BDF
:10E0580002463946009308F10E009DF85830FFF744
:10E06800CDFE2D4B059A07461B68A2B959780220A8
:10E0780000F0EEFDB06B00F09DFDB36B9A79134490
:10E088001F63FFF715F9254BC361069BBBB9736A7C
:10E0980023F4806316E0D979002000F0D9FDB06B35
:10E0A80000F088FDB36B1E489A7913441F6300F093
:10E0B800FFFD069BC3B9736A23F4806317E0736A94
:10E0C80043F480637362039B9BB1B9F1000FB5D031
:10E0D800002351461A4608F1020019F07BFB2B5D1C
:10E0E80060F386132B55A9E7736A43F48063736260
:10E0F800EBE72B5D0022C3F3C01359460AA88DF83D
:10E10800283016F028FE2B5D9DF8282062F3C713EF
:10E118002B55DAE7A01A0020701A0020B5FE01007E
:10E12800D9E2010004282DE9FF471ED005D80328AD
:10E1380000F0C08004B0BDE8F087431F012BF9D878
:10E1480005384FF0010118BF0120FEF7D3FC19F084
:10E15800ECFB5D4AD36C51685B1A03440020D3641E
:10E1680004B0BDE8F04719F02CBB002403A84FF019
:10E17800FF31039400F0FCF9039858B1FEF712FE42
:10E188000828074603D8514B1E5C31070AD403A858
:10E198001FF036F94C4B5B6A13F0060F12D0FFF7ED
:10E1A8008BFD0FE00728039D13D1224629464648D8
:10E1B80001F08AFA0028EDD001F078F910B10120B9
:10E1C800FEF746FB0121084604B0BDE8F047FEF71C
:10E1D80091BCDFF8F480D8F8244014F0040410D07F
:10E1E80016F002040DD00120AA790C322A44917A43
:10E1F8000090C1F380130C32C1F34011FFF756FEB3
:10E208000446284600F06AFA29460120FFF736FE40
:10E21800D8F82430DA072DD503F0800A95F806904F
:10E2280016F093FD09F10C09A94480F0010399F84F
:10E238000A00BAF1000218BF0122DBB209F10C0191
:10E24800C0F3801019F08FFB60B12CBBD8F82430D4
:10E2580028469B0733D5F40710D4730731D5FEF74A
:10E2680005FD97E7BAF1000F04D1514616F075FD88
:10E278000028EAD0284613F0E7FE18E019F079FCE8
:10E28800044648B1A8790C302844817A0C30C1F38F
:10E298008011FFF735FD0446042F03D1D8F8243048
:10E2A8009907E7D57207E5D52846FEF7DFFC002C6D
:10E2B80088D16FE704B0BDE8F047FFF747BD042FEA
:10E2C800CBD113F0C1FE65E7A01A002082E4030059
:10E2D800032808B50BD1084800F0EAFC0122074BD7
:10E2E800104693F94410BDE80840FEF755BCBDE858
:10E2F8000840FFF717BF00BF2DE10100A01A00205A
:10E30800074B186840F20D1338B9002BC1BF4522DE
:10E318004433B3FBF2F0C0B270470068453BF3E703
:10E32800300B00202DE9F041064614F0BBF90746F2
:10E33800FFF7E6FF35460446286818B16CB9284649
:10E348001FF05EF831680A481FF041F9384614F0AA
:10E35800AFF900233360BDE8F081D0F800801FF0EA
:10E3680007FA2B68013CC3F800802D68E4B2E3E7A4
:10E37800300B0020024BDB6B03B11847FEF78EBF52
:10E38800300B0020C04310B5054A131D53E8003F69
:10E398000340141D44E800310029F6D110BD00BF28
:10E3A800300B002010B5054A131D53E8003F034306
:10E3B800141D44E800310029F6D110BD300B0020AF
:10E3C800F8B516461C4607461946104619F0A2FA33
:10E3D80032462346384619F0A2FA434DD5E90623BA
:10E3E80000EA020401EA030654EA060313D06701AF
:10E3F80004F0806010D56B68180623D43B4B23408B
:10E4080093BB3B4B06F020022340134356D12046D2
:10E41800314619F07BFAF8BDA4F1080333431CD147
:10E42800EB7A012B42D16B68D90743D50323EB72F2
:10E4380004206B8C01336B84FFF79CFF012019F0DB
:10E448006AFAE4E72B1D53E8003F23F08003291DF7
:10E4580041E80032002AF5D1DDE7A4F10C0333438B
:10E4680017D119F058FADBE724F0011323F4A0437D
:10E478003343C6D1EB7A012B18D140F201436A68C5
:10E488000520934314BF00230323EB72FFF772FFA9
:10E49800BDE7231F334302D119F03EFAB7E704F171
:10E4A8007F433343AAD1EB7A022B0FD0042019F013
:10E4B80017FAACE713F40063BAD1B8E70420FFF702
:10E4C80071FF4FF0006001F0CDFFA0E76B689A077D
:10E4D80006D50423EB722B8C032001332B84ABE786
:10E4E80013F02003F7D1F5E7300B002001500100AD
:10E4F8000DD50155014B986A704700BF300B0020BD
:10E5080010B5064CA06A1DF051FF28B9A06A1DF08D
:10E518004FFF00F0010010BD0120FAE7300B00208A
:10E52800014B986A1DF046BF300B0020024B58681B
:10E53800C0F34020704700BF300B002010B50446E0
:10E548004FF40070FFF71EFF084B986A1DF034FF68
:10E5580038B10CB9002010BD4FF40070FFF722FF4E
:10E56800F8E7002CF6D00C20F5E700BF300B0020B0
:10E578002DE9F04F046806468846574D89B0002CAF
:10E5880048D02046A7791EF0C0FF0C3727443C89A5
:10E598000A38B8F1FF3FA4EB000402D04445A8BFF5
:10E5A8004446B5F83890B0EB090713D4002C0EDDBB
:10E5B8006D6B36683D44FF2C224629463046A8BF7D
:10E5C800FF221EF000FF241A36680544F3D109B073
:10E5D800BDE8F08FA9EB0009A145A8BFA146296BAA
:10E5E800C846D6F800A001EB000BB9F1000F0DD01A
:10E5F8004246FF2A59465046A8BFFF221EF0E3FEB6
:10E60800B8EB0008DAF800A08344F1D1A4EB0904C0
:10E618004F44CBE70321A86A03AA1DF029FEBDF8E1
:10E628000E70A14602940A3702ACE86209E0236042
:10E638001B682B602368C3F800902368002F1C46D2
:10E6480011DD2B68453F002BF1D101201FF09CF80C
:10E65800034620600028F1D1019002A81EF0D0FEE8
:10E66800019B3360B3E72B1D53E8003F43F00803D9
:10E678002A1D42E80034002CF5D14FF0006001F06B
:10E68800F1FE0298BDF8102043790A2143F00103F6
:10E698004371069B30606B63059B2A872B638379E4
:10E6A800BDF80E200C3303441C711A812A7ADC71E0
:10E6B8009A719DF80C20072A0BBF0122AB8C1A71A6
:10E6C80001331FBFAB846B8C03F1FF336B841EF0E7
:10E6D8006EFE346855E700BF300B00202DE9F0418D
:10E6E800877905460C37C419237986B013F00208D8
:10E6F8001BD1174E43F0020323716A46D6E90A017B
:10E708001DF0BAFD238969460333B06AADF80430B9
:10E718001DF0B4FD009B9DF90E00EB51FEF730FE95
:10E728006071B37A022B03D8E37106B0BDE8F081BB
:10E738009DF81130012B04D0022B04D02BB90423EF
:10E74800F2E70323F0E70123EEE784F80780ECE71C
:10E75800300B002037B5124B00F00F041B88012C3A
:10E76800ADF8043015D0022C15D18DF8044042F2D2
:10E7780022000C4D6B680340A3420ED0FFF702FE47
:10E788002046FFF70FFEA86A01A91DF0FFFC03B0A1
:10E7980030BD2024EBE70024E9E70020F7E700BFBD
:10E7A80068E40300300B00202DE9FF4117460223DF
:10E7B80000250E46124C8046A06AE372CDE9025548
:10E7C8000BF0F6FB384602968DF80C5019F0A0F8BD
:10E7D8000090617AA06A2A4602AB1DF08DFC0446BF
:10E7E80048B94046FFF7B6FF3B4604462A46012192
:10E7F800304619F089F8204604B0BDE8F08100BF22
:10E80800300B002037B5144B00F00F041B88012C87
:10E81800ADF8043014D0022C16D0002441F60100C3
:10E828000E4D6B680340A34213D0FFF7ABFD2046A3
:10E83800FFF7B8FDA86A01A91DF0BEFC03B030BD02
:10E8480004238DF80430E9E78DF804404FF40064A0
:10E85800E4E70020F2E700BF68E40300300B002083
:10E8680038B5104CE37A23B100221146104619F04E
:10E878004AF800252846E57219F04DF801220321CF
:10E88800A06A1DF032FC2A460121A06A1DF0F8FC9E
:10E898008020FFF777FDBDE838404FF44050FFF780
:10E8A80081BD00BF300B002008B5FFF7D9FF044A2F
:10E8B8000620D38C0133D384BDE80840FFF75ABD46
:10E8C800300B0020F8B51B4D6B68590704D50420A0
:10E8D800FFF758FDFFF7E8FF6B681A070FD513F02D
:10E8E800E1FE0646FFF70CFD0446124F24B1012055
:10E8F8001EF04AFF0146A8B9304613F0D9FE6B68EE
:10E90800DB0615D51020FFF73DFD01F06FFB78B150
:10E9180013F0C8FE0446FFF7C7FF2046BDE8F840DD
:10E9280013F0C6BE3846013C1EF05BFEE4B2DDE7DC
:10E93800F8BD00BF300B0020002210B5084C10466F
:10E94800114618F0E0FFA06A0BF032FB18F0E6FF62
:10E9580020461EF055FDBDE810400820FFF712BD07
:10E96800300B0020014B986A1DF062BD300B00206F
:10E9780038B5154C0546A37A834211D0431E042BA3
:10E9880008D8DFE803F0030E12171900A06A0BF08D
:10E99800E5FF28B92846A57201F016FB0B4B186055
:10E9A80038BDA06A18F0C3FFF3E70121A06A18F088
:10E9B800C0FFEEE70321F9E7FFF7B8FD0028E9D02B
:10E9C800A06AFFF7CFFFE4E7300B0020701B0020A0
:10E9D80073B50446408900F0CBFA0E4DA07B0026A3
:10E9E800287218F068FF6872E07B00F00F00FFF7EC
:10E9F800BFFF0096A37BD4E90021A86A1DF03CFD67
:10EA080032463146304616F065F9206818F085FF21
:10EA180002B070BD300B00200023F0B5012785B08F
:10EA2800174E00938DF80C30C0F340138DF80E305C
:10EA3800C0F3001304461546F7728DF8047002916E
:10EA48008DF80D30FFF7DEFE20B1042018F048FFE6
:10EA580005B0F0BD284618F05BFF717A03466A4698
:10EA6800B06A1DF04BFB06462A463846C4F38011AF
:10EA780018F049FF16F02FF9002EE6D1E8E700BF9D
:10EA8800300B0020F0B5174D85B0074610462A72A6
:10EA980018F011FF1646687202460020CDE90260A0
:10EAA8000B980C4601900A9801390090C9B2A86ADF
:10EAB8001DF0F1FC06462046AC7201F085FA0124EF
:10EAC800094BEC72186016B1002005B0F0BD38464D
:10EAD800FFF798FEC0B20028F6D18020FFF762FC4D
:10EAE8002046F2E7300B0020701B00202DE9F04390
:10EAF8004FF0010985B0224F04460D46904600218B
:10EB0800102268461E4687F80B901EF078F8B86AFF
:10EB18000BF04EFA00238DF80430E3060095CDF88B
:10EB2800088006D5174B1B681B888DF80D90434449
:10EB38000293002330468DF80C30C4F340138DF84F
:10EB48000E3018F0E5FE6A460346797AB86A1DF079
:10EB5800D5FA28B1042018F0C3FE05B0BDE8F0834B
:10EB68002046FFF74FFE0746334601212846C4F3E7
:10EB7800801218F0C9FE16F0AEF8002FEAD1ECE7C3
:10EB8800300B0020701B00200122094B10B50C46E9
:10EB9800DA72FFF737FE10B1042018F0A1FE224602
:10EBA8000021012018F0AFFE16F095F810BD00BF47
:10EBB800300B0020F8B5044616F08EF80746A17908
:10EBC800E279114E521A0C310123B06AD2B22144B3
:10EBD8001DF048FBE579A379ED1A57FA85F5246805
:10EBE8000CB93561F8BDA179E2790023521A0C31CC
:10EBF800D2B2B06A21441DF035FBE379A2799B1AA1
:10EC080055FA83F5EBE700BF300B0020F8B5022377
:10EC18000E4E0D46F372FFF79DFD044620B1BDE888
:10EC2800F840042018F05CBE284618F071FE07462C
:10EC38002A462146012018F066FE3B462246717A94
:10EC4800B06A1DF057FA0028E9D1F8BD300B002052
:10EC58000222084B10B50C46DA72FFF77BFD10B1A3
:10EC6800042018F03DFE22460021012018F04BFE3A
:10EC780010BD00BF300B0020014B187B704700BF50
:10EC8800300B002068B1084B194653F8042F0AB11D
:10EC98008242FAD25B1A9B10013BDBB2034A137320
:10ECA80070470123FAE700BF44E40300300B00205B
:10ECB800014BD863704700BF300B002073B50F4B72
:10ECC80004469B7C0E4EFF2B15D10023ADF80400A3
:10ECD8000DF10302B06A01A98DF803300BF008FEAC
:10ECE8009DF8035022462946B06AF6F7EDF840EA47
:10ECF800052002B070BD034B1D78F3E746250020C0
:10ED0800300B002040250020044BC2B2C0F307217D
:10ED1800986A82B002B0F6F757B900BF300B0020EE
:10ED280010B50D4C0021A06A0BF0AEFB0B49A06A90
:10ED38001DF06DFAFE21A06A1DF058FAA06A0BF0CA
:10ED4800F7FB074BB3F90C208242C8BF98819A8918
:10ED58001A80DA895A8010BD300B00204025002027
:10ED680046250020F0B585B0ADF80210ADF80420B6
:10ED780069464FF0C812ADF806304FF08213ADF86F
:10ED88000000CDE9022304200B460C4C02ADB4F977
:10ED98000C70B1F9002035F9026BBA42A8BF3A46A7
:10EDA800B242A8BF3246013821F8022BF1D103CB79
:10EDB800034B6060596005B0F0BD00BF46250020D8
:10EDC8004A25002073B50546F6F778F92F4E0368F3
:10EDD800FF2D336083882E4CB380337818BF1D46CF
:10EDE800A5742C4D8DF801300DF10303A86A0DF1BF
:10EDF80002020DF101011DF0D4FA9DF8013040B96D
:10EE08000133DBB20B2B8DF80130EDD9012002B0B4
:10EE180070BDA27CFF2A00D0A3748DF80530337032
:10EE28009DF802308DF804300198FFF76DFFC8286F
:10EE3800A8BFC8209DF80330A0818DF80430019840
:10EE4800FFF762FF144B9842B8BF1846E081B4F947
:10EE58000C00FFF733FFADF804000198FFF754FFEB
:10EE6800A081B4F90E00FFF729FFADF8040001985E
:10EE7800FFF74AFF4FF6FF7323826423E0811A46A7
:10EE880018461946FFF76EFF0020C0E7402500200E
:10EE980046250020300B00200CFEFFFF0346034AE6
:10EEA800B2F902000BB1FEF773BA7047462500208D
:10EEB800084B10B5B3F9004030B903EB4103B3F97F
:10EEC80002309C42A8BF1C46A242A8BF2246104658
:10EED80010BD00BF46250020014BB3F90E00704756
:10EEE80046250020014BB3F90C0070474625002049
:10EEF80073B5064613F0D6FB0C4D0446B5F90E0063
:10EF0800B5F90C30B042B8BF30469842A8BF184691
:10EF1800FFF7D4FEADF804000198FFF7F5FE68800E
:10EF2800204602B0BDE8704013F0C2BB4625002061
:10EF380073B5064613F0B6FB0C4D0446B5F90C0044
:10EF4800B5F90E30B042A8BF30469842B8BF18464F
:10EF5800FFF7B4FEADF804000198FFF7D5FE28804E
:10EF6800204602B0BDE8704013F0A2BB4625002041
:10EF7800F0B5C0F3072585B0FE2DADF8040027D005
:10EF88009DF8047013F08EFB124C0646637CAB426E
:10EF98000ED0114B02A918689B880290ADF80C306E
:10EFA8000E4B8DF80850986A1DF031F9FF23237431
:10EFB800237CBB4206D0094B3946986A1DF016F9E6
:10EFC80027746574304605B0BDE8F04013F070BB97
:10EFD80005B0F0BD4625002040250020300B00205C
:10EFE8002DE9F04707460E461446DFF8409086B0F4
:10EFF8000DF10808A9F1100A3A4680215046CDE9DA
:10F0080000980A4BF6F718FD0028F5D1102C254674
:10F0180028BF102530462A4641461DF020FE641BB5
:10F028002F442E44E8D106B0BDE8F08766260020BC
:10F0380030B589B020226946FFF7D2FF6A460C4DE9
:10F0480004AB144603CC9C4228606960224605F153
:10F058000805F6D1074C08AD1A4603CAAA42206033
:10F068006160134604F10804F6D109B030BD00BF51
:10F07800562600206626002010B588B06946202054
:10F0880013F078F9044630B96846FFF7D1FF01223A
:10F09800024B83F82020204608B010BD56260020D9
:10F0A80070B5134B054693F820300C468CB00BB95D
:10F0B800FFF7E2FF0023CDE90033CDE9023354B96D
:10F0C8001C22214605A804941DF099FD04A8FFF709
:10F0D800AFFF0CB070BD102C264628BF102629465D
:10F0E80032466846FFF77CFF3544A41BE7E700BFBC
:10F0F800562600202DE9F84FDFF868908246D9F8A7
:10F1080000B088461746BBF1000F28D0002699F8B2
:10F118000450B54207D13D7099F80400A84214BFC5
:10F128000120022017E074196110C1EBC101594494
:10F138008879C4F3470400F00100B8EB000003D15C
:10F14800062250461DF031FD002806DB02D0661C61
:10F15800F6B2DEE73C70BDE8F88F2546D9E7032014
:10F16800F9E700BFA01D00200022014B1A7170476B
:10F17800A01D0020F8B5054613F094FA104C85F34D
:10F18800070563790646AB4205D10024304613F0E3
:10F198008FFA2046F8BD002720686571277110B1E5
:10F1A8001EF079FC27606379002BEED0C5EBC50013
:10F1B80013F0B0F820600028E7D160710724E5E774
:10F1C800A01D00204840704700EB0010084480B2A2
:10F1D800704700BF90FAA0F000BA80B2704700BF35
:10F1E800044BD3F8012002605B7903F01F0303711D
:10F1F800704700BF77260020234B2DE9F0410029F6
:10F2080014BF0C461C4600250646174613688AB0EC
:10F21800C4F801301379257063715FFA85F84146A7
:10F22800384618F0E4FB38B1237803F128026A4421
:10F23800013302F8288C23700135252DEDD194F87F
:10F2480000803EB142466946A01D1DF008FD0AB087
:10F25800BDE8F081B8F1000FF9D00534F5B22946C0
:10F26800384618F0C4FB40B9B5FBF8F308FB135552
:10F278000AAB53FA85F515F8285C0136252E04F8F3
:10F28800015FEBD1E3E700BF77260020034B00289E
:10F2980018BF03460B449879704700BF77260020B3
:10F2A800F8B50D4682EA124296B231460346284620
:10F2B800FFF788FFFFF78EFFFFF786FFFFF78AFF4C
:10F2C800FFF782FFFFF786FFFFF77EFF0546FFF790
:10F2D80079FF164C002B14BF1F4627460446144BD3
:10F2E800781CA3FB0423E21A03EB52035B0903EB2C
:10F2F800C30203EB8203E41AE4B2214618F077FB59
:10F3080040B93B786E40B6B206FB03F307EB1347F0
:10F31800B879F8BD7B1D2A3701E09F4204D013F865
:10F32800010F8442F9D1F4E72046F8BD7726002082
:10F338004D91CFBA064B074A01201A60064B074A7F
:10F348001A60074B074A1A60074B084A1A60704749
:10F35800EC180020677A0300E8180020A17A03005F
:10F36800E4180020657A0300E01800209F7A030063
:10F37800042808BF032008B5FF21FDF7C3FF42F2A8
:10F388001072064B00F5AF7090422CBFC3F89C007A
:10F39800C3F89C20C3F8980008BD00BFA01A00203D
:10F3A8007FB56D46224CFFF75BFA04F158030FCB8B
:10F3B80085E80F0094F876309DF80F20002163F35C
:10F3C80003028DF80F2094F8AC2003F00F03C82037
:10F3D8008DF80E2018F018FB0146284618F0B5FAEB
:10F3E8002846FFF7F5FA15F085FC002201460420AF
:10F3F80015F070FCD4F8B05018F097FA636A2D1A1B
:10F4080013F4003FD4F8B0100CBF102011208C2D3D
:10F4180094F8A53001F5FA6606DC1A463146FFF77E
:10F42800FBFA012004B070BD3246FFF75FFBF8E736
:10F43800A01A002073B5437901906FF3000343715C
:10F4480001221C2101A81EF0DCF948B1144A01A8C8
:10F45800536A43F4006353621DF0D2FF02B070BDDB
:10F46800019A104C537904F1180643F001035371C3
:10F47800937913440C33254603CDB542186059607F
:10F488002C4603F10803F6D128681146186006488F
:10F498001EF09DF84FF0804000F0E4FFDEE700BF6B
:10F4A800A01A0020081B0020C01A002010B50A4C22
:10F4B800D4F8A80020B194F88B30012B01D000209B
:10F4C80010BD18F032FAD4F8B030181AB0F57A7FB7
:10F4D80094BF0020012010BDA01A002010B5124CC6
:10F4E800636A1B051FD501201EF04EF928B9BDE837
:10F4F80010404FF0804000F0B5BFB4F86C3023F0F6
:10F50800600343F04003A4F86C30FFF793FF04F165
:10F51800240353E8003F23F4006304F1240141E885
:10F528000032002AF3D110BDA01A002010B50D4CEE
:10F53800D4F8A8308BB1FDF7BBFE04F18C038342ED
:10F5480001D1FFF78DF900210748FDF79BFD07481A
:10F55800FBF7A0FC0023C4F8A830BDE81040FFF773
:10F56800BDBF00BFA01A00202C1B0020341B0020A8
:10F5780010B50446FDF79CFE844201D1FFF770F9EF
:10F58800084BB3F8B42032B9D3F8942012F4601FB2
:10F5980008BFA3F8B420FFF7C9FFBDE81040012059
:10F5A800FDF7B4B9A01A0020F7B5424C05460E463F
:10F5B800174618F0BAF994F88B30022B05D0D4F816
:10F5C80084301B1AB3F5FA7F2FD23B4B3B4AEE61CE
:10F5D800CDE900323846D4F8843094F8882094F87D
:10F5E8007610FFF74FFA064615F084FB0022014615
:10F5F800042015F06FFB0020FFF75AFBA54209D144
:10F60800D4F8A83033B1012104F18C00FDF73AFD9C
:10F61800FFF78CFFD4F88430C4F8B03094F8883001
:10F6280084F8AC30304603B0F0BDA54214D1D5F80B
:10F63800A8208AB1D5F8B020121A934205D3002128
:10F648002846FDF71FFD0126ECE7012105F18C0096
:10F65800FDF718FDFFF76AFFD4F884300021C4F8DD
:10F66800B03094F88830284684F8AC30FDF70AFDAD
:10F67800D4F88430C4F8A860C4F89030637E84F865
:10F68800A530FDF797F80E4B1B6888B1DB7994F825
:10F69800A52094F8760093423CBF02F1FF32D3B222
:10F6A80084F8A530FFF764FE0648FDF79DFCCAE71D
:10F6B8005B78ECE7A01A002055555500D6BE898E18
:10F6C800701A00202C1B00202DE9F04F8D798BB08B
:10F6D8000C350D44EB7A07910390002B3BD017466D
:10F6E8002E7B8B46B20916F03F0618BF6E7B02923E
:10F6F800012F05F10E029046049200F0978140F226
:10F708008081FA1E012A26D8029AB2FA82F94FEAB3
:10F718005919B9F1000F1ED02A7B02F03F029A4214
:10F7280019DABB4C636A23F4003363622B7BC3F39F
:10F738008113013BDBB2012B5AD95846FEF7CEFFA5
:10F7480094F88A3083B194F88B30002F40F087808A
:10F75800F2060BD453B107A81DF052FE4FF0000972
:10F7680048460BB0BDE8F08F002F78D17F20DDF838
:10F778001CB02B7B9BF806A04FF0FF0C0AF10C0A7B
:10F78800DA449AF8071084F878004FF600704FF0C2
:10F79800000E94F86720A4F87600C2F3030002F084
:10F7A8000F029B09052AA4F86C3084F86EC0A4F8EF
:10F7B8007AE084F8750000F033811BB1636A43F482
:10F7C80000336362F3071CD5D5F80E30049AC4F8E9
:10F7D8006F3092888F4B9A80AB7A13F0400340F0D9
:10F7E8007782626A22F48052626284F86E304DE059
:10F7F800012FA2D19BF806A00AF10C0ADA44F107FE
:10F8080040D4B20746D4730700F18D80300741BF5A
:10F8180098F8013008F10208C3F3031384F877302D
:10F82800012F40F091809AF80C3003F0C003402B70
:10F8380002D0802B40F088800023626AB4F86C0004
:10F8480022F40032F10620F06000A4F88A306262E7
:10F8580048BF08F1030880B2A4F86C0092E0DDF814
:10F868001CB0042F9BF806A00AF10C0ADA44C6D192
:10F87800B4F86C30580754BF0A230E23F107A4F8D4
:10F888006C30BED594F86E30FF2B9DD0B20705F1D1
:10F898001408B8D5BB1E022B40F2DD8194F8300065
:10F8A800AA7AB0FA80F35B09B3EBD21F00F0D681D5
:10F8B800003818BF01204146FBF7BCFD0346A87A73
:10F8C8004146C009059315F042FA069015F030FA42
:10F8D800616A069A01F4807C05991346002900F0B4
:10F8E800C881AB7ADB09002A00F0AD80BCF1000FBB
:10F8F80000F0A980002840F0A980FE2384F87C301D
:10F90800D8F8003008F10608C4F87D30B4F86C3037
:10F9180038F8022C43F00403A4F86C303E4B9A806C
:10F9280073077FF573AF15F0E5F94FF6FF73CDF860
:10F9380004B000930146374B94F86E20042008F178
:10F94800010815F0CFF961E7344ADAF8003000927F
:10F958004146324694F8560015F0D6FC8044B4F877
:10F968006C0094F88A3020F06000626A80B2002B44
:10F978003FF472AF94F8893040F02000A4F86C008E
:10F9880084F8763016F0200A1BBF98F8023098F8F1
:10F998000310CDF814A043EA01231EBFCDF814804C
:10F9A800A4F87A3008F11208012F56D0069215F003
:10F9B800CCF9F2060DD4069A80F00100C2F3C01B00
:10F9C800C3B25A46134994F86E0017F0CCFF0028CA
:10F9D80056D0042FDDF81CB077D8022F70D8002F2E
:10F9E80073D1029B626A022B00F0F88194F88B3085
:10F9F800002B40F06881BAF1000F40F0CF81D1466A
:10FA080069E0029AB2F1030918BF4FF0010980E6D4
:10FA1800A01A00200F1B00201D1B0020241B002003
:10FA2800042908BF032184F87510C6E6AB4AB2F86A
:10FA38006C90029A09F00309A9EB0209B9FA89F94D
:10FA48004FEA591965E600283FF458AF94F830306A
:10FA5800002B40F09681022350E7530700F1BE8047
:10FA6800C2F3C01B15F071F980F001035A469C4996
:10FA780094F86E00DBB217F076FF002840F0E481BE
:10FA8800BBF1000F00F03881BAF1000F3FF463AE0C
:10FA980094F87720924994F86E002E6815F0EEFCE1
:10FAA80000283FF458AE05F10C0094F8764016F0A3
:10FAB80072FA31460346059A204615F0E1FC4AE6FB
:10FAC80094F88B30002B40F0F280BAF1000F40F030
:10FAD8006581D146626A730648BF98F80030CDF850
:10FAE80020B048BF84F878302B7BD00703F03F085C
:10FAF8004FD5002F54D1F1064BD44FF0FF3108A851
:10FB0800FEF736FD0898FEF7E9FDAB7908A884F8FA
:10FB18006B306B7908F10D0184F879301DF070FDB8
:10FB28000898002852D0C780B4F86C30099003F0C8
:10FB38006003202B636A4FF001020CBF43F400639B
:10FB480023F40063636243791C216FF3000343715C
:10FB580009A81DF056FE002840F03A81099E614C24
:10FB68007379B57943F00103737135440FCCE860BC
:10FB780029616A61AB6107CCE8612962A4F164007C
:10FB880031466A621DF023FD4FF0804000F06AFCA8
:10FB9800E6E508A81DF034FC48460BB0BDE8F08F38
:10FBA8004FF0FF3108A8FEF7E3FC0898FEF796FD32
:10FBB800AB7908A884F86B306B7908F10D0184F8EB
:10FBC80079301DF01DFD08980028ADD101201DF0E9
:10FBD800DBFD089000283FF4C3ADA5E7029BD807DA
:10FBE8007FF53EAFDDF81CB00297C2F3003394F8FE
:10FBF8007620012100920020394AFEF757F9814604
:10FC08005846FEF76BFDB9F1000F40F0F080BAF1ED
:10FC1800000F40F0A680029B002B00F0BC80D4F8B7
:10FC280024A015F092F8034683F00103CAF3C0122A
:10FC38002B4994F86E00DBB20AF0800A17F093FEA5
:10FC480000283DD1BAF1000F7FF485AD514615F07B
:10FC580084F8A8B37FE508F10608D4E54146D00941
:10FC680015F075F8059015F063F8616A059B01F4C5
:10FC7800807C33B1BCF1000F7FF43CAE00287FF4E8
:10FC8800E5AED4F8A8307BB1FDF712FB164B8342E2
:10FC980000F0C88000211448FDF7F4F91348FBF779
:10FCA800F9F80023C4F8A830FFF718FC53E5002240
:10FCB80003980F49FFF778FC8146BAF1000F6FD11E
:10FCC800DDF81CB006E703980A49C2F34042F1E7A1
:10FCD800626A012342F4805286E500BFA01A002020
:10FCE8000F1B0020081B00202C1B0020341B0020A9
:10FCF8000D7B03006DFE01005946584615F02DF89E
:10FD080000287FF4C1AE042FDDF81CB03FF6DDAE4D
:10FD1800022F3FF6D5AE002F3FF463AE012F7FF4DC
:10FD2800D4AE626A029B51075CD4012B03D902F05E
:10FD38000303032B63D094F88B3033B303984649FD
:10FD4800C2F34042FFF730FC034658469B46FEF795
:10FD5800C5FCBBF1000F1BD0BAF1000FB0D00023D7
:10FD6800029394F877203D4994F86E00D5F800A0E6
:10FD780015F084FB002848D1029B002B7FF44FAF7D
:10FD88009EE7012B08BF0323B8E55846FEF7A6FCFB
:10FD9800BAF1000F5BD14FF0000991E74FF000096D
:10FDA80094F877202D4994F86E00D5F800A015F046
:10FDB80065FB002884D005F10C0094F876B016F0A5
:10FDC800EAF851460346059A584615F059FB77E775
:10FDD800636A09A843F400636362DBE691073FF5B1
:10FDE80005AE08E6D807D0D500230293FDE65946AC
:10FDF8000020FEF743F8BAF1000FBDD0B1E758462E
:10FE080017F0B7FE88B9626A95E705F10C0094F817
:10FE180076B016F0C0F851460346059A584615F0D4
:10FE28002FFBA9E7FEF71CFD34E7A97A0498C1F374
:10FE38008011FDF765FF0028A7D0094B039A5846A3
:10FE4800D361FEF74BFC87E7DDF81CB069E70023B8
:10FE58009946029385E700BF0D7B03000F1B002026
:10FE6800317B0300042810B50C460FD006D80328B0
:10FE780016D02146BDE8104017F00FBE431F012BD6
:10FE8800F7D82046BDE81040FFF772BB0022064BAA
:10FE98000120A3F88A2017F01AFE0028F1D010BD1F
:10FEA800BDE81040FDF752BFA01A002004282DE934
:10FEB800F74F0D4617D007D8032872D0294603B04C
:10FEC800BDE8F04F17F0E9BD431F012BF6D8831F9B
:10FED800584258410021FCF70DFE284603B0BDE802
:10FEE800F04FFFF745BB4FF0000901A84FF0FF3175
:10FEF800CDF80490FEF73CFB0198DFF8C88048B1C4
:10FF0800FEF7ECFB0198FCF74DFF082817D001A875
:10FF18001DF076FAFDF7CCF9854201D1FEF7A0FC79
:10FF280001212846FDF7AEF8FFF700FBD8F8383076
:10FF3800002B41D003B0BDE8F04FFCF77BBB019C20
:10FF4800D8F83870A379BE790C331C4414F0ECFE51
:10FF5800E8B114F0E6FE002819DB0C36B85D07EBB3
:10FF6800060B0BF1080A4A465146C00914F0F1FE87
:10FF780068B1D4F80E30CBF80830638AABF80C308F
:10FF8800A37ABA5DC3F3801363F3C712BA55FEF7B9
:10FF980067FC002294F9051098F87600FCF7FCFD40
:10FFA800B5E7074B11201B685978FEF7EDFD054AA8
:10FFB800536A43F02003536203B0BDE8F08F00BFDB
:10FFC800701A0020A01A0020052808BF0320062266
:10FFD800024B013802FB0030704700BF6AE403009F
:10FFE800014B186E80B2704700C001B80A4BD86840
:08FFF80000F07060B0F1106F21
:020000022000DC
:100000000CD008D8B0F1E06F08D0B0F1006F14BF89
:10001000002001207047B0F1406FF8E701207047E1
:10002000000002B870B50E4615460446A8B112F09D
:10003000C3F998B90A4B1C600A4B1E600A4B1D603D
:1000400013F081FE12F064F902F076FD074802F029
:100050007FFDBDE8704002F0F9BA212070BD00BFFD
:10006000C41D0020C01D0020BC1D00201D23030056
:100070002DE9F041854D86B012F01EF9112084491A
:1000800011F06CFF2B6851215A685423B2FBF3F234
:10009000002392B2184611F007FF0446002840F0F2
:1000A000DF8011F0A1FF7B4B19687B4B186809F0CA
:1000B00043FB00F0AFF90446002840F0D1800A204D
:1000C000764A774911F018FE0446002840F0C880AF
:1000D00011F070FC0221322004AA00F05BFA28B96A
:1000E0004FF0FF30BDF810101CF0BEF86E46002334
:1000F000324606212C208DF8063000F04BFA58B914
:10010000304618F02DFB08B130287DD13C2000F09E
:100110005FFA2C2000F05CFA9DF80630190740F1D8
:10012000848096E80300ADF80C10090C02908DF85D
:100130000E109DF8063013F0280F07D1DDE90201FB
:10014000ADF80410090C00908DF806102B681869A2
:1001500000287FD12B685A690AB9524A126852495D
:100160000A609A690AB9514A126851490A6093F8BB
:100170002220D20778D413F090FD02A90246074648
:10018000286817F05BFD0446002869D10AF062FD7B
:1001900013F0CCFD0446002862D1012000F08CFE53
:1001A000444B18681DF057FC0446002858D119F03C
:1001B00002F9044603F0A2F8804618F004FB414619
:1001C0000246204616F020FC0446002848D12B6841
:1001D0001B689B0511D4B7F5FA7F0ED912F05FFAB0
:1001E000012105460846F7F7FBFB0121324A084684
:1001F00013F0B0FC284612F056FA304600F0DAFE52
:100200002E4811F073FD2BE001213C2004AA00F0E0
:10021000C1F940B99DF81030012B14BF4923722356
:100220008DF8063078E74923FAE7F4F735FDCDE994
:100230000401030C8DF80A30BDF81530ADF8080044
:10024000ADF80B309DF817308DF80D3049238DF83F
:100250000E306EE718F0CCF9044600283FF47AAF70
:10026000204606B0BDE8F08193F8232000234FF02C
:10027000FF3004A9CDE904338DF812201BF0A4FF50
:1002800000283FF478AF40F20C44E9E7C41D002099
:100290001D23030000290020202900207F7B03006C
:1002A000D1830100D0E30300B81D0020CCE303009C
:1002B000B41D0020C01D00208BE403005D0302007C
:1002C0000022032101481CF08CBF00BF841F0020C6
:1002D0002DE9F041114818F0FAFAE8B9F8F778F882
:1002E00005460E460D4F07F10C082846314618F01A
:1002F000EAF911F09BFB0446384618F0E4FA10B90D
:1003000040461DF081F802F0D3FC08B9002CECD176
:10031000BDE8F04118F056BABDE8F0812829002068
:1003200008B5054B1B782BB917F06CFCB0FA80F0C0
:10033000400908BD0020FCE7A2260020012310B5DB
:10034000044C2370044B1B6803B1984700232370AF
:1003500010BD00BFA2260020B41D002050EA0103FA
:1003600037B504460D4604D103B0BDE83040FFF771
:10037000E5BFB1F1FF3F08BFB0F1FF3F13D0F8F781
:1003800027F8221845EB010308490948C1E9002371
:1003900000239D420CBF21464FF0FF31CDE90033D1
:1003A000044A13F0EAFB03B030BD00BF700B00201D
:1003B000D81E0020B9030200D3B512F077F9044625
:1003C000F8F706F80B46104AD2E90067B04273EB23
:1003D000070107D3FFF7B2FF204602B0BDE8D040C7
:1003E00012F06AB9D2E900670022311A67EB030301
:1003F0009342CDE90022134618BF4FF0FF31034A64
:10040000034813F0BAFBE7E7700B0020B9030200C2
:10041000D81E00200D4B98420DD8023B984210D8B0
:1004200070B1023B98420ED020F0704020F4604042
:1004300000F590607047064B9842F5D140F21C40A1
:1004400070472120704740F21B4070470AE000F0DF
:100450000BE000F00023044A52E8000F42E80031AC
:100460000029F9D1FBF752B8F81E0020054A52E8DE
:10047000003F034342E800310029F8D1024B1B68DA
:10048000184700BFF81E0020B81D002037B51C68B3
:10049000E10705D518F00AF9164917481CF0ADFE1A
:1004A000A20723D501F074FCD0B9144D019012F0CD
:1004B000FDF8044628461CF0C5FF0190204612F0C6
:1004C000FBF8019890B143799B070CD401A8022155
:1004D0001DF09AF8019801F04BFC18F096F8E6E749
:1004E00018F093F8DEE701F037FCF6E7002003B0E0
:1004F00030BD00BF3C290020841F0020FC1E0020CE
:1005000008B5054811F062FA044B01211870BDE8E6
:10051000084011F06BBA00BF4C290020A326002030
:1005200038B5044648B112F0C1F8054621460848DE
:100530001DF051F8284612F0BFF8064B022193F93E
:10054000000011F053FABDE83840FFF7F7BE00BFD6
:10055000FC1E0020A3260020F8B50C4B0C4F0446CF
:100560000E4638681968154609F0E6F8FFF752FF9D
:1005700050B933462A46386844F4802109F0B6F968
:10058000BDE8F840FFF746BFF8BD00BF00290020D6
:1005900020290020F8B50C4B0C4F04460E46386855
:1005A0001968154609F0C8F8FFF734FF50B933460B
:1005B0002A46386844F4802109F0E2F9BDE8F840A1
:1005C000FFF728BFF8BD00BF002900202029002028
:1005D00038B50A4B0A4D04461968286809F0ACF88A
:1005E000FFF718FF40B9286844F4802109F0AEFAFB
:1005F000BDE83840FFF70EBF38BD00BF002900201E
:10060000202900202DE9F043134B0E461968134BA7
:1006100005468DB01868174609F08EF880B9334644
:100620000A222846009702A91BF0B7FB4FF00008EA
:1006300004460DF10809444505D1002CEFD12046B0
:100640000DB0BDE8F083284659F8041B09F07EFA86
:1006500008F10108EFE700BF002900202029002051
:10066000F8B50C4B0C4F06460C463868196809F073
:1006700063F8FFF7CFFE054648B9E24316FA82F267
:10068000386842F4802246F48021FFF7BBFF2846F9
:10069000F8BD00BF00290020202900200022034BC4
:1006A0001A609A80FF229A71704700BFC626002008
:1006B000064A1379834207D9012312688340134203
:1006C00014BF01200020704700207047001F002049
:1006D000054A03461068002208B91A607047C1072E
:1006E00048BF01324008F7E7001F0020014B18798E
:1006F000704700BF001F0020F0B541EA002087B01E
:1007000040F4902606200F461546F5F771F81DF0C7
:10071000C4F9044640B901461A2004F0A9FA6FF062
:100720008C05284607B0F0BD43688660DAB222B96E
:1007300023F0FF0343F001034360F4F799FA05281F
:1007400004BF40F201136360062F204B0CBF40F240
:1007500001114FF48071204617F0BAFA2361E36962
:100760006BBB4FF4105323808023638002AB2A4677
:100770001E4605F110071D4610685168083203C572
:10078000BA422B46F7D1102130461DF041F9102214
:100790003146204601AB13F02FFE054620B101463D
:1007A00040F2074004F064FA102130461DF03EF993
:1007B000204614F07FF820461DF071F9B1E70023C0
:1007C0004FF410511A4614F081F8CDE7004440046C
:1007D000102A2DE9FF4706460F46154623D8002468
:1007E0004FF00109DFF84480DFF844A0D8F800207A
:1007F00009FA04F3134213D046EA042040EA0A003F
:100800006A46E9B280B2FFF7C5FE48B92A463946C2
:1008100068461CF0CEF918B960B204B0BDE8F087A4
:100820000134202CE2D14FF0FF30F6E7001F00200A
:100830000080FFFF2DE9F3411D4E054601460622CB
:1008400030461CF0B6F920B996F9060002B0BDE8B2
:10085000F0810024A046EF1C2046FFF729FFD8B105
:100860003B88CDF80080ADF80330BB786946E0B234
:100870008DF805301AF095F921280DD0A8B903227A
:10088000294668461CF095F930B92B6860B2336090
:10089000AB88B071B380D9E70134202CDCD12B6850
:1008A0003360AB88B380FF23B3714FF0FF30CDE7E7
:1008B000C6260020034B93F90630013301D1FFF720
:1008C000EDBE7047C6260020F7B5044617F09FFF1F
:1008D000631C58D1FFF7E2FE0024624E3379A34235
:1008E0002CD84FF4004100240846FFF7B9FE20221F
:1008F0004FF0FF315C4834601CF085F9204602F06F
:1009000087FAFF260446594D5CBB594813F075FC25
:10091000014630B110F1880F03D040F2074004F0D7
:10092000A7F90C214F4A43F6FF70FFF715FE20216F
:1009300038204D4AFFF710FE00202AE02046FFF73E
:10094000B7FE60B165B20521284617F0C3F903214F
:10095000284617F0BFF90621284617F0BBF90134E5
:10096000BCE794F97530013305D02B7843B91321D6
:10097000204618F022FD204602F04AFA0446C3E75A
:1009800084F87560F7E72046FFF792FE18B940F249
:10099000064003B0F0BD6B4606220021204617F04A
:1009A000DCF9002845D049238DF806304FF47F410B
:1009B000304840EA04200840FFF752FE0521204657
:1009C00017F088F90321204617F084F90621204604
:1009D00017F080F901222349E3B29A400B6823EA19
:1009E00002030B60244B93F90630A34201D1FFF7B9
:1009F00055FE002005460B791B4A013BC1B29942C6
:100A000021DBFF260020D65402F002FA0546174FDC
:100A1000002D86D095F97530A34205D13B78EBB90E
:100A20001321284618F0C9FC284602F0F1F90546C2
:100A3000EEE76B4606220121204617F08EF90028CA
:100A4000B4D07223B0E75656A64200D025B155184F
:100A500095F90150555401250130CFE785F87560AF
:100A6000E2E700BF001F0020A6260020A4260020E9
:100A7000370004000080FFFFC62600202DE9FF415B
:100A8000354C064601A8FFF723FE2379019A9342CD
:100A90001ED86279012A40D100274FF0FF383D4629
:100AA00010E02368EB40D9070BD5082202AB1146B2
:100AB00068B217F052F920B1039B43453CBF2F4663
:100AC0009846013523799D42EBD378B2FFF7FCFEBF
:100AD000236813F0010529D0002501220135202DBE
:100AE00018D002FA05F71F42F8D13B432360A368F0
:100AF0000C21013343F6FF70174A7361A360FFF7BF
:100B00002BFDA8B1236823EA07032360A368013BF8
:100B1000A36073614FF0FF3519E0022AFAD10F4A42
:100B2000134413F9010D421CFBD0CFE70127DCE78A
:100B300022790A4C013A2146D2B2601C1CF049F8D5
:100B40006DB22246202138202570FFF705FD28468A
:100B500004B0BDE8F08100BF001F0020A6260020E1
:100B60002DE9F043002489B0B54D04213F2001AAAE
:100B70002C70FFF70FFD00B10194019F002F4FD0A3
:100B800000267A1E5742574100242C70AD4D0C218F
:100B90002A4643F6FF70FFF7FDFCC0B10D23AB8082
:100BA000019B2C60032BAC6011D803AC22461421AE
:100BB00043F6FF70FFF7EEFC48B994E8070085E8BC
:100BC00007002A460C2143F6FF70FFF7C5FC019B86
:100BD000042B06D004213F200DEB01020191FFF709
:100BE000BBFC20213820984AFFF7D4FC28B12022F2
:100BF0004FF0FF3194481CF006F803222B795B007C
:100C0000B3FBF2F3914A1370FFF748FDF8F7F2F8DF
:100C1000014618B140F2074004F02AF8002413E01E
:100C200001263746B0E72B68E340DB070BD50822E7
:100C30004FFA84F81146404603AB17F08EF810B90E
:100C40004046FFF741FE01342B799C42EBD38EB135
:100C50001021372003AAFFF79DFC002858D1062059
:100C6000F4F7C6FD1CF019FF044680B901461A20AE
:100C700003F0FEFF3FB13D20FFF7AAFC00242B79D3
:100C80009C42C0F0B880002009B0BDE8F083704AF3
:100C900043688260DAB222B923F0FF0343F0010314
:100CA0004360F3F7E5FF052804BF40F201136360DA
:100CB000684B40F20111204617F00AF82361E369FE
:100CC00043BB4FF41053238080231021638003A87B
:100CD0001CF09EFE102202AB03A9204613F08CFBF1
:100CE0000646102103A81CF0A1FE204613F0E2FDE9
:100CF00020461CF0D4FE3720FFF76AFC46B140F2D4
:100D00000740314603F0B4FF4FF0FF30FFF7DCFD42
:100D100000262AE000234FF410511A4613F0D6FDA6
:100D2000D2E73046FFF7C4FCF0B174B210220321C1
:100D3000204603AB17F011F81028814620D103217B
:100D4000204603AAFFF7D8FC8046494603A81CF0BA
:100D50006DFEB8F1000F0CD040F20740414603F0A1
:100D600087FF2046FFF7B0FD01362B799E42D8D38E
:100D700080E748F2030040EA062080B2FFF728FC33
:100D800010220521204603AB16F0E7FF102881460C
:100D900013D10521204603AAFFF7AEFC8046494641
:100DA00003A81CF043FEB8F1000FD5D148F20500AE
:100DB00040EA062080B2FFF70BFC102206212046F5
:100DC00003AB16F0CAFF10288146CDD1062120467C
:100DD00003AAFFF791FC8046494603A81CF026FEB3
:100DE000B8F1000FB8D148F2060040EA062080B200
:100DF000FFF7EEFBB8E72046FFF75AFCF0B166B20A
:100E000004220C21304602AB16F0A7FF04280AD1B9
:100E1000029B0122C3F300238DF80C300C213046D5
:100E200003AB16F06CFF00231022CDE90333CDE9AC
:100E300005330D21304603AB16F061FF01341EE788
:100E4000A4260020001F0020A6260020A5260020A2
:100E50003700040000444004F8B5104B04461879EC
:100E60000F4B00221D46D1B2884204D913F9017BF1
:100E7000561CA74204D10B4B1B788B4202D9F8BDFC
:100E80003246F0E70649481C1BF0A3FE2C702021D7
:100E9000BDE8F8403820024AFFF75EBB001F002083
:100EA000A6260020A5260020014902481CF0A5B96D
:100EB0005C290020841F002010220A4B2821DA829E
:100EC0006422C3E906124FF6FF721A8402225A60A6
:100ED000002283F82B200F2283F82D0083F82C208A
:100EE000704700BF0C1F002038B5104C94F82B3011
:100EF000D3B1626812F0010516D104F1080003F0C5
:100F00003BFF16F042FF78B14EF6602294F82C3089
:100F10004FF48271534306482A4610F00BFF18B96C
:100F2000636843F00103636038BD00BF0C1F0020FD
:100F3000841F002022F00042052A10B50DD0B2F522
:100F4000827F13D0032A06D1114A536823F002038B
:100F5000536002F0EFFB002010BD0D4A1B88118D7D
:100F60009942F8D1002313850120F5E7084B5A6810
:100F700093F82B4022F00102012C5A60F4D118F0B2
:100F8000B5F8FFF7B1FF204602F01EFCECE700BF0A
:100F90000C1F0020004870471B1F0020044890F8D9
:100FA0002B1000F10F020830012918BF10467047BE
:100FB0000C1F002038B58379044613F0280F25D084
:100FC0000368134DC5F80F308388A5F81330837973
:100FD00000206B7502F074F940B96B68032043F090
:100FE00004036B60BDE8384002F0EEBB436A13F4C3
:100FF000404FEFD1226843F00803C0F80120A288D7
:10100000A0F80520A2794362C271E3E7212038BD30
:101010000C1F00204379024A9B09D05C704700BF37
:10102000B0E403000B6810B503608B88FF2A044608
:10103000838002D10723A37109E0032A08D8054B56
:101040009B5C072B837102D1FFF7E4FFA07110BDF9
:101050000023F0E7B4E403008379024A03F00703B6
:10106000D05C7047A8E4030010B582798B79094CF5
:1010700002F0070203F00703A25CE35C9A4206D188
:1010800006221BF096FDB0FA80F0400910BD00204A
:10109000FCE700BFA0E403007FB5134B0E460546F6
:1010A00004460393A0B118F090FA78B900223146B3
:1010B000204618F0BAFB022807D1012331460093DD
:1010C0002046042303AA16F019FF0DB104B070BD29
:1010D000204618F049FA04460028F7D018F075FAAF
:1010E0000028F5D1E2E700BF0100FFFF2DE9F04F36
:1010F00097B08346099118F0AEF9099883790C33BB
:10110000C45CC5181CF005FA1E2C0646099F24D89D
:10111000012C26D9C54BE340DA0722D5384697F88B
:1011200006801CF0F6F9BBF80A2083B29A4228D256
:1011300014F0010240F0A18004F07F03522B00F074
:101140009C801E2C00F09980099B214600935846F4
:10115000042317F056FD21240CE004F07F03522BEA
:10116000DCD02146062300225846009717F049FD9F
:1011700041F20614584618F073F9204617B0BDE83E
:10118000F08F47443A7B013B1E2A9BB242D8012A8A
:10119000CED9023A1C2ACBD801A151F822F000BFC7
:1011A0003112020031110200351202003111020029
:1011B0002B12020031110200211202003111020033
:1011C0003112020031110200351202003111020009
:1011D0003912020031110200211202003111020005
:1011E00067120200311102003111020031110200B8
:1011F0006B120200311102006F1202003111020065
:1012000031110200311102003111020031110200CE
:1012100073120200522A26D0D22A89D10D2B05E062
:10122000062B0FD0142B83D10CE0052B80D909E0BD
:10123000022BF8E7042BF6E7032B7FF679AFDB07E9
:101240003FF576AF022C00F0F380DBF800309B68AE
:101250009F0516D40BF144001CF0D6F8099BCBF87F
:101260004430002486E7012BE0E7032BDEE7012B67
:10127000D9E7002B7FF45CAFE4E709A81CF0C4F8C1
:1012800069E71E2C584600F0918318F09EF9074636
:10129000002840F08280584618F092F900287CD04F
:1012A00004F07F03522B00F0BC80082C68D1B6B24A
:1012B000152E14BF02201020691D18F06CF90028AB
:1012C0005ED0DBF81430D8074BBF23F0010343F0A6
:1012D00001033946012158464CBFCBF81430CBF8F6
:1012E000143018F089F909980D9017F0F8FB0446AE
:1012F000B0F80180B0F803900D981CF00AF9152899
:1013000014BF0225102505342146284602F044FF6B
:1013100021460390284618F03EF90490B8F1000FDA
:1013200000F04381C84500F24081022109200D9A56
:1013300017F0F8FBBBF80A708246023FBFB23E4688
:1013400040464FF0FF354946039A18F020FC04460A
:10135000002800F06C8118F0F0F9002800F084817A
:1013600001222146584618F08FFA03468DF82E00C8
:10137000002800F01F810D9A009222460821A3E068
:10138000DBF8143013F001063CD023F001030021F8
:101390005846CBF8143018F02FF91E2C63D8032CC4
:1013A00066D9231F142B63D801A252F823F000BF83
:1013B0007F160200711402006F1702007114020000
:1013C000E7120200711402005518020071140200A5
:1013D00073180200711402008918020071140200CF
:1013E0007D140200711402007D19020071140200C4
:1013F00071140200711402009919020071140200A4
:10140000A319020043F0010301215846CBF8143020
:1014100018F0F2F81223324621465846009617F08B
:10142000F0FB09A81BF0F0FF1BE700BF5455454136
:10143000099DBA4C284617F052FB2188B0F801608C
:101440002A46584617F0F2FB2388BBF80A10B3422D
:1014500028BF3346172BB8BF17235846ABF80A30BE
:1014600017F0E5FFFDE6522C00F08F82D22CD8D089
:10147000099B002200932146062325E0099F384658
:1014800017F02DFB0546B0F80180B0F803A03846F0
:101490001CF03FF815280CBF20460220691D02F001
:1014A0007BFEB5F8053004900793B8F1000F07D024
:1014B000D04505D818F0C2FC50B91023009701E0C0
:1014C0000123009742461021584617F09AFBC8E6C0
:1014D0003A460221112017F025FB44464FF0FF3514
:1014E000BBF80A3005909E1E0393063B9BB2B6B232
:1014F000089351462046049A18F049FB814668B388
:101500005146079A18F090FB0446484618F015F922
:1015100040B94FF6FF739C4201D00134A4B2544548
:10152000E7D91BE04FF000030DAAADF8343049466F
:101530000CAB584618F045FA039ABDF83430053A1A
:101540009A42089A0690D8BF1346002DADF8343061
:1015500009DB9D4202D1EB1CB34208DB691C1CD1A4
:101560000A230097AEE7351F9D42A8BF1D460422FF
:1015700011A93846ADF84490ADF846401CF006FA83
:101580002A46384606991CF001FA4FF6FF73043ECE
:10159000761B9C42B6B2C0D1E0E73946059B0435C4
:1015A0005D70584601F028FD5BE60D9B009301231A
:1015B0004246E3E6049B13B1204618F0A2F8204609
:1015C00018F0D3F8D8B1002D54DC0DA81BF01CFF87
:1015D000082358468BF81C3050F80C2B40F202516F
:1015E00092F870208DF8483000238DF8442011AA1D
:1015F000ADF84640ADF84A301BF03BFE31E6ADF8A1
:1016000044000DF12E032146584611AA18F0D9F9CD
:10161000BDF844300590BB4228BF3B46002DADF8D5
:1016200044300ADBAB4202D16B1CB34209DB6A1CBB
:101630000D9B1FD100930A23BAE7B51E9D42A8BF98
:101640001D4602220CA90D98ADF830401CF09EF901
:101650002A4605990D981CF099F94FF6FF73023E42
:10166000761B9C42B6B2E2D0601C80B28145BFF4CA
:101670006AAEDCE702350D998AF8015091E7DDF892
:101680002490484617F02BFAB0F80330B0F80180E8
:101690000493B8F1000F43D0984541D84FF6FF7737
:1016A0004A460221052017F03DFA4546BA46BBF8E6
:1016B0000A400590023CA4B22946584618F042FB65
:1016C000504506464BD04FF400622946584618F064
:1016D000DBF800283ED1304618F0CCFB00280CBFC8
:1016E000022310235745039320D0304618F0C2FB45
:1016F0000690384618F0BEFB069B834203D1039B3D
:101700000133A34213DB384618F0B4FB059B0130CC
:1017100019465870584617F05DFAA2E5F22A0020E3
:101720000123CDF8009042460421CDE637460DF165
:1017300046013046ADF8445002F084FD039B484614
:101740009A1C11A91CF022F9039B023CE41A55458E
:10175000A4B2D8D0049B0135ADB2AB42ACD24FF6A7
:10176000FF739F42CFD10A23CDF80090DBE7DDF86D
:1017700024900024484617F0B2F9B0F80530B0F8CC
:1017800003A0B0F801600746484603931BF0C1FE72
:10179000C51FADB2102D0C9458D82A46F91D0DA8BE
:1017A0001BF061FA002E53D0564551D84A4601210C
:1017B000072017F0B7F9A046074633460A249A4592
:1017C000049307D93946BBF80A0017F08EF90328AD
:1017D000049B04D8B8F1000F1AD039469AE7ADF847
:1017E0004430039B5846ADF848300DAB13930BAA19
:1017F0000DF12E0311A9ADF846A0ADF8505018F028
:101800003FFA0A280446E5D0BDF82C3030B11E4618
:10181000234632460621CDF8009055E6ADF830302B
:10182000BDF82E300CAAADF8323039460423BBF88F
:101830000A0017F065F94FF6FF72BDF82E3093429B
:10184000CBD001334FF001089BB2B8E70424DFE7A7
:101850000124DDE70A23099C8BF81C30204617F091
:101860003EF923460022B0F80110584616F016FC47
:10187000F7E4099C204617F032F90C238BF81C3052
:10188000B0F803202346EEE7DDF82480404617F049
:1018900026F9054640461BF03CFE0023441EBBF8DB
:1018A0000AA08DF8343061D014F001075ED12046D3
:1018B00010F034FD064600285ED00AF1FF332246C0
:1018C000691C03931BF0CFF9424601210F2017F04A
:1018D00029F9B1460490002C04DC30461CF0DFF8F6
:1018E000049917E739F8025B01222946584617F098
:1018F000CBFF023C8DF8340068B9284617F041FE52
:1019000010B1284617F0FDFE284617F02EFF60B1F3
:1019100080238DF8343030461CF0C1F82A460E2161
:101920009DF83430CDF80080CEE529460DAB584601
:1019300011AA18F046F89DF834300146002BEAD180
:10194000039BBDF84420DB1B9A42C2BF0AF1FF3360
:10195000DB1BADF844304046BDF844201CF016F8BF
:10196000BDF844309842B8D31F44B4E7042300259F
:101970008DF834302E46CEE71123F8E75846099A01
:10198000B5F8011016F028FC6BE45846099AB5F832
:10199000011016F07CFC64E45846099916F0B6FC78
:1019A0005FE45846697816F01CFD3AE516F039FDFB
:1019B00037E500BF7FB5174A0646136842F6052093
:1019C00023F00803136018F01DF9054650B168466E
:1019D00002F09AFA002017F0C7FD044620B9294604
:1019E000FFF75AFB04B070BD1022684604F12101D4
:1019F0001BF0DFF838B10121204617F0FDFD6369C7
:101A000023F0010363611EB13146204618F0CBF983
:101A10002046E0E7F01F002007B5837801916A4671
:101A2000082104488DF800301BF023FC03B05DF85A
:101A300004FB00BF841F00200022054BC3E90322E2
:101A4000C3E905221A70DA614FF6FF725A847047B3
:101A5000601F0020014B1860704700BF5C1F002012
:101A600082780D4B13B55A60B0F8032091B210295B
:101A700010D040F60344A1420CD041795B8C8DF824
:101A80000210ADF8042005216A460448ADF8003084
:101A90001BF0EFFB02B010BD601F0020841F002070
:101AA00073B5837901900C33C418C35C132B0ED823
:101AB000042B10D9053B0E2B0DD8DFE803F01E0CCC
:101AC0000C1E0C0C0C0C0C161A0C0C0C2300302BDE
:101AD00013D03E2B1BD0F9F783FA019B834202D02F
:101AE00001A81BF091FC02B070BD2046FFF7B8FFC3
:101AF000F1E7E2780E4B5A60EDE7204601A901F0CC
:101B000045FFE8E7204601A916F060FEE3E700255F
:101B1000084E019B3BB1204656F8043B01A9013514
:101B200098470E2DF5D101A81BF06EFCD3E700BF3E
:101B3000601F0020B8E4030007B500F013F920B1DE
:101B400003B05DF804EBFFF7ABBF00F017F90190AD
:101B500018B1054B1B681BB1984703B05DF804FB37
:101B600001A81BF051FCF8E75C1F0020024610B1F1
:101B7000022804D07047032102481BF032BBFFF754
:101B8000DBBF00BF841F0020024B1A78024B53F8C2
:101B900022301847601F0020F0E4030010B504460F
:101BA0000120FFF7F1FF034B00201C70BDE810403F
:101BB000FFF7EABF601F002010B50446062142F27D
:101BC000050016F028FD2368C0F80330A388A0F8AC
:101BD00007300648F9F726FA16F061FD407920B182
:101BE00016F05DFD407940F4805010BD096203009D
:101BF00010B5044606214FF6284016F00CFD236868
:101C0000C0F80330A388A0F807300648F9F70AFAAD
:101C100016F045FD407920B116F041FD407940F4C1
:101C2000805010BD29B1010038B505460C4669B990
:101C3000022142F21B0016F0EEFCB5F86E30A0F85F
:101C400003300D48BDE83840F9F7ECB9122142F2F3
:101C50001A0016F0E0FC2146B5F86E30053020F889
:101C6000023C04F1100351F8042B994240F8042B74
:101C7000F9D10248E6E700BF95640300D164030090
:101C800001481BF0DFBB00BF701F002040F6FF7350
:101C90002DE9F3410D46B0F86E100192994205D13D
:101CA00001A81BF0B1FB02B0BDE8F081114613465C
:101CB00001229BBB1E481BF08EFCFFF7E1FF044690
:101CC0000028F0D01BF025FC6379074603F00108DB
:101CD0006FF30003637104212046A6681BF05CFDCE
:101CE0004379044668F300034371DB438179B6F816
:101CF0006E200C31866003F001036254C2F30322AC
:101D0000084442EA03124270478022463046294680
:101D100016F061FD2046F9F799F9CEE75C799860F5
:101D200024F0030414435C7100221B68C1E700BF68
:101D3000701F002070B50546064C206800B970BDC4
:101D40008368AB4204D1066810F082F92660F4E79C
:101D50000446F2E7701F0020014601481BF03BBC1F
:101D6000741F002001481BF06DBB00BF741F0020D2
:101D7000014601481BF02FBC6C1F0020034BD868A4
:101D800018B103F10C001BF05DBB7047601F002011
:101D9000044BDA6822B95869003818BF012070472F
:101DA00001207047601F00200138C0B20A289ABF86
:101DB000014B185C00207047F8E4030007B50648A3
:101DC0001BF040FB042101900DEB01001BF01CFCFB
:101DD000019803B05DF804FB881F0020F7B5186870
:101DE00010F0020003D0164E316811B9012003B083
:101DF000F0BD0024042223460DEB020001941BF0E9
:101E0000F9FABDF80630DB0702D4FFF7D7FF044626
:101E100000250C4F57F8043B23B12146BDF80400C0
:101E2000984748B13368002BE0D0074B022193F963
:101E300000000FF0DBFDD9E70135062DEAD1F1E70F
:101E4000881F00208C1F0020CD26002010B50948D7
:101E50000FF0BCFD0024084B0849187020200C60CE
:101E600010F040F9064BC3E90044C3E90244C3E95A
:101E7000044410BD6C290020CD260020881F0020BE
:101E80008C1F002013B5C37A0093B0F80930D0F846
:101E90000520D0F80110007801F056FB04460348F5
:101EA00000F014FF848002B010BD00BF20020403C4
:101EB00010B54178007817F044F90446024800F064
:101EC00005FF848010BD00BF20020404FF2337B546
:101ED0000DF107008DF8073001F064FB044604485B
:101EE0009DF8075000F0F2FE8480857103B030BD8C
:101EF0002003040110B5007817F0A5F90446024844
:101F000000F0E4FE848010BD2002040A38B54B794D
:101F100005465B070C460CD414212046054A16F0F2
:101F20005BFC2046217916F008FD10B9A3791C440A
:101F3000257438BD20E50300837810B5132B0C46BB
:101F400008D1054B1B6803B198472046BDE81040F7
:101F50001BF05ABA10BD00BFA41F002010B5837833
:101F600004461F2B10D80021007816F009FC68B138
:101F7000A37861782078E21C17F09EF804460448A4
:101F800000F0A4FE848010BD2124F8E70224F6E7C7
:101F90002002560010B500210446007816F0F0FB30
:101FA00048B16178207817F0B9F80446034800F08A
:101FB0008DFE848010BD0224F8E700BF2002560188
:101FC00010B54178007817F018F90446024800F07F
:101FD0007DFE848010BD00BF200256020020024B0F
:101FE0001870024B18707047CF260020CE260020B4
:101FF0002DE9F04183780D460D2B90B04FD109ACFF
:102000002646821C00F11A032746106851680832E0
:1020100003C79A423C46F7D113881C213B802846CF
:102020001BF0F2FABDF826402F6814F00C043ED1E4
:1020300038461BF06EFAA0F10208A0450DDA4FF009
:10204000FF3400239C428DF81C301EDB01223946F0
:10205000A31C07A81BF0CEF917E0631C0122394628
:1020600005A81BF0C7F99DF81430012BE9D02346D1
:102070000122394607A81BF0BDF99DF81C3013B1A9
:1020800001331C44D9E78DF81C3001F045FB0128D1
:1020900008D0022837D050B928461BF0B5F910B047
:1020A000BDE8F0819DF81C3013F0010FF4D09DF8CD
:1020B0002F0000F031FC04469DF8300000F02CFCAD
:1020C0000DF11C089DF828200DF12901074605A8EF
:1020D000FEF7A8FF40469DF836200DF13701FEF7C8
:1020E000A1FF0D4B1B78DB0712D405A815F02EFEBF
:1020F000CDE901053A4621463046CDF8008005ABD2
:1021000000F00CF8C8E79DF81C3013F0030FCDE782
:102110004FF0FF30ECE700BFCE2600202DE9F74F4F
:10212000B0F802C006461CF0100F1C460C9F9DF92B
:1021300034A0DDF838B033D05FFA8CF51CF0080F0E
:10214000184614BF05F0080505F00F0517F051F902
:102150008146384617F04DF996F90F3080465A46B9
:10216000042113480193767816F07BFC019BA0B103
:1021700005712268C0F80520A28880F80B90A0F8AD
:10218000092080F80CA0437386733B68C0F80F30B9
:10219000BB8880F81580A0F8133003B0BDE8F08F3D
:1021A000CDE90DAB0C9703B0BDE8F04F16F0FDBACA
:1021B0005CE50300002110B5421D03790446084682
:1021C0001BF011FC024648B16188208815F0BFFF62
:1021D0000446034800F07AFD848010BD1A24F8E715
:1021E00020020A0213B50446007817F0B7F970B15F
:1021F0000023CDE90033E278B4F8011016F03DF980
:102200000446044800F062FD848002B010BD25241D
:10221000F7E700BF20020A04014816F054BB00BFD4
:102220002829002010B5104B1B681C7FD4B1102C3E
:1022300028BF10241BF034F8621C81B20023082050
:10224000D2B20FF031FE044650B9084908481AF0DE
:10225000D4FF084808491AF0D0FF084810F032F8B7
:10226000204610BD0424E5E7C41D00208429002079
:10227000AC1F0020A81F0020942900207C290020EA
:1022800030B5124B0D469942144689B01BD19300CC
:1022900011D505A906A80FF0EDFD08230022039330
:1022A000059BE1B20293069B2846CDE9003241F03E
:1022B00000511AF077FF064816F09DFB00B104713B
:1022C000012009B030BD0020FBE700BFA81F00209F
:1022D000D0E5030022F00042B2F1A04F08B504D1CE
:1022E000034816F088FB012008BD0020FCE700BF72
:1022F000D4E5030070B5FFF78FFF90B1FEF74AFEFB
:10230000002604462046FEF7A7FE0546064800F0D4
:10231000DDFC86802268C0F80620A2880573428111
:1023200070BD0226014CEDE720090115ACE5030064
:1023300000200A4B10B5187100F06AFD04463CB944
:1023400001F05CFABDE81040054906481AF079BF73
:10235000204617F036F86468F1E700BF5A250020E0
:10236000A4290020841F002070B5002000F050FD3B
:1023700001260446074D04B970BD94F8723033B19C
:102380002E7116F01DFA1321204617F016F8646816
:10239000F1E700BF5A25002038B50023094C23601F
:1023A000A38003682360207817F003F8054630B94E
:1023B000054806491AF021FF608801F035FA2846E1
:1023C00038BD00BF5A250020841F0020A42900200A
:1023D00022F00042B2F5887F2DE9F0471C4600F05C
:1023E000E5800ED840F203139A423CD040F2091324
:1023F0009A4200F0C5800E2A00F0B6800020BDE8A9
:10240000F08740F207239A424AD0B2F5037F59D0B1
:1024100040F206239A42F1D120684C30FEF71CFEB0
:1024200025680746664895F8736095F870A095F999
:10243000759095F87680A48816F0DDFA0028DDD036
:10244000EB6C4360B5F8503087720381731E5E42B7
:102450005E41C67280F80CA080F80D9080F80E8066
:10246000A0F80F40CAE7207800F0C4FC0028C5D0CF
:10247000544894F80090B4F80280A788E688257A3A
:10248000648916F0B8FA0028B8D080F80490A0F853
:102490000580A0F80770A0F80960C5728481ADE7D7
:1024A000207800F0A7FC0028A8D060782578FFF7F6
:1024B0007BFC0446444816F09EFA00289ED0057125
:1024C00044719BE7A578012D1ED0022D2DD0CDB9EA
:1024D000E37894F80080023BDBB2022B8CBF01252D
:1024E0003A4A94F90470667998BFD55C94F906402D
:1024F000374816F080FA28B180F80480457187715A
:10250000C671047201207AE7E37894F80080023BF8
:10251000DBB2022B98BF2D4A94F90470667998BFFC
:10252000D55C94F906402B48E3E7E3782A48023B60
:10253000DBB2022B94BF254A012594F8018027784D
:1025400098BFD55C94F90490667994F9064016F02A
:1025500052FA0028D6D0A0F804808771C57180F89F
:10256000089046728472CDE723460822002113F8B2
:10257000014B1A4816F050FA0028C3D00471C1E785
:10258000174894F800806788A688E588248916F0A3
:1025900032FA0028B6D080F80480A0F80570A0F8C0
:1025A0000760A0F80950A0F80B40ABE70D481C7875
:1025B00016F021FA00283FF421AF04711EE700BF96
:1025C0001CE6030018E6030010E60300D8E503004C
:1025D00008E6030004E603000CE6030000E603003F
:1025E000FCE5030014E6030010B5007800F002FCDF
:1025F00040B1132116F0E1FE0446034800F066FBEB
:10260000848010BD2524F8E72002060570B5144625
:1026100006460D46204614210A4A16F0DDF82046EB
:10262000217916F08AF958B9A3790C331C44064B6A
:10263000A6711B79A5801BB1BDE8704016F0C1B82A
:1026400070BD00BFF8E503005A250020024B0020B2
:102650001A68024B5A607047BC1D002028290020D0
:1026600010B5FDF705FD044630B9044816F001F930
:10267000044608B9FDF724FE204610BD2829002095
:1026800073B51C4640F20A6322F000429A4206D813
:10269000B2F5C06F06D8032A20D00D2A57D00020EB
:1026A00002B070BD6FF4C0631A44092AF7D801A3C1
:1026B00053F822F0BB270200672702008B27020095
:1026C0009B270200B32702009F260200D3270200A7
:1026D000E9270200092802005528020000240DF114
:1026E00002000DF103018DF802408DF8034011F056
:1026F00052FB01A89DF802609DF80350019411F06F
:1027000058FB00B101945548019C16F074F900285B
:10271000C5D000234371C371037243726FF072031B
:1027200083720123C3720D2383746FF07C0308222C
:10273000C3746FF052030271037502226FF0250318
:1027400045EA06258271C46005824375A7E72346E2
:102750000422002153F8044B414816F05DF900288B
:102760009DD084809BE7207800F044FB002896D021
:102770003C48267894F90150A47816F03CF90028DA
:102780008DD006714571847189E72478364816F03A
:1027900032F9002883D0047181E7257833486468D2
:1027A00016F029F900283FF47AAF0571C0F805400A
:1027B00075E725782E486468F2E72E482578646826
:1027C00016F019F900283FF46AAF0571A0F805402A
:1027D00065E729482578646816F00DF900283FF46C
:1027E0005EAF057144715AE7637824480D2B96BF9C
:1027F000234A0125D55C247816F0FDF800283FF423
:102800004EAF047145714AE7637800210D2B98BFE4
:102810001B4A1C4898BFD55C6368A27888BF012515
:10282000267816F0F9F808B1067145716378012B26
:102830003FF635AF8DF8043001220021114801AB7D
:10284000247816F0E9F800283FF429AF0123047139
:10285000437124E724780C4899E700BF5CE6030045
:1028600058E6030044E603004CE6030050E603008C
:1028700048E6030040E603003CE6030038E60300B8
:1028800020E6030034E6030030E6030014220021B2
:1028900001481AF0B8B900BFB01F002070B5054656
:1028A0000FF004FF1A4C064663795B070ED414211F
:1028B0002046184A15F090FF2046217916F03DF881
:1028C00020B13046BDE870400FF0F6BEA3790C335E
:1028D00023442DB91A79FF2AF3D001321A71F0E797
:1028E000012D05D15A79FF2AEBD001325A71E8E760
:1028F000022D05D19A79FF2AE3D001329A71E0E7DF
:10290000032DDED1DA79FF2A1CBF0132DA71D8E754
:10291000B01F002054E60300042828BF0020014B0C
:10292000185C704760E6030038B50546084800F0BB
:1029300049F9044648B900F09BF904461DB1054B1E
:102940001B689B792B7000F0ABF9204638BD00BFA7
:102950007CE60300CC1F00202DE9F84380460D489B
:102960000F4616461D469DF8209000F02BF978B9C9
:10297000094B1C6884F80480C4F80570C4F8096029
:10298000A4F80D5084F80F90BDE8F84315F0A6BFE9
:10299000BDE8F88374E60300D01F002038B5054673
:1029A00006480C4600F00EF938B9054B1B681D713E
:1029B0005C71BDE8384015F091BF38BD6CE603008E
:1029C000D01F002010B50446054800F0FBF830B9D0
:1029D000044B1B681C71BDE8104015F07FBF10BD93
:1029E00064E60300D01F002038B505460C460748B2
:1029F000012100F0F7F838B9054B1B681D715C71B7
:102A0000BDE8384015F06ABF38BD00BF94E603004A
:102A1000D01F002038B5054606480C4600F0D2F815
:102A200038B9054B1B681D715C71BDE8384015F065
:102A300055BF38BD8CE60300D01F002038B50546D1
:102A400006480C4600F0BEF838B9054B1B681D71EE
:102A50005C71BDE8384015F041BF38BD84E6030025
:102A6000D01F002010B50446054800F0ABF830B97F
:102A7000044B1B681C71BDE8104015F02FBF10BD42
:102A80009CE60300D01F002038B505460C460748D9
:102A9000012100F0A7F838B9054B1B689D80DC8048
:102AA000BDE8384015F01ABF38BD00BFACE60300E2
:102AB000D01F002070B5064608480D46144600F0A9
:102AC00081F848B9064B1B681E71A3F80550DC71EC
:102AD000BDE8704015F002BF70BD00BFA4E6030062
:102AE000D01F002070B505460B480E4600F06AF86E
:102AF000044678B900F0BCF8084B04461B6825B1C1
:102B0000D3F806202A605A89AA800EB11B7B337045
:102B100000F0C6F8204670BDB4E60300CC1F0020CC
:102B2000044A0346106810B102789A4200D17047F7
:102B30000069F8E7C81F002008B515F098FEFFF7F8
:102B4000A5FE0022014B1A6008BD00BFC81F00206F
:102B500038B50F4C05462146204610F05DFF4FF476
:102B60008270A8470B4B014618604FF482722046D2
:102B700010F057FF4FF48270A847074B01461860CA
:102B80004FF482722046BDE8384010F04ABF00BFC3
:102B9000BCE60300D01F0020CC1F0020084A1368A9
:102BA00033B94178036141F0010141701060704711
:102BB000197802789142FAD003F110021B69EFE70D
:102BC000C81F002010B5044618F074FC28B9034B48
:102BD00022681C60024B1B681A6010BDC41F0020D5
:102BE000D01F00202DE9F84F046898464FEA042AC8
:102BF0000AF4E06AC4F307234AEA030A0AEB02096B
:102C0000B9F5807F83460F46154603D91D26304609
:102C1000BDE8F88F18F04EFC06460028F7D1124B9D
:102C200024F47F44C3F800B024F0C7040F4B44EAF7
:102C300019244FEA09291B681FFA89F944EA090493
:102C400043F8044B53442A46414618461AF00BF801
:102C5000012F04D1FF2DD9D800F8015CD7E7022F4E
:102C600008BF20F8025CD2E7C41F0020D01F00205C
:102C700008B5074B1A68074B52F8040B1968064B46
:102C800049681B689847054B1B68988808BD00BFBA
:102C9000D01F0020C41F0020B4290020CC1F00201A
:102CA0000022024B1A6018F00DBC00BFC41F0020A8
:102CB000054B186808B1C3681BB1003818BF012064
:102CC00070470069F6E700BFC81F002010B5034C2D
:102CD00023681860FDF732FB206810BDCC1F002070
:102CE000F8B504460D4601460020174615F0C0FD14
:102CF0000022184B184E1B6820461C6033681A705F
:102D00005A709A70DA7015F08DFD18B165B9436884
:102D1000220E2BB90F250DE05979914204D00833CA
:102D20001D68002DF8D1F5E73846A84733681B68C1
:102D30004BB9012524F47F4020F0C70040F4007017
:102D4000FFF7C4FF85803268012052F8041B15F09C
:102D50008FFDF8BDD01F0020CC1F002070B50446A9
:102D60000D461B4A13686BB393F87D10586811F039
:102D7000040129D110608C22184693F8706019F074
:102D800042FF034680F870602268C0F85A20A2888B
:102D9000A0F85E20A27980F860202868D864AA791B
:102DA000A98883F85220FF2283F8752083F87620C3
:102DB00040F6FF72A3F86E20064AA3F8501011687F
:102DC00013605960184670BD1A1D0346CBE700BF5B
:102DD000D81F0020D41F0020054A0346106800B900
:102DE0007047B0F86E209A42FAD04068F7E700BF0B
:102DF000D41F0020054A0346106800B9704790F8B8
:102E000070209A42FAD04068F7E700BFD41F002034
:102E100010B9024B1868704740687047D41F0020F3
:102E20000023114A2DE9F0418C21136080460246AF
:102E300001200FF039F8044620B905460B4E3060EA
:102E4000A84502D82046BDE8F08101200FF092F895
:102E500007468C220021013519F0D5FE87F8705005
:102E600037603E1DECE700BFD41F0020D81F0020B4
:102E7000012310B58B4090F87110044621EA03013C
:102E800049B280F87110002949D115F0A3FC204601
:102E900017F0B2FE102104F118001AF0C7FD204609
:102EA000FEF748FF04F138001AF0AEFA204617F09A
:102EB0000BFE214A13681BB19C42596830D1116046
:102EC000A36859050BD51A0509D443F40063A189F9
:102ED00094F87000A36004F17802FFF797FB0023D9
:102EE000204663601AF0B1F915F0F3FD4FF48072DB
:102EF000B2FBF0F2424394F870300344B3FBF2F1BA
:102F000002FB1133DBB2591EC9B2FD29F5D884F892
:102F1000703000236360094B1A6852B91C6010BD01
:102F20001A465B68002BCBD09C42F9D16368536092
:102F3000C6E7131D5268F0E7D41F0020D81F0020F9
:102F400010B5084C206830B9BDE81040064B186039
:102F500001200EF0EDBF436890F871102360FFF779
:102F600087FFEFE7D41F0020D81F002090F87430AF
:102F700003F00B03013BDBB20A2B9ABF014AD05C82
:102F800000207047CAE603001FB5014690F8703074
:102F90008DF80430FFF7EAFFB1F862308DF80C00CD
:102FA000ADF80630B1F8643001AAADF80A30B1F8D6
:102FB00066300748ADF80830B1F86C3040F20311C4
:102FC000ADF80E301AF055F905B05DF804FB00BFFE
:102FD000841F002007B590F870308DF8051001AA05
:102FE00040F2072103488DF804301AF042F903B08B
:102FF0005DF804FB841F002038B50A4B04461B68AB
:103000000D462BB143699B0702D516F02EFA30B15D
:103010002A4620680421BDE8384017F003BDA369A3
:103020009D6138BDDC1F0020014B1860704700BF58
:10303000DC1F0020024B1868003818BF01207047C1
:10304000DC1F002013B50446019120B901A81AF035
:10305000DBF9212012E008460029FAD01AF059FACB
:1030600080B20028F2D0094B20461B6801994BB171
:10307000984728B920460199FEF738F802B010BDEC
:103080000020FBE716F00DFFF3E700BFDC1F002078
:10309000436A70B55904044616D4154A03F4004334
:1030A00092F82B20012A10D1826A92040DD4002BB1
:1030B00000F101010CBF5320142014F078FE18B960
:1030C000636A43F00803636270BD002BFCD1094DB5
:1030D000661C29463046FDF7C7FF0028F4D12B684F
:1030E000C4F80130AB88A4F80530AB79E371E7E7A9
:1030F0000C1F00201B1F00202DE9F041244E86F8F4
:103100002A00002841D000EBC000C10000230122AA
:1031100004200EF0C9FE054658B904200EF02AFF1F
:103120004FF048082F46306096F82A30AB4203DC57
:1031300000252846BDE8F0813468002108FB0544DD
:103140001422A76104F1340019F05DFDA0224FF4B0
:10315000A073C4E90723072304F1100084F8313079
:10316000E773E7711AF050F904F114001AF04CF902
:10317000204615F01DFE40F20113E3857F23A76270
:1031800084F8323067620135CEE73060D0E700BFA7
:103190000C1F0020084A034692F82A10814209D9E0
:1031A000106840B103EBC30300EBC300406A00F0BA
:1031B00001007047002070470C1F002038B50446FE
:1031C0000D46FFF7E7FF034640B10020044B04EB38
:1031D000C4041B6803EBC4032B6038BD2120FBE74C
:1031E0000C1F00202DE9F04F0446344A93B01068BC
:1031F00051680FAB03C3906812AA1860E37B94F880
:103200002E7002EB430333F80C1C636A94F82F60B2
:10321000DA0444D40126374641F0100194F80E80B8
:10322000C3F340495B0348BF49F002098BB288F001
:103230000808012F94F800A094F831500B9304F182
:10324000080BD4E90723C8F3C00894F9324005D02D
:10325000022F03D0042F14BF00270327012E05D00F
:10326000022E03D0042E14BF002603265046CDE9BB
:103270000C2315F041FEDDE90C230121CDE90760A7
:10328000CDE900515046CDE90547CDE903B90B9989
:10329000CDF8088001F014FA13B0BDE8F08FA26AEF
:1032A000950648BF41F02001500648BF41F040015B
:1032B000DA0348BF41F00401B0E700BFD6E60300DF
:1032C00037B5044648B104782046FFF763FF10B9CC
:1032D000002003B030BD0134E4B2074D95F82A3028
:1032E000A342F5D9204601A9FFF768FF08B9019864
:1032F000EFE70134E4B2F1E70C1F0020014B93F833
:103300002A0070470C1F00202DE9F04F054600F100
:10331000100A87B0504605F1140B0C4617461AF0F8
:1033200073F858461AF070F800201AF031FA064681
:10333000002800F00381012F40F2726818BF4FF09F
:103340001F08012C60D0022C0CBF0624042402218B
:10335000304615F037FD0121304615F033FD21468A
:10336000304615F02FFD30461AF0D3F8012384B211
:10337000A8EB04010A22009389B242F607233046E3
:1033800015F070FD04230444A4B2A8EB04010093DB
:10339000122242F60423304689B215F063FD071964
:1033A000BFB2A8EB0709B9F1010F04962EDC002487
:1033B000644F97F82B30002B00F0A08050461AF095
:1033C00023F86B6A2E6143F080026A62DB0400F12D
:1033D000A78097F82B00002840F0A2801AF0D8F9B7
:1033E0000590002800F09C80414615F0F6FC00286E
:1033F00000F0A0805846059C1AF006F86B6A6C61D4
:1034000043F480736B628BE00524A0E700201AF080
:10341000BFF905900028CAD0022100F0ADFFA8F145
:103420000204E41BA4B28442074611D224F0010135
:103430008BB2411A05A803931AF00DF9039B1F469E
:1034400002233FB90598E0B905A819F0DDFFAEE702
:103450000323F6E7791C0498C9B2039315F0B2FC74
:10346000039B0498194615F0ADFC059904A81AF0C1
:103470006BF900201AF08CF90590002832D0E41B7B
:10348000A4B2022C38BF0224A31E9BB20F2B30D94A
:103490001021039300F070FF039B044683421ED269
:1034A00023F00F018BB2411A05A803931AF0D3F849
:1034B000039B1C460623611C0498C9B2039315F0B4
:1034C00081FC039B0498194615F07CFC059904A81F
:1034D0001AF03AF9BB1C1C44A4B23FB968E740B1EA
:1034E0000723E8E705A819F08FFF3C460234A4B291
:1034F0005EE705A819F088FF3C46EEE7A9EB04015A
:1035000089B2304615F069FC0446504619F07CFF3C
:103510006B6A2E6143F080026A62002C3FF456AF62
:10352000686A10F010000AD0284607B0BDE8F04FD6
:1035300015F01DBD05A819F067FFF1E71A2007B0C7
:10354000BDE8F08F0C1F0020F7B50E4601A9154607
:103550001F46FFF733FEF0B9019C626A93050AD457
:103560000F4BA6F12001994217D8A5F120019942ED
:1035700013D8AE4211D8E369B34202D1236AAB42F9
:1035800004D0C4E9076542F0020262629DF820306F
:10359000A78584F8303003B0F0BD2120FBE700BFE1
:1035A000DFFFFF00002370B51349054691F82A405C
:1035B00008689C4201DC1A2019E0426AD60717D439
:1035C00090F83960760713D4DCB2034603F8014B58
:1035D000D1F80F10094EC0F80110B18842F009026D
:1035E0009980B17999714262FFF7FCFD2C7070BD32
:1035F00001334830DDE700BF0C1F00201B1F0020F7
:103600008378F7B5122B0E4644D10B689A790C32A9
:103610001344DD781F790DB145F48055384601A972
:10362000FFF7CCFD00BB019C636A23F010036362CB
:1036300005BB40F20323A069A56180F87670A0F86D
:103640007230D4F801301449C0F85A30B4F805305B
:10365000A0F85E30E37980F8603000F009F92222AA
:1036600029460D4819F0CFFA304603B0BDE8F040C6
:1036700019F0CABE204615F09BFB636A5A0603D5B3
:1036800023F040036362EFE7384604F13401FEF7AC
:103690003DFCE9E703B0F0BD3A1F002073B5144DBF
:1036A000144C6A68236802F0800103F002030B43A4
:1036B0001BD053064CBF0126A67AFDF76FFC01967E
:1036C000837983F00803C3F3C0030093E388A288DF
:1036D000217A607A00F0B0FF40B9236823F002033A
:1036E00023606B6823F080036B60002002B070BD24
:1036F0000C1F0020E01F002001210020054BA3F13A
:103700000802C3E9000043F8081C4FF0101351727F
:1037100053607047E81F0020014B187B704700BFC3
:10372000E01F0020024BD87A003818BF01207047F4
:10373000E01F002070B5224E716811F002013AD1ED
:10374000204D2B68580706D5084600F09BFF2B68D4
:1037500023F004032B602B68726803F0080302F067
:103760000402134310D0FDF719FC83791A071FD503
:10377000FEF73EFA0446C8B92B6823F008032B6015
:10378000736823F004037360FFF788FF044668B989
:10379000EB7A5BB12B685B0708D40121084600F087
:1037A00071FF50B92B6843F004032B60204670BDB5
:1037B000FEF702FADEE71124F8E70446F6E700BF59
:1037C0000C1F0020E01F0020032805D10A4A1368BF
:1037D00043F00803136008E0012808D1064BDA7AA9
:1037E00042B11A6842F008021A60FFF7A3BF10F056
:1037F000FD0FEBD000207047E01F00200020094B98
:1038000010B55862FFF704FB04461CB9BDE8104030
:10381000FFF796BB204641F2160115F047FD64689C
:10382000F3E700BF0C1F0020A0F11B03E02B10B535
:10383000044618D8042142F2240014F0ECFE6FF084
:103840006F0343714223A0F8034083710748F7F7E1
:10385000E9FB14F024FF407920B114F020FF4079F7
:1038600040F4805010BD2120FCE700BF3366030008
:1038700037B504460D4615F040FD6988204615F021
:103880001DF96A7E2B7E204643EA0223A4F86230AB
:103890006A7F2B7F43EA0223A4F86430EA7EAB7E82
:1038A00043EA0223A4F866301B23A4F86C302D4BA6
:1038B000DA8B1B8CA4F86820A4F86A30022384F801
:1038C000723014F086FF204617F071F994F87330C7
:1038D000022B15D101F028F970B194F9753001333C
:1038E0000AD105212046A36843F48053A36003B0A6
:1038F000BDE8304015F061BD0021204615F0E1F82B
:103900000021204600F006FA4FF6FF73288C9842FB
:1039100025D000F0A5F9009400F090F96A46ADF8C2
:10392000040040F20621104819F0A3FC002240F2E6
:103930000221204619F055FC2046FFF725FB2046C2
:1039400017F041F9204600F04BFEA368012123F453
:1039500080432046A36015F038FD03B030BD002041
:10396000D9E700BF0C1F0020841F002007B590F886
:1039700070304FF4887101AA03488DF8043019F0B3
:1039800078FC03B05DF804FB841F00202DE9FF41A3
:1039900003780446302B0E4639D006D8052B25D0A7
:1039A000082B41D004B0BDE8F0813E2BFAD18378DA
:1039B0000C2B4BD8022BF5D9033B092BF2D801A2D3
:1039C00052F823F05D3A0200C13B0200A539020023
:1039D000A5390200593B0200A5390200A5390200B1
:1039E000A5390200A5390200AD3B0200B0F8030082
:1039F000FFF7F2F928B1617909B141F4805115F06E
:103A000055FC304604B0BDE8F04119F0FDBCB0F8FB
:103A10000300FFF7E1F90028F3D0A17809B141F4E0
:103A2000805115F09CFCECE7B0F80300FFF7D4F9E7
:103A30000028E6D0627990F8743022B143F0010397
:103A400080F87430E9E703F0FE03F9E7212B00F07A
:103A5000CC80292B1FD0202BD3D0A3E78088FFF761
:103A6000BBF90028CDD0E278002ACAD1E179A27949
:103A700042EA0122A0F86220E17AA27A42EA012217
:103A8000A0F86420227A617A42EA0122A0F8662036
:103A9000FFF77AFAB5E7C778851C3C2F02D115F0FD
:103AA000E9FBAEE790F80680B8F1000F23D15F4A3A
:103AB000546AC2F82480CFB12946204647F4805783
:103AC00015F01BFCE76084F8728040F2012120466B
:103AD00001AACDE9014719F0CCFBA368414643F4A4
:103AE00080632046A360FFF7C3F98AE72946204692
:103AF000FFF7BEFE85E74FF6FF73408C984220D05B
:103B000000F0AEF8E8B101A8E27904F10801FDF790
:103B100089FA01A815F044FC28B140F20322294695
:103B2000A0F87220E4E7032140F2064014F073FD90
:103B3000A388A0F803300D2343713D48F7F772FACC
:103B40005FE73C4B223455F8042BA54243F8042B85
:103B5000F9D12A881A8054E7B0F80300FFF73CF93E
:103B600000283FF44EAF40F20911B4F8053090F848
:103B70007020A0F86C308DF80420ADF80630227A61
:103B8000E37943EA0223ADF80830A27A637A43EA84
:103B90000223ADF80A30227BE37A43EA0223ADF830
:103BA0000C3001AA244819F064FB2AE78088FFF74B
:103BB00013F900283FF425AFA179FFF70BFA20E7AE
:103BC0008088FFF709F900283FF41BAF90F87030A8
:103BD0000E218DF80430D4F8063001AACDF8053056
:103BE000D4F80A30CDF80930DCE78088FFF7F4F824
:103BF00000283FF406AF90F870304FF403718DF851
:103C00000430E37801AA8DF80530A3798DF80630E9
:103C1000E3798DF80730237A8DF80830637A8DF8D0
:103C20000930A37A8DF80A30BCE700BF0C1F0020D2
:103C3000176503003A1F0020841F002050B10C229A
:103C4000064B1B68C31AB3FBF2F3807A40EA0320E9
:103C500080B270474FF6FF70704700BFB829002050
:103C6000024609490B7A0968FF2B01D100207047F1
:103C700003EB430301EB830031F82330C3F30B0361
:103C80009342F4D0C37AEFE7B8290020044908B57D
:103C900008460FF0C1FEF722024B1A8008BD00BF94
:103CA000E2E60300F22A002010B5044670B3006873
:103CB000836CA34222D1636883642246144919F0BD
:103CC000A0FA04F10C0019F0C0FA04F1440019F054
:103CD0009BFBFFF7AFF958B1A06948B1143019F058
:103CE00093FBA069183019F08FFBA06919F0D7FE7B
:103CF0002046BDE8104019F0D2BE1346002BDCD0A0
:103D00005A68A242F9D162685A60D6E710BD00BF76
:103D1000FB94030070B5054648200E4619F0BDFE21
:103D200004460146482226480FF07BFE84B1FFF787
:103D300081F990B11C2019F0B0FE1C220146A0614F
:103D40001F480FF06EFEA3692BB9204619F0A7FE9D
:103D50000024204670BD00221A700321284614F06A
:103D6000B0FEAB6C22466360AC641723268100264C
:103D70006381144928462560267766640DF0FCFFB0
:103D800004F0A0FB3246014604F10C000DF0F4FFF4
:103D900002232374FFF74EF90028DAD00A4B198862
:103DA0001729D6D9204614F01BFF0028D1D11221A3
:103DB000204615F067FB636943F002036361C8E7BF
:103DC000E2E60300FB940300F22A0020F8B5054662
:103DD00010B3002920DB114C2468247E8C421BDDAB
:103DE0003F2919DC032701F0030600EBA10191F83C
:103DF00031407600B74002F0030224EA0704B240E3
:103E0000224381F8312013B1002115F0F5FB28463B
:103E1000BDE8F84015F04DBCF8BD00BFF81F00200C
:103E200070B5164600221A7032800A7A0D46072AAB
:103E30004DD8DFE802F004090D111A1E304AE86877
:103E400030F8023B338043E0EB68981D5B88F9E76C
:103E5000EB68981D9B88F5E7697B15F01AFC022238
:103E60001C4B18801846328032E002231A483380F7
:103E70002EE01A4C2B7BE88923702B88E11C013340
:103E800063702B8801331B12A37000F0DBF9033041
:103E9000308020461CE0124CA889EB89020AA370EE
:103EA0001B0A20706270E37000F040FA58B1C368DA
:103EB0001A88022A07D19A782271DB786371062367
:103EC0000748338004E00423FAE780221A700020B8
:103ED00070BD00BFE9260020F2E60300D6260020D0
:103EE000D0260020054A064B1860136843F00103F2
:103EF0001360828B034B1A80704700BFF01F0020B5
:103F0000F81F00206025002000232DE9F04FDFF886
:103F1000C09191B0D9F80070054617F00807CDE9B7
:103F20000633CDE908330AD0664B03F1100253F88B
:103F3000041B934245F8041BF9D1002011E0032033
:103F4000F1F756FC19F0A9FD804648B10620F1F7BB
:103F50004FFC19F0A2FD064630B9404619F09FFD0E
:103F60001A2011B0BDE8F08FCDE90477F4F742FFD5
:103F7000044668B1404619F092FD304619F08FFDB5
:103F800040F20740214600F073FE40F20740E8E7A8
:103F90004FF4A0524C4BC6E90323F369002B42D1E6
:103FA0004FF410533380802310227380304604ABCB
:103FB00006A910F021FA0446A0B94046424A0499E5
:103FC00010F0F8FA044668B98346404BBAB21B6851
:103FD000D98891422FD810222946404605AB10F0CF
:103FE00007FB0446404610F06FFA404619F057FDB3
:103FF000304610F05FFC304619F051FD049810F087
:10400000FCF8002CBCD12F4B05F1100255F8041B15
:10401000954243F8041BF9D1D9F8003043F0080366
:10402000C9F8003089E73B463A464FF41051304614
:1040300010F04CFCB7E71A68BCB2210102EB041483
:104040002046ADF80EB00191009215F015FF8246A2
:10405000204600F03FF930B3DDE90021AAF52050F9
:1040600080B2032802D9BAF5245F1ED1525A00202B
:104070002146ADF828200DF10D030DF10E02ADF82B
:104080002AA0FFF7CDFEBDF80E2001460BA818F0C0
:10409000EAFDBDF80E20404604320AA910F08DFA60
:1040A000044600289ED101378FE70AF55640FF30BD
:1040B00080B20428F7D8525AADF82AA0ADF82820CB
:1040C000E7E700BFEB2600200002C003F81F002036
:1040D000F01F0020134B01461B6870B513F004035A
:1040E00006D00022104B1C68E38990B2834209D8A5
:1040F0000E4A14680022E58990B2854209D84FF62D
:10410000FF7005E0A56835F8125001328D42ECD100
:1041100070BDA66836F8126001328E42ECD10344BD
:1041200098B2F5E7F01F0020F41F0020F81F0020D0
:10413000094B1B685B070AD5084B1A68D389834271
:1041400003D9936833F810007047C01A80B2044B4B
:104150001B689B68F6E700BFF01F0020F41F0020DB
:10416000F81F002038B5046805460C22204608498F
:1041700018F01FFD50B90222064904F10E0018F094
:1041800018FD18B902200C342C6038BD1020FCE753
:10419000F5E6030003E703002DE9F743102801913A
:1041A0000BD0022804D04FF6FF7003B0BDE8F083B7
:1041B000019B1888FFF78EFFF7E701A8FFF7D2FFF2
:1041C0000228F5D01028EED11B4B019F1E6816F077
:1041D000040608D00024194BD3F80080B8F8166004
:1041E000A5B2AE421AD80025154BD3F80080B8F816
:1041F0001690ACB24C45D6D2D8F81000102200EB85
:104200000510394618F0D5FC01350028F1D1A01968
:104210006FEA40406FEA504080B2C6E7D8F810001D
:10422000102200EB0410394618F0C3FC01340028BA
:10423000D6D145F40040B8E7F01F0020F41F00205D
:10424000F81F0020020408B51DD5124BC0F30E0064
:104250001B685B0713D5104B1A68D38A98420CD29F
:10426000136903EB001000F1100350F8042B98427F
:1042700041F8042BF9D1102008BDC01A80B2074BB9
:104280001B681B69EDE7FFF753FF0870000A4870D1
:104290000220F1E7F01F0020F41F0020F81F00208B
:1042A00070B5044642F60306094B1B681D68A5421B
:1042B0000AD2204629B915F0DFFDB04206D11034EC
:1042C00002E015F0E3FD08B1204670BD103CEEE7BA
:1042D000F81F0020437ADA0702D5C3F38000704745
:1042E000034BC2881B881A4214BF0120002070476C
:1042F000602500200A4B1B68DB0708D570B1094B0D
:104300001B68DB88834234BF00200120704728B13E
:10431000054B1B88834294BF00200120704700BFDB
:10432000F01F0020F81F00206225002070B5024613
:10433000FFF7E0FFE8B10F4B1968CD88954209D32C
:1043400002F180500B680138040103EB00101B5B85
:1043500093420ED0002398B2854201D8002008E095
:104360000E681C01345B06EB0310944203F1010359
:10437000F1D170BDF81F00202DE9F34100250E4654
:10438000A846174F01903A68ABB2D18899421DD91F
:104390001468ABB204EB0314B4F90430002B1CDA3C
:1043A0002046FFF797FFC0B1E1680B889E4214D109
:1043B00032460198023119F0E9FAE36882B21B88AB
:1043C000934207D0114601A819F045F9404602B0C2
:1043D000BDE8F08143441FFA83F80135D3E700BFFD
:1043E000F81F002038B5124B04461B8842898B42C7
:1043F00028BF0B46172BB8BF17231146438115F072
:1044000016F8636923F002036361A3699D693DB1F6
:104410000022294620469A61BDE83840FEF7ECBDEF
:1044200040F20941204615F02AF8A3691D7038BDF5
:10443000F22A00200148FEF7F7BD00BFCD8402003C
:1044400008B5002142F20E0014F0E5F8BDE808407E
:104450000148F6F7E7BD00BF0366030038B590F8E2
:1044600072300446032B154606D1FFF7E9FF0123FE
:10447000002084F8723019E0C9B9012B2DD903212D
:1044800040F2064014F0C7F8B4F86E304571A0F859
:1044900003301348F6F7C6FD14F001F98378002BBA
:1044A000E5D014F0FCF8807840F4805038BDA3B11A
:1044B00002214FF6044014F0AEF8B4F86E30A0F8C4
:1044C00003300848F6F7AEFD14F0E9F84379002B05
:1044D000CDD014F0E4F84079E6E70220E6E700BF2B
:1044E000176503004D650300F8B507460E4642F216
:1044F00013000E2115461C4614F08DF8B7F86E30E7
:10450000A0F80560A0F80330BDF81830A0F80750F7
:10451000A0F80B30BDF81C30A0F80940A0F80D3011
:10452000BDF82030A0F80F300648F6F77BFD14F0F8
:10453000B6F8807820B114F0B2F8807840F480505A
:10454000F8BD00BF8F650300F8B507460D4642F27F
:1045500019001C211C46164614F05DF8B7F86E30A1
:104560000F3020F80C3C2B6804F1100240F80A3C94
:104570006B6820F8026C40F8063C234653F8041B95
:10458000934240F8041BF9D10648F6F74BFD14F0AE
:1045900086F8807820B114F082F8807840F480505A
:1045A000F8BD00BF3F64030070B506460D4642F2F9
:1045B0007A000421144614F02EF8A0F80360457127
:1045C00084710648F6F72EFD14F069F8407920B1A1
:1045D00014F065F8407940F4805070BD8F69030095
:1045E00010B50446022142F2300014F014F8B4F879
:1045F0006E30A0F803300F48F6F714FD14F04FF8B2
:10460000437963B914F04BF8C088FEF7E5FB044624
:1046100028B114F044F8017A2046FEF7DBFC14F0D0
:104620003EF8407920B114F03AF8407940F48050D7
:1046300010BD00BFE5B30100F8B507460E4642F2D3
:104640004100082115461C4613F0E5FF9DF818307F
:104650004771C3709DF81C3086710371A0F8075034
:10466000A0F809400648F6F7DDFC14F018F8407988
:1046700020B114F014F8407940F48050F8BD00BF28
:104680008DB0010038B505460C4642F242000621C5
:1046900013F0C1FF0023C57043718371C3710372AE
:1046A00004710648F6F7BEFC13F0F9FF407920B11B
:1046B00013F0F5FF407940F4805038BDEDB00100B3
:1046C0002DE9F041154606460F4642F23600192103
:1046D0001C46DDF8248013F09EFF2B0AC371230AC9
:1046E00083729DF81830857103739DF81C304472F5
:1046F00043739DF820302D0C240CC6708780057202
:10470000C4728373D8F80030C0F80F30B8F80430A2
:104710008676A0F813309DF8283043759DF92C302B
:1047200083759DF83030C375002303769DF83430CF
:1047300043769DF83830C3760648F6F773FC13F0DD
:10474000AEFF407920B113F0AAFF407940F48050C9
:10475000BDE8F0818DB1010038B505460C464FF635
:104760001940052113F057FFC57044600648F6F75D
:1047700059FC13F094FF407920B113F090FF407979
:1047800040F4805038BD00BFA961030038B505462C
:104790000C464FF61A40052113F03DFFC5704460EA
:1047A0000648F6F73FFC13F07AFF407920B113F08A
:1047B00076FF407940F4805038BD00BFD9610300D6
:1047C00070B50D4606460121DAB1FFF7C5FF044674
:1047D000A8B9072142F2350013F01DFFC6702B68FF
:1047E0004360AB8803810848F6F71CFC13F057FFC1
:1047F000437923B113F053FF447944F480542046A5
:1048000070BDFFF7C3FFE2E7AB6303000A4610B5D4
:104810000421044642F2370013F012FF0323037110
:104820000023C470437183710648F6F7FBFB13F055
:1048300036FF407920B113F032FF407940F48050C8
:1048400010BD00BF9F6203000A4610B50421044654
:1048500042F2380013F0F4FE032303710023C47006
:10486000437183710648F6F7DDFB13F018FF4079BA
:1048700020B113F014FF407940F4805010BD00BF08
:10488000EB620300F8B506460F4642F239000621F6
:1048900014461D4613F0BFFE01238471240A0371E0
:1048A000C7704671C47105720648F6F7BBFB13F07A
:1048B000F6FE407920B113F0F2FE407940F48050CA
:1048C000F8BD00BF376303000148FDF7C3B800BF60
:1048D000D54802002DE9F04F867987B00C36059057
:1048E0000546805BC0F30B00FEF776FA044618B964
:1048F00005A818F089FD4EE090F87230022BF7D130
:10490000AB5B059AC3F30B0103F44053B3F5805F2F
:104910009060A95342D153796FF300035371836BB5
:10492000002BE5D0042105A804F1380618F06CFE30
:104930003046059918F04FFEA06B002301465A1C23
:10494000A9BBDBB2012B01D918F0B6FEA06B18F0A1
:10495000E0FD03281FD9D4F83890484699F806702E
:1049600018F0D7FD0C3709EB070539F80770A0F1EF
:104970000408474522D9524FD4F838A007F110094E
:1049800057F804BB5346424629462046D8474F4570
:1049900010D00028F4D007B0BDE8F08F383018F000
:1049A00033FD059A537943F001035371BAE7134677
:1049B0000968C4E70028EED130469AE7A06B18F0EA
:1049C000A8FD04378742F7D36988A1F140033F2B44
:1049D0000BD80421304618F017FE2046A26B6988D8
:1049E00016F06AF80023A363D5E705290BD0062942
:1049F00061D00429E0D1304618F006FEA16BA06C0E
:104A0000FEF720FBEEE72946204616F053F8024653
:104A10000028D1D12B79122B06D0132B36D020466B
:104A2000697916F01FF8C7E794F87330022BF6D0B7
:104A300040F67A4029898B1F9BB2834224D86A8929
:104A4000931F9BB283421FD891421DD8AB89B3F507
:104A5000FA7F19D240F6764CEF89A7F10A0080B2AE
:104A6000604511D8B4F86A000290B4F86800CDE946
:104A700000702046FFF738FD021E18BF01222046B5
:104A8000697915F0ABFF97E70122F8E794F87330E6
:104A9000012B03D12046697915F0E4FFA3681A04BD
:104AA0008AD523F40043A3602B89012B84D12046AF
:104AB000FEF75CFF80E72046A16B16F076F891E7E1
:104AC00008E703000C4B01461A789AB95B689B070C
:104AD00010D490F97520013218BF012291F852309C
:104AE00013F0400005D091F8600010F0400018BFAE
:104AF000D0B270470122F1E7FC1F0020024B58683A
:104B000000F00200704700BFFC1F0020024B5868F5
:104B100000F00800704700BFFC1F0020014B1B681D
:104B2000184700BFC429002008B513F0E6F8022892
:104B300017BF034B0020586800F0100008BD00BFED
:104B4000FC1F002007B502460846042802F00101B8
:104B500013D9B1B903200C4B5A6002F080030193C2
:104B600002F04003009302F0200302F0040200F080
:104B700087FB002003B05DF804FB0029EBD003287D
:104B8000E9D12120F6E700BFFC1F002038B50D4910
:104B90000D480DF0E3FB0446054688B90B4B0C4A63
:104BA0001A600C4A5A600C4A9A600C4ADA6000F0AB
:104BB000A5FB032104462846FFF7C4FF084B1D70E0
:104BC000204638BDEFBEADDEBEBAFECAC429002005
:104BD0007552020027AF0300C1520200915D02002E
:104BE000FC1F002038B5044603200DF097FB054656
:104BF000D0B194F87030037094F87530437020464B
:104C0000FEF7B4F92A46A87040F20261074818F08E
:104C1000E8FA074B2046DB680121984794F97500B4
:104C2000BDE83840FBF746BE38BD00BF841F0020FA
:104C3000C429002070B5054608200E460DF06EFB15
:104C4000044680B195F8703000210370064B466031
:104C5000DB68284698472246BDE8704040F2016173
:104C6000024818F0BEBA70BDC4290020841F00207D
:104C700038B5054608200C460DF050FB024638B109
:104C8000C0E90054BDE838400D21024818F0A9BA27
:104C900038BD00BF841F002038B5054608200C46EB
:104CA0000DF03CFB024650B195F8703040F20561C2
:104CB000037044600248BDE8384018F092BA38BD2D
:104CC000841F002013B504460191114612B301A9B7
:104CD00004200DF053FB019B104A2046B3FBF2F178
:104CE00002FB113345F218020021019301AB16F0CB
:104CF00079F808200DF012FB024648B194F87030A4
:104D000040F204610370019B4360054818F069FAA2
:104D100002B010BD45F2180201ABE8E740420F00B7
:104D2000841F002010B5044601200DF0F7FA02465A
:104D300048B194F8703040F203610370BDE8104050
:104D4000014818F04EBA10BD841F002038B5054642
:104D500008200C460DF0E2FA024650B195F870308A
:104D600040F20761037044600248BDE8384018F023
:104D700038BA38BD841F0020014B5B68184700BF5C
:104D8000C429002010B50446006C30B94FF4B0704F
:104D900018F083FE206420B910BD4FF4B07118F0F4
:104DA00045FEFF23226C82F85E31A3681B0603D503
:104DB000054B01201360EFE794F87300034B04499F
:104DC000012808BF0B46F4E7D9B303008162020053
:104DD0001D5E020010B50F4C2368D3B10022D3F83A
:104DE000A0001A7783F83D2083F85E200FF005FAC3
:104DF00020684421603018F019FE206821211D3000
:104E000018F014FE20682121BDE810403E3018F053
:104E10000DBE10BD04200020036C53B983681B062F
:104E200009D490F87320054B0548012A08BF18469D
:104E30007047186870470348704700BF1D5E020046
:104E400081620200D9B303002DE9F0438BB006ACB8
:104E5000884615460346264600F110072246186884
:104E60005968083303C2BB421446F7D110213046BB
:104E700018F0CEFD002306200593F0F7B9FC18F0DA
:104E80000CFE044648B3DFF880904FF4807115F0B3
:104E9000DEFE4FF41051C0F8109015F0AEFF8023E5
:104EA0001027638005AB2846029332463B464946AD
:104EB000CDE90087F3F7D8FE0546F0B939464046FC
:104EC00018F0A6FD3946304618F0B0FD20460FF028
:104ED000F1FC204618F0E3FD0BE06FF08C0140F28E
:104EE0000740FFF7C5FE1021304618F09FFD6FF018
:104EF0008C0528460BB0BDE8F083014640F2074020
:104F0000FFF7B6FEDEE700BF0044400470B50E4672
:104F10000446154692B020223046434917F049FE18
:104F200068B920222846414917F043FE38B9404B62
:104F30001B681B7D002B63D040F203401BE0246CF8
:104F40002022304604F1540117F033FE38B92022F4
:104F5000284604F1740117F02CFE0028ECD006203E
:104F6000F0F746FC18F099FD044630B901461A20C6
:104F7000FFF77EFE1A2012B070BD00234FF480416F
:104F8000009315F064FE2B4B44F21211036115F0EF
:104F900034FF4FF480736380042330468DF804306F
:104FA00006F120020DF1050350F8041B904243F86E
:104FB000041BF9D10DF10500202118F029FD284628
:104FC0000DF1250305F1200250F8041B904243F82F
:104FD000041BF9D120210DF1250018F019FD01A9BC
:104FE0006B46412220460FF007FA014650B9204691
:104FF0000FF060FC204618F052FD00980FF0FDF80D
:105000000020B8E710F1870F03D040F20740FFF708
:105010002FFE20460FF04EFC204618F040FD009871
:105020000FF0EBF888E700BFCDE70300ADE7030022
:1050300004200020000002092DE9F04398460023D7
:1050400087B0044606200E461746CDE90433F0F734
:10505000CFFB18F022FD054660B3DFF884904FF4D3
:10506000805115F0F4FD4FF41051C0F8109015F078
:10507000C4FE802321466B801022284604AB0FF02B
:10508000BBF9044628BB05AB029310233246CDE999
:10509000008349463B4604980FF0DBFA0446C0B94A
:1050A00004980FF0AAF828460FF004FC284618F0E0
:1050B000F6FC0AE06FF08C0140F20740FFF7D8FDE4
:1050C00004980FF09AF86FF08C04204607B0BDE802
:1050D000F083214640F20740FFF7CAFDE0E700BF3A
:1050E0000002C0032DE9FF41044606208846F0F780
:1050F0007FFB18F0D2FC054648B901461A20FFF79D
:10510000B7FD6FF08C04204604B0BDE8F0814FF489
:10511000807115F09CFD184B4FF41051036115F090
:105120006CFE22466C46802327466B8002F11003FA
:10513000264610685168083203C69A423446F7D1B1
:105140001021384618F064FC4346102239462846A0
:105150000FF052F9044620B1014640F20740FFF734
:1051600087FD1021384618F061FC28460FF0A2FB9D
:10517000284618F094FCC6E700444004FF282DE9B7
:10518000F74318BF384C814618BF44EA00244FF05B
:1051900006000F46164608BF344CF0F729FB18F0FE
:1051A0007CFC804600285AD0014620460FF039F892
:1051B000054640460FF07EFB404618F070FC15F1A6
:1051C000880F48D1B9F1FF0F47D10620F0F710FB47
:1051D00018F063FC044658B901461A20FFF748FD51
:1051E000002005463C6006B1356003B0BDE8F083A1
:1051F00000231E4A019343688260DAB222B923F089
:10520000FF0343F001034360EFF732FD052808BFB9
:1052100040F20113204608BF636040F2011115F00F
:1052200016FD134B4FF41051236115F0E6FD80235A
:1052300001A9204663800FF07BFA014618B140F2C5
:105240000740FFF715FD20460FF034FB204618F00D
:1052500026FC019CC4E7002DC2D02120C3E71A2000
:105260006FF08C05BFE700BF068004003700040024
:1052700000444004014B1B68187A7047042000204A
:10528000003918BF0121003B18BF012310B50B4C9A
:10529000003A246818BF0122A3749DF808302070DA
:1052A000003B18BF0123E3749DF80C302174003BD0
:1052B00018BF01236274237510BD00BF04200020B5
:1052C00001280AD002280ED098B90B4B1A689369AE
:1052D00043F00103002093617047074B1A689369FC
:1052E00043F00203F6E7044B1A68936943F00403A2
:1052F000F0E72120704700BF0420002010B5194CB2
:10530000236833B9A42018F0C8FB206038B91A24E8
:1053100026E0FFF75FFDA421206818F087FB032239
:105320004FF0FF31236810481A70D9600022102115
:105330001A77197283F83D200C4983F85E201A828F
:105340009A749A610CF018FD044648B9F3F752FDBF
:1053500030B122460549044817F053FF40F2074494
:10536000204610BD042000200820002083AD03004B
:105370002DE9F04383680446590687B040F1B480B4
:1053800023F040038360FFF747FD734EB04203D024
:10539000724B984240F0AB8094F9758004F1340967
:1053A000B8F1FF3F1DD112F0A8FC022872D0636B48
:1053B00004201A888DF808201A4632F8021B090AC0
:1053C0008DF80910D3F8023002A9CDF80A305368DD
:1053D0000A22CDF80E30FBF7FBF9B0F1FF3F804613
:1053E00058D0A56815F4807554D10620F0F700FA5E
:1053F00018F053FB074698B901461A20FFF738FC0E
:10540000204641F20601FFF715FC20460021FCF77B
:105410000BFC04F1340007B0BDE8F04315F004BD07
:105420002046FFF7F9FC864228D14D4D394645EA22
:10543000082528460EF0F5FE064638460FF03AFAE3
:1054400016F1880F1BD1474D394645EA08252846F5
:105450000EF0E7FE064638460FF02CFA384618F0F4
:105460001EFB9EB9606B2A4602A90A30FFF7ECFCCE
:1054700078B3102102A818F0D9FAC1E72E462046C9
:10548000FFF7CAFC354B8342E8D1DCE7314640F2F6
:105490000740B3E794F87430DA0702D4A368DB0559
:1054A000AED5002301A904F118000193FFF71AFEFD
:1054B00018B101980EF0A1FEA2E7606B019A02A953
:1054C0000A30FFF7C1FC054601980EF096FE002D4C
:1054D000CFD1204602A9FCF7A7FB02A8102118F0A3
:1054E000A5FA484615F0A0FC07B0BDE8F083636B51
:1054F0001A88002A84D11C4A904203D01B4A904249
:105500007FF47EAF0022013313F8011F00297FF4DE
:1055100077AF0132082AF7D1206C019100F598701D
:1055200001A9FFF7DFFD0028C3D1606B019A02A932
:105530000A30FFF789FC054601980EF05EFE002D4B
:1055400097D1204602A9FCF76FFB02A8102118F0A2
:105550006DFA04F13400C5E7816202001D5E0200AD
:105560000580040003800400296F0200217E0200F0
:1055700038B504460D460520022115F07EFB024693
:10558000C0B18379062103445D73204615F04AFAC1
:10559000204645F49051FFF74DFB94F87310064BED
:1055A000064A2046012914BF11461946BDE8384075
:1055B00015F0F4BB38BD00BF1D5E02008162020021
:1055C0002DE9F043804693B006200F4616469946D3
:1055D000F0F70EF918F061FA054648B901461A20AD
:1055E000FFF746FB6FF08C04204613B0BDE8F08354
:1055F0004FF4804115F02BFB5D4B47F21211036114
:1056000015F0FBFB4FF480736B805A4B1A68137FC5
:10561000022B21D102F1600302F1800153F8040B47
:105620008B4247F8040BF9D102F1A00153F8040BA7
:105630008B4246F8040BF9D1D2F8A0302846C9F8BD
:1056400000300FF037F9284618F029FAB8F1000FAA
:1056500040F086800024C7E79369DB072DD5464BD1
:1056600003F1200253F8041B934247F8041BF9D1BD
:10567000424B03F1200253F8041B934246F8041BEB
:10568000F9D14B4620223E4928460EF0B5FE04468D
:1056900028460FF00FF9284618F001FA002CD5D053
:1056A000214640F20740FFF7E3FAB8F1000F9BD024
:1056B00008214046FFF75CFF96E7494628460FF071
:1056C00037F8044690B1014640F20740FFF7D0FAA0
:1056D000B8F1000F03D008214046FFF749FF2846E4
:1056E0000FF0E8F8284618F0DAF97DE76B4641221A
:1056F00001A9D9F800000EF045FE044628460FF037
:10570000D9F8284618F0CBF94CB1214640F20740B1
:10571000FFF7AEFAD9F800000EF06FFDC5E73A4684
:105720000DF105030DF1250153F8040B8B4242F8EE
:10573000040BF9D132460DF1450153F8040B8B42AD
:1057400042F8040BF9D101A8412118F06FF938464D
:10575000202118F05DF92021304618F059F975E73D
:10576000002245F21601404615F02EFB72E700BFFD
:10577000000002090420002018E7030039E70300B5
:10578000EDE703002DE9F74390F873700446012F0D
:10579000056C04D195F85031002B40F04F8195F8FD
:1057A0005C3195F85181032B00F2F180DFE803F0C2
:1057B0000287AFD418F0010F7CD01121062015F01C
:1057C0005CFA8146002800F0398186791021064470
:1057D0000D36304615F01EFB014658B12046082113
:1057E000FFF7C6FE002140F2074003B0BDE8F043DA
:1057F000FFF73EBAA07CC0F11002304417F003FA64
:1058000012F07BFA022895F95E010BD03246052191
:10581000FAF772FF90B10821204603B0BDE8F043CB
:10582000FFF7A6BE33461022052112F068FA28B110
:10583000002140F21B40FFF71BFAECE712F05DFA83
:1058400002280FD1012F0DD004F1180306F1100228
:1058500056F8041B964243F8041BF9D1A36843F49D
:105860008073A3604A460621204615F0DBF80B2121
:10587000072015F002FA8146002800F0DF808679C3
:1058800095F95E310C36064443F43F430821A6F8EF
:105890000130F01C15F0BEFA0A22042195F95E01D0
:1058A000731C12F02CFA0028C2D14A460621204669
:1058B00015F0B8F895F85C31013385F85C3118F0D3
:1058C000020F1FD01121082015F0D7F90646002835
:1058D00000F0B4800023817901AA01440D31FF203A
:1058E000019315F001FB40B108212046FFF740FE6F
:1058F00040F207400199FFF7BBF9324606212046E6
:1059000015F090F895F85C31013385F85C3118F0AA
:10591000020F1CD00821092015F0AFF9814600289C
:1059200000F08C8086790C360644FBF733FB8379D4
:105930004A4683F00803C3F3C0037370036806216B
:10594000C6F8023083882046F38015F06BF895F88E
:105950005C31013385F85C3118F0040F12D011214D
:105960000A2015F08AF90646002867D080791022AF
:105970003044AB210D3017F046F93246062120465F
:1059800015F050F895F85C31013385F85C31012F42
:1059900008D0236C93F85031002B4FD195F85C312F
:1059A000042B4BD1A36C10220B2195F95E013133EE
:1059B00012F0A5F978B140F21B412046FFF73AF901
:1059C000204B21492046012F08BF194603B0BDE8EE
:1059D000F04315F0E3B9A36C01220C2195F95E01A7
:1059E000203312F08CF90028E5D1A36C10220D2190
:1059F00095F95E01213312F082F90028DBD10822EB
:105A000095F95E01114604F1100312F078F90028AF
:105A1000D1D1236C93F85E2184F87520FF2283F89E
:105A20005E2112F06AF9022808BFA368204604BF6D
:105A300043F48073A360FFF7D5F8C1E703B0BDE876
:105A4000F08300BF1D5E0200816202002DE9F04F6D
:105A500097B01546DDE9209804AA06468C46924682
:105A60001C46524B229F03F1100B9646186859684A
:105A70000833AEE803005B457246F6D16B46202240
:105A800061465046FFF7D8FA8346002871D1484B4B
:105A900005F11002089365238DF824300DF12503DC
:105AA000184655F8041B954243F8041BF9D1102100
:105AB00017F0AEFF0DF13503184604F1100254F84B
:105AC000041B944243F8041BF9D1102117F0A0FFE6
:105AD00099F80630062183F00803C3F3C0038DF85C
:105AE0004530D9F800300DF14600CDF84630B9F810
:105AF00004300124ADF84A3017F08AFF98F80630D8
:105B0000062183F00803C3F3C0038DF84C30D8F8A6
:105B100000300DF14D00CDF84D30B8F80430ADF83F
:105B2000513017F075FF002335228DF85430684648
:105B3000239B08A98DF85340FFF77EFA8346C0B92E
:105B40001021239817F064FF3B463522684608A9C8
:105B50008DF82040FFF770FA834650B9B27C0146B9
:105B6000C2F11002384617F04EF81021384617F0EF
:105B70004FFF1021684617F059FF352108A817F08C
:105B800055FF1021504617F051FFBBF1000F06D012
:105B900008213046FFF7ECFC17B0BDE8F08F5A46FD
:105BA00045F21201304615F00FF9F5E75AE7030008
:105BB0000062746C70B51E460423054696B0144608
:105BC0008DF8143001F120020DF1150351F8040B8A
:105BD000914243F8040BF9D120210DF1150017F083
:105BE00017FF22460DF1350304F1200152F8040B92
:105BF0008A4243F8040BF9D120210DF1350017F04A
:105C000007FF04AB0293202301931A9B31460093B4
:105C10000E48412305AA0EF029FD0446412105A89E
:105C200017F004FF54B1214640F20740FFF720F877
:105C300008212846FFF79CFC16B070BD224645F2AD
:105C40001501284615F0C0F8F6E700BF000002096C
:105C5000F8B50446FEF736FF266C054628B394F9DE
:105C600075305F1C0BD086F85E31FEF747FF0721C9
:105C7000012015F002F8024618BB1A2111E0204657
:105C8000FAF7FCFE86F85E01236C93F95E3101336E
:105C9000EBD1FEF733FF90B1A3685D0709D441F261
:105CA00005212046FEF7C6FF07E0FF2386F85E3198
:105CB000EFE705212046FFF75BFC0020F8BD00253B
:105CC000D5E73249867909680C3691F800C0831906
:105CD00083F801C091F81CE0281E18BF0120BEF116
:105CE000010F0DD183F802E0D870487C00B3D8785A
:105CF00000071DD4A3685B07DBD441F20321D0E782
:105D00008F69BEF1020F07F002070ED191F85EE035
:105D1000BEF1000F09D04FF0010E83F802E0D870F9
:105D2000002FE2D140F00800DEE74FF0000EF4E76C
:105D3000BCF1030F07D0096911F0FF1F1EBFD9780E
:105D400041F00401D97094F874108F0708D5D97800
:105D5000480705D4BCF1030FCFD041F00401D9703E
:105D6000002D18BF032510215D7119719D71216CE3
:105D70009059C1F80600988848819B7920460B739A
:105D8000062114F04FFE012098E700BF04200020F8
:105D9000204B10B51B6804469B6913F0040310D117
:105DA00041B180F8773090F87010BDE810401A4883
:105DB00017F0EEB990F87330012B03D183685807C0
:105DC00005D410BD022B02D183685907F9D494F988
:105DD000772094F87730002AF3DBB3B9012384F8F5
:105DE000773094F877305B08EBD04FF47A7294F800
:105DF00070105343084800220BF09CFF94F8773052
:105E000063F07F0384F87730DBE75A06E9D45B0060
:105E1000E5E700BF042000200820002045F21E0313
:105E200030B599420446154689B010D845F216039C
:105E3000994213D845F20103994200F09F8145F23F
:105E40000C03994222D0B1F5A04F00F09D812A4663
:105E5000204609B0BDE8304000F0C0B9A1F5A0432C
:105E6000173B072BF3D801A252F823F0515F020031
:105E70004F5E02004F5E02004F5E02003961020079
:105E80004F5E0200FF6002003D5F020090F9773034
:105E9000002B02DB8268530707D520460921FFF754
:105EA00067FB41F2092009B030BDAB792B449F4D0F
:105EB0005B7C2D6803F008016D7CD5B121B903210D
:105EC000FFF756FB2120EEE713F0040F03F0010368
:105ED00008D042F00802826093B9A36843F020031F
:105EE000A36013E0002BF8D0836843F010038360B5
:105EF000F3E7580744BF42F00802A260DB0703D56E
:105F0000A36843F01003A3600029E6D1A3682246EA
:105F100043F00403A360864920460BF02DFF0221C5
:105F2000204612F0CEFD47F23053002245F21A010E
:105F300020460BF0FFFEA3689D054AD5A3685807CD
:105F400047D594F8700009B0BDE8304014F0C4BDE6
:105F500090F87430D90745D590F9753001333AD0AF
:105F600094F9131001291DDCA26893060DD56F4B1F
:105F700015071B6801D4187C38B1187F10B9187840
:105F8000032802D09B6998072CD501290AD0674BBA
:105F900012071B6801D41A7C22B11A7F12BB1B782E
:105FA000032B1FD10023CDE90433CDE9063311F0D3
:105FB000A4FE022801AB2DD1A06AE16A228E03C3A0
:105FC0001A802046BDF8042004AB0DF10601FEF74F
:105FD000BBFA002067E78368DA0616D4FEF78EFD69
:105FE0000028BDD0514B1B68197F022929D1DA7CCA
:105FF0003AB393F85E3023BBA3685B0717D52046FE
:10600000FFF7B6FA41F202204DE7FEF75BFD0028EC
:10601000E4D0E7E70A22022194F9750011F09DFE11
:106020000028CED1CDE90100ADF80C00C9E720462B
:1060300041F20221FEF7FEFD01212046FFF7A8FEF6
:10604000E0E72046FEF79EFEA56860B96D0705D51E
:1060500008212046FFF78CFA1A2024E71A2120464F
:10606000FEF7E8FDF8E715F0040508D0FEF74EFD51
:10607000C8B1204694F97510FEF768FEA9E72246DC
:106080002B4920460BF078FE0221204612F019FD24
:1060900047F230532A4645F21A0120460BF04AFED9
:1060A000A3685807E2D494F97530591C15D048F20A
:1060B000080040EA032080B2FAF78AFA052194F931
:1060C000750011F007FE032194F9750011F002FE2E
:1060D000062194F9750011F0FDFD226C2046D2F8DE
:1060E000583143F02003C2F85831FFF7B1FD0028C2
:1060F0003FF46FAF20460F4914F050FE69E7FEF7FA
:1061000005FD002862D0236C002B5FD0A2685207E7
:106110005CD5D3F85831980658D42B78002BC2D1CF
:1061200005212046FFF724FA53E700BF0420002092
:10613000E5AD03005175020090F87430D90706D41C
:10614000234914F02BFE29462046FEF773FDA36871
:106150005A077FF53EAF204645F21A0117F018F8AE
:10616000204622461B4917F04CF8A368022123F071
:106170003C032046A360FCF77BFE2AE70246154954
:1061800015480BF0F9FD24E745F21A0117F000F865
:10619000A36823F03E03A360236C2BB193F95E0147
:1061A000431C01D0FAF790FB22462046094917F01C
:1061B00028F822460749084817F023F8204602210C
:1061C000FCF756FE204614F06DFE02E702206AE658
:1061D0001D5E0200E5AD0300841F002045F2170399
:1061E000994210B5044640D01AD845F206039942A8
:1061F00028D019D840F2012321F00201994213D18D
:1062000090F870101A4816F0C3FF94F8733000220B
:10621000012B4FF4A041204608D1FFF7FFFD03E01A
:1062200045F21A03994204D048200AE000F028F809
:10623000FAE7104914F0B2FD07212046FEF7FAFCF8
:10624000002010BD93791A44517C41F49051FEF71F
:10625000F1FC94F87310084A084B2046012914BF3A
:106260001146194614F09AFDEAE70220E9E700BF5B
:1062700008200020D9B30300816202001D5E0200E5
:1062800045F21E0399422DE9F3410446154611D803
:1062900045F21603994214D845F20103994200F0E1
:1062A000258345F20203994200F09880B1F5A04F92
:1062B00000F022832A46204602B0BDE8F041FFF7F5
:1062C0008DBFA1F5A043173B072BF3D801A252F8CD
:1062D00023F000BFF5620200B5620200B562020061
:1062E000B5620200A9680200B5620200976402006C
:1062F00071640200974E33681A7F022A11D1DA7C4A
:106300007AB193F85E3063B941F20221FEF792FC54
:1063100020460121FFF73CFD41F2022002B0BDE81A
:10632000F081A368590701D50220F7E72046FEF760
:10633000C9FB3368051E1A7818BF0125032A07D048
:1063400019696AB211F0FF1F24D042F0040503E07E
:1063500094F87420920725D49A6996071FD41A7F5F
:10636000012A1CD045F0080502210B2014F085FC01
:106370000246E0B18379062103445D7394F97530D8
:106380002046013302BFA36843F00203A36014F068
:1063900049FB0CE094F874108F07D6D4DCE75B7CE3
:1063A000002BE1D041F203212046FEF743FCA36815
:1063B000224643F00403A360674920460BF0DCFC4F
:1063C0000221204612F07DFB47F23053002245F2B5
:1063D0001A0120460BF0AEFC00209FE783685807A7
:1063E00003D494F97730002B05DB236C53B1D3F839
:1063F0005831D90606D520460921FFF7B9F841F2F0
:1064000009208BE72046FEF7BDFC28B9082120466D
:10641000FFF7AEF8212081E7206CD0F8583143F027
:106420001003C0F85831AB790C332B445A68C0F8CC
:1064300006201A89428101229B7A0373236C9A7188
:10644000A26812F0040610D12246434920460BF000
:1064500093FC0221204612F034FB47F230533246BF
:1064600045F21A0120460BF065FCA3689A05B3D5E6
:10647000236C002BB0D0D3F85831DB06ACD594F99F
:106480007530013320D094F87430DF071CD5A36831
:1064900043F00203A360236C002B3FF445AFD3F815
:1064A0005831DA067FF540AF9F063FF53DAFFEF766
:1064B0002DFB10B3A3689E071FD42B78EBB90521E1
:1064C0002046FFF755F887E7FEF720FB94F9751093
:1064D00040B14E1C02D1A3689807DCD42046FEF7D9
:1064E00035FC79E70846FAF7E3F80028D3D094F8AA
:1064F0007430D907CFD4052189E794F97530581C39
:1065000015D048F2080040EA032080B2FAF760F89C
:10651000052194F9750011F0DDFB032194F9750054
:1065200011F0D8FB062194F9750011F0D3FBA36894
:10653000256C23F00203A360D5F85831054F43F0D2
:106540002003C5F858313B68AA7A1B7A934205D9D3
:1065500006215CE704200020E5AD030094F9521009
:1065600094F852300029B2BF012383F00803C3F32B
:10657000C003102A28BF10222B7194F860302046E7
:1065800083F00803C3F3C0036B71A2746E7AFEF745
:1065900099FA002836D0F10734D594F97530D4F83B
:1065A00040805A1C24D088F85E3106F00D063B6806
:1065B0009A69900704D41A7F012A01D0310701D4C7
:1065C00006F0F7061A78032A1FD01B6913F0FF1F85
:1065D00001D046F0040694F874309A071BD573076F
:1065E00019D403212046FEF7C3FF40F2034095E68D
:1065F0002046FAF743FA88F85E01236C93F95E317E
:106600000133D2D106F00C06D1E71B7F002BE2D17B
:1066100006F0FB06DFE70721022014F02EFB0190B5
:106620000028E2D090F806C03A680CF10C0C137800
:1066300000EB0C014B70137F012B06D0022B46D1CF
:1066400092F85E30003B18BF01238B701023CE7090
:1066500016F0010608BF32460B711FBFEB7A2A7B8A
:1066600003F003034B71236C14BF02F003024E715D
:106670008A7183F851214A7983F8502150F80C200F
:10668000C3F80D208A88A3F811208A79DA7406B33A
:10669000206C90F8501111F002061AD194F85210A3
:1066A000062281F0080190F95E0104F14C03C1F368
:1066B000C00111F024FB60B13146FEF7D9FA204643
:1066C0000821FEF755FF01A816F09EFE8DE7002376
:1066D000BBE7019E002E88D0FEF710FA95F809C09E
:1066E00078B11CF0010F04D0236C93F95E310133B3
:1066F00007D105212046FEF73BFF30460BF0A8FCF2
:1067000088E63B680CF00802597C29B112B12A7C5A
:10671000100703D40321EDE7002A75D02A7C110766
:1067200072D5D5F8581141F00401C5F85811B5F8E3
:10673000501121F4807121F00101A5F85011187F4A
:10674000297A02280BD071B942EA0C0212F0040235
:1067500048D185F85D211B7C002BDBD10DE021B9F0
:1067600093F85E209ABB0221C4E7012283F83D2002
:10677000DA7C92BB042385F85D313246062120463F
:1067800014F050F995F85D31206C042B52D13B6820
:1067900000F5987003F11D022D3352F8041B9A4244
:1067A00040F8041BF9D1D5F8583195F85D2103F074
:1067B0000401002A45D123F00203C5F85831E274E0
:1067C00000294AD05B49204614F0E8FA04E683F831
:1067D0003D10DB7C002BC6D1CCE793F85E30002B5C
:1067E000C8D1C0E7EA791978052A28BF03225248A0
:1067F00001EB810101448A5C85F85D211B7C002B43
:10680000BBD0002AB9D185E71A7F012A02D12A7AA2
:10681000002AAFD11CF0040F03D12A7C12F004022D
:1068200097D0EA791978052A28BF0322434801EB5B
:106830008101DFE71022002100F5987016F0E3F9DE
:10684000B1E743F00203C5F8583141B90123032AE7
:10685000E37412D9042A7FF4BFAD3949B3E7A37CAE
:106860000F2B89BF94F87430012343F0080384F898
:10687000743088BF0223E374A4E7012A07D02046BE
:10688000304914F08BFA2046FEF74CFAA4E5204676
:106890002C4914F083FA3B68D968481C42424241B3
:1068A0002046FEF70FFA97E590F87430D90706D422
:1068B000254914F073FA29462046FEF7BBF9A36870
:1068C0005A077FF589AD45F21A01204616F060FCA3
:1068D000224620461D4916F094FCA36823F00403C9
:1068E000A36002212046FCF7C3FA75E5024617496A
:1068F00017480BF041FA6FE545F21A0116F048FC13
:10690000A36823F03E03A360236C2BB193F95E01CF
:10691000431C01D0F9F7D8FF224620460B4916F058
:1069200070FC224609490A4816F06BFC204614F018
:10693000B9FAD6E73D7402006BE7030084E7030071
:1069400055690200AD7302001D5E0200E5AD030053
:10695000841F002073B545F20406B1420446154673
:106960000DD045F21006B14222D0B1F5A04F38D17A
:1069700014F073F9236CD3F85831D90720D5236C60
:10698000D3F85821D2070BD4AA7998330C32154486
:106990006A1D153552F8041BAA4243F8041BF9D1AD
:1069A000216CD1F8583113F004030CD00F4904E0E6
:1069B000016CA83114F0A5F90D49204614F0EEF948
:1069C000002002B070BD81F85C31012301F1B802F2
:1069D0000093204601F1A80301F5987114F017FC0B
:1069E000EEE702B0BDE87040FFF7F8BBF5690200C2
:1069F0008D6A0200B1F5A04FF7B5044608D045F204
:106A00001105A94236D003B0BDE8F040FFF7E6BB60
:106A1000006C1021B83014F0FDF960B10821204657
:106A2000FEF7A6FD40F207400021FEF721F940F2F3
:106A3000074003B0F0BD256C95F85D6105F1A8072E
:106A4000013E022E01979CBFD5F82C0195F85C61A0
:106A500005F154019EBFF04000F0010040F08000BD
:106A6000009005F11402204605F1B80314F042FC31
:106A70000020DEE7016CA83114F043F920460249FA
:106A800014F08CF9F4E700BF8D6A020045F21003A0
:106A900030B59942044685B000F0A6800CD8B1F517
:106AA000A04F27D045F20503994228D0204605B0D3
:106AB000BDE83040FFF792BB45F21103994200F068
:106AC000B08045F212039942F0D1016C91F85D312A
:106AD00013B1043B012B03D82046B83114F0F5F86C
:106AE000236C93F85D31042B40F2DF80052B03D13A
:106AF0006F4992E014F0B1F8002005B030BD9179F3
:106B0000036C0C310A44511DC833153251F8040B83
:106B1000914243F8040BF9D1206CD0F8583113F0AE
:106B2000040354D090F85D31042B22D1614B1B68D3
:106B300093F85E5065B1002100F1140200911146F6
:106B400000F5A07001903E33204614F0D3FBD3E74C
:106B50001021B83014F05EF958B108212046FEF734
:106B600007FD40F207402946FEF782F840F2074051
:106B7000C3E7216C91F85D3101F1C80213B1043B08
:106B8000012B12D801F1F803039301F598730293D6
:106B900004F15A03019304F15303009301F1B80384
:106BA0002046D831FEF752FFA6E701F5A073019306
:106BB00091F85C01D1F82C31C34003F0010343F09C
:106BC00080030093134601F154021431BCE780F8AE
:106BD0005C3100F1C802009300F5987100F5A073D4
:106BE000204614F014FB87E7056C102205F198018C
:106BF00005F5A07015F0DDFF20B104212046FEF759
:106C0000B7FC79E7D5F858312B499B0742BF94F878
:106C1000743043F0020384F87430204614F0BEF858
:106C20006AE7056C95F85D3105F5A070042B1ED15F
:106C3000204B102219684E3115F0BBFF0028DCD123
:106C4000102105F1B80014F0E5F8216C01F1F8030A
:106C5000039301F59873029304F15A03019304F12D
:106C60005303009301F1C80201F1B80398E701460C
:106C7000102205F1980015F09CFF0028BDD105F108
:106C8000B801204614F021F8216C91F85C310133F1
:106C9000DBB2142B81F85C31D8D0D1F8583123F015
:106CA0000103C1F858310549B7E70549B5E700BF09
:106CB000C56C020004200020296F02005569020003
:106CC0007D6D020045F21403994213B504462BD0A2
:106CD0000CD8B1F5A04F13D045F20E03994232D033
:106CE000204602B0BDE81040FFF778BA45F219031C
:106CF0009942F5D1137813BB0C21FEF739FC10E053
:106D000013F0ABFF216C204601F59473019301F160
:106D1000B803009301F1540201F1C803143114F0D7
:106D200061F9002002B010BD036CD3F82821114B8B
:106D3000B2FBF3F103FB1121FDF7AEFFF1E70E49C2
:106D400014F02CF8EDE79179036C0C310A44511DD5
:106D500003F58473153251F8040B914243F8040B88
:106D6000F9D1226CD2F8583143F00803C2F85831F7
:106D7000D7E700BF40420F007D6D0200F0B545F23D
:106D80000E06B142044615468DB00ED045F21306EC
:106D9000B1425CD0B1F5A04F40F0BD8013F05DFF73
:106DA000236CD3F85831190757D5236CD3F85821E1
:106DB00012070CD4AA7903F584730C3215446A1DAA
:106DC000153552F8041BAA4243F8041BF9D10023DD
:106DD000256CCDE90833CDE90A3385F85C3195F8A7
:106DE0005D310DF1200C042B2AD14D4B1B6893F81B
:106DF0003D205AB1674603F11D022D333E4610680F
:106E00005168083203C69A423746F7D105F5A07398
:106E1000069304F15A03059304F153030493EB79A9
:106E200005F1C80203932B7A02936B7ACDE900C374
:106E300005F1B803204605F1F80114F047F90CE01C
:106E4000013B022B9CBFD5F82C310893DEE7056C83
:106E500095F85C3123B1012B54D000200DB0F0BD6A
:106E6000102205F5A07105F5847015F0A2FE20B181
:106E70000B212046FEF77CFBEFE7D5F858310DF1EA
:106E8000200C9B0742BF94F8743043F0020384F84F
:106E90007430012385F85C310023CDE90833CDE956
:106EA0000A3395F85D31042B25D11D4B1B6893F8EF
:106EB0005E205AB1674603F13E024E333E461068EB
:106EC0005168083203C69A423746F7D105F58C73EC
:106ED000069304F15303059304F15A030493AB7B27
:106EE00005F1B8020393EB7B02932B7CCDE900C341
:106EF00005F1C8039EE7013B022B9CBFD5F82C315E
:106F00000893E3E705F58C7113F0C3FE20460549AD
:106F100013F044FFA1E70DB0BDE8F040FFF75EB904
:106F200004200020296F0200B1F5A04F73B504467C
:106F3000154677D045F21B06B14240F0F68090F836
:106F40007430DB0766D5056CB5F850312BB1794943
:106F500013F024FF002002B070BDD5F858315E0751
:106F600047D56B7AD80744D52B7CD90741D5A36C7C
:106F700010220B2195F95E01313310F0C0FE38B1BB
:106F800040F21B412046FDF755FE40F21B40E2E770
:106F9000A36C206C01220C2190F95E01203310F0CB
:106FA000AEFE0028ECD1A36C206C10220D2190F9CC
:106FB0005E01213310F0A3FE0028E1D10822206CED
:106FC000114690F95E0104F1100310F098FE0028BC
:106FD000D6D1236C93F85E2184F87520FF2283F8C4
:106FE0005E212046544913F0D9FE2046FDF7FAFDF4
:106FF000B0E705F5987304F1180205F5A07553F88C
:10700000041BAB4242F8041BF9D1A36843F480731C
:10701000A360E6E7484913F0C1FE29462046FDF784
:1070200009FE97E7036CD3F8582112F0040245D00B
:107030005A7AD2078ED51B7CDB078BD510F05DFE0C
:107040000228206C0ED000F59872032190F95E01A1
:10705000F9F752FB00283FF47DAF08212046FEF7E8
:1070600087FA92E700F598731022032190F95E01E8
:1070700010F045FE28B1002140F21B40FDF7F8FD5D
:10708000EBE7206C102200F59873052190F95E0162
:1070900010F035FE0028EED1236C04F1180103F541
:1070A000987203F5A07352F8040B9A4241F8040B4E
:1070B000F9D1A36843F48073A3604BE7D3F8B81009
:1070C000C3F8D010D3F8BC100192C3F8D410006CF0
:1070D00001A900F59870FEF705F848B101980DF088
:1070E0008CF820460821FEF743FA40F2074032E7C9
:1070F000206C019A00F59871C830FDF7A5FE054691
:107100000198002DEBD10DF078F8236CA07C03F5ED
:1071100098732946C0F11002184415F074FD216CD3
:107120002046B83113F0D1FD14E702B0BDE870403D
:10713000FFF754B83D71020081620200B1F5A04F23
:107140002DE9F0410446154600F01E81A1F5A0434B
:10715000DE1F042E00F21F819279083B0C32154489
:10716000026C92F85021032B05D8DFE813F047009A
:107170009300C4000A01D10740F1BB8005351022FD
:107180002946874815F015FD002800F09C8010F076
:10719000B4FD0228206C27D02A46032190F95E0115
:1071A000F9F7AAFA0026074610F0A7FD022812D127
:1071B00094F87330012B0ED12B4604F1180205F11F
:1071C000100153F8040B8B4242F8040BF9D1A36869
:1071D00043F48073A3601021284616F027FC002E8C
:1071E0006CD0002130462FE02B461022032190F96D
:1071F0005E0110F084FD00270646D5E712F0010776
:1072000077D010F07AFD022821D0236C062093F964
:107210005E81EEF7EDFA16F040FC064608B91A2634
:10722000DFE701465F4840EA08200CF0FAFF80469D
:1072300030460DF03FFB304616F031FCB8F1000F40
:1072400005D0414640F20740FDF712FD37E0206CC3
:1072500005F1050843460A22022190F95E0110F06B
:107260004EFDD5F805300646A362D5F80930E36235
:10727000B5F80D3023860028B3D1226C92F8503136
:1072800023EA070382F850312046FEF77BFA0020FC
:10729000BDE8F08192072CD510F02FFD022805F1F2
:1072A0000505206C16D006212A4690F95E01F9F7F3
:1072B00023FA10210746284616F0B8FBCFB1082163
:1072C0002046FEF755F920460821FEF751F940F215
:1072D0000340DDE706212B46102290F95E0110F0F5
:1072E0000EFD06461021284616F0A0FB002E7FF466
:1072F00078AF0027C1E79307FBD510F0FEFC02280A
:107300001AD0236C062093F95E71EEF771FA16F02D
:10731000C4FB0646002882D00146234840EA0720E5
:107320000CF07FFF074630460DF0C4FA304616F0E9
:10733000B6FB0FB1394685E7697989B90A466B1DF5
:1073400013F8010F60B90132062AF9D194F85210EE
:10735000206C81F0080104F14C03C1F3C00106E088
:1073600000394FF0060218BF0121206CAB1D90F9C7
:107370005E0110F0C4FC064600287FF432AF0227FD
:107380007BE702F0040778E713F067FC0022236C28
:1073900083F85C2178E7BDE8F041FEF71FBF00BF2E
:1073A0009DE70300038004000680040070B545F2E9
:1073B0000406B1420446134624D045F21806B142F1
:1073C00006D0B1F5A04F32D113F047FC002070BDBC
:1073D00011684D1C03D10121FEF7CAF8F6E7026CD3
:1073E000D2F85801400743BF002182F85C111B68A6
:1073F000C2F830112046104948BFC2F82C3113F0B2
:10740000CDFCE3E79979026C0C310B44591D98329D
:10741000153351F8040B994242F8040BF9D1226C50
:10742000D2F8583143F00103C2F85831CEE7BDE835
:107430007040FEF7D3BE00BF5569020045F2150348
:107440009942F7B5044651D00CD8B1F5A04F19D0E8
:1074500045F20D0399421BD0204603B0BDE8F04031
:10746000FEF7BCBE45F216039942F5D1016C01F15D
:10747000D8030093D1F8943001F134021431FEF7AF
:1074800099FB01E013F0E9FB0027384603B0F0BD9B
:1074900093790C331A44551D02F1250632462946CC
:1074A000FDF734FD074620B10B212046FEF760F8BA
:1074B000EBE72946236C143351F8042BB14243F80F
:1074C000042BF9D1236C01F12002343351F8040B61
:1074D000914243F8040BF9D1216C204601F1940349
:1074E00001F174025431FEF76BF8CDE713F025FC7F
:1074F000236C93F85D31052BC6D8DFE803F0190340
:1075000011111E1920460E4913F048FC0D4B204660
:107510001B68D9684B1C5A425A41FDF7D3FBB3E7AD
:107520002046074913F03AFC2046FDF7FBFBABE78A
:107530000549204613F032FCA6E70449F9E700BFED
:10754000AD73020004200020F56902008D6A02007C
:10755000F8B545F216039942044600F061810BD854
:10756000B1F5A04F0ED045F2030399420ED020464C
:10757000BDE8F840FEF732BE45F217039942F6D156
:10758000022002E013F069FB0020F8BD9379056C3E
:107590000C33D618F379DF0708D4FDF7AFFA28B11A
:1075A00005212046FDF7E4FF2120EEE79E4F327AC9
:1075B0003B681B7A9A4201D20621F2E7D6F80530E1
:1075C000C5F80E30B6F809306B8202236B7394F95C
:1075D000523094F85210002BB2BF012381F00803FF
:1075E000C3F3C0036B7194F8603083F00803C3F3F6
:1075F000C0032B71337A102B28BF1023A374F379A7
:10760000D8072BD56B7ADA0728D5737AEA7A134034
:1076100085F85131B37A2A7B134085F8503195F9BA
:107620005E3101331ED0206C90F850319B0719D485
:1076300081F00801062290F95E0104F14C03C1F3C8
:10764000C00110F05CFB68B140F21B412046FDF721
:10765000F1FAA3685907A7D50821A2E7002385F806
:107660005131DAE73B68F079597C00F0080229B122
:1076700012B16A7A120703D4032192E7002A79D063
:107680006A7A110776D5D5F8581141F00401C5F88A
:107690005811B5F8501121F4807121F00101A5F8BD
:1076A000501193F81CC0B179BCF1020F02D019B38C
:1076B000022176E789B1012283F83D20DA7CB2B954
:1076C000042285F85D21A27C0F2A27D994F8742022
:1076D00042F0080284F8742020E093F85E20002A2B
:1076E000E6D0DA7C83F83D10002AE1D1E8E793F890
:1076F0005E20002AE4D1DBE7024312F004023FD00F
:1077000072794A49052A28BF0322187802EB8202BF
:107710000A44125C85F85D21002AD4D1197C95F8C1
:107720005D2109B1002AA7D0206C042A00F59870C9
:107730003AD103F11D022D3352F8041B9A4240F84E
:10774000041BF9D1D5F8583195F85D2103F00401F7
:107750007ABB23F00203C5F85831E27400295AD0ED
:10776000216C204601F1940301F174025431FDF7BC
:1077700027FF09E71A7F012A05D1B2791AB104223D
:1077800085F85D21CAE7420703D46A7A12F0040241
:10779000F6D072792649052A28BF0322187802EB11
:1077A00082020A44125CEBE71022002115F02BFA4A
:1077B000C8E743F00203C5F8583149B90123013A3B
:1077C000E374032A3FF6E0AEDFE802F0101810255C
:1077D000A37C0F2B89BF94F87430012343F0080376
:1077E00084F8743088BF0223E374B9E72046114956
:1077F00013F0D4FA2046FDF795FAC5E620460D4968
:1078000013F0CCFA3B682046D9684B1C5A425A41C7
:10781000FDF758FAB8E60849204613F0BFFAB3E678
:1078200013F08BFA0549F7E7042000206BE703000B
:1078300084E703002D8202000981020041780200E2
:1078400045F20D039942F7B5044627D00DD8B1F59E
:10785000A04F1DD045F20403994200F08F802046CE
:1078600003B0BDE8F040FEF7B9BC45F21103994200
:1078700000F0A68045F215039942F0D1006C90F813
:107880005D31052B06D8DFE803F0503A423A5550F7
:1078900013F0E3F90027384603B0F0BD93790C33B9
:1078A0001A44561D02F125052A463146FDF72EFBE6
:1078B000074620B10B212046FDF75AFEEBE7314683
:1078C000236C143351F8042BA94243F8042BF9D14B
:1078D000236C01F12002343351F8040B914243F838
:1078E000040BF9D1216C204601F1D8030093D1F8A3
:1078F000943001F134021431FEF75CF9CAE72046F6
:107900003B4913F04BFA2046FDF70CFAC2E720463C
:10791000374913F043FA374B20461B68D9684B1C94
:107920005A425A41FDF7CEF9B4E73349204613F0E5
:1079300035FAAFE72F4B1B6893F85E5065B1002115
:1079400000F1140200F5A07001900091204611464C
:107950003E3313F0CFFC9DE71021C83013F05AFAE4
:1079600000283DD008212046FDF702FE294640F2BE
:107970000740FDF77DF940F207478CE79179036CEA
:107980000C310A44511DA833153251F8040B9142B1
:1079900043F8040BF9D1256C102205F1A80105F17B
:1079A000980015F006F920B904212046FDF7E0FD06
:1079B00070E7D5F8583143F00103C5F8583169E74D
:1079C0000C4B056C196810224E3105F5A07015F0AE
:1079D000F0F80028E8D1102105F1C80013F01AFAD8
:1079E000216C2046C83113F070F904499EE700BFAE
:1079F0002D8202000420002061800200017A020032
:107A000045F21003F0B59942044685B000F0878036
:107A10000CD8B1F5A04F1CD045F2050399421DD0FA
:107A2000204605B0BDE8F040FEF7D8BB45F2110393
:107A3000994200F08D8045F212039942F0D1036C17
:107A400093F85D31042B40F2B380052B03D15949E3
:107A50007BE013F002F9002005B0F0BD9179036CD2
:107A60000C310A44511DB833153251F8040B9142C0
:107A700043F8040BF9D1256C102205F1C80705F174
:107A8000B8063146384615F094F820B9042120464E
:107A9000FDF76EFDDFE7D5F8583113F0040332D05F
:107AA00095F85D31042B13D105F1F803039305F527
:107AB0009873029304F15303019304F15A03009362
:107AC0003A463346204605F1D801FDF7BFFFC2E72D
:107AD00005F5A07005F1140105F1540201900BB1F8
:107AE000052B06D1002300932046334613F002FCF9
:107AF000B1E795F85C01D5F82C31C34003F00103E0
:107B000043F08003EFE785F85C313246009320466E
:107B100005F5A07305F5987113F079FB9BE7056CEB
:107B2000102205F1A80105F5A07015F042F8002813
:107B3000ACD1D5F8583120499B0742BF94F8743036
:107B400043F0020384F87430204613F027F982E7EB
:107B5000056C102205F1A80105F5A07015F029F8B3
:107B6000002893D195F85D31013B022B0FD895F891
:107B70005C310133DBB2142B85F85C3107D0D5F8CA
:107B800058310E4923F00103C5F85831DCE705F1FF
:107B9000F803039305F59873029304F153030193DB
:107BA00004F15A03009305F1C80205F1B80389E70F
:107BB0000349CAE7C57B0200217E02000981020059
:107BC000457C020073B545F21406B14204461AD052
:107BD00045F21906B14221D0B1F5A04F28D113F0DA
:107BE0003CF8216C204601F59473019301F1B80330
:107BF000009301F1140201F1C803543113F0F2F9BA
:107C0000002002B070BD036CD3F828210B4BB2FBEF
:107C1000F3F103FB1121FDF73FF8F1E713781BB9EE
:107C20000C21FDF7A5FCEBE7054913F0B7F8E7E7F2
:107C300002B0BDE87040FEF7D1BA00BF40420F006D
:107C4000457C0200F0B5B1F5A04F05468DB008D0D7
:107C500045F21304A14244D00DB0BDE8F040FEF758
:107C6000BDBA0023046CCDE90833CDE90A3394F89A
:107C70005D310DF1200C042B2CD11F4B1B6893F8A8
:107C80005E205AB1674603F13E024E333E4610680D
:107C90005168083203C69A423746F7D104F5847317
:107CA000069305F15303059305F15A030493E37911
:107CB00028460393237A04F1C8020293637A04F1FD
:107CC000F801CDE900C304F1B80313F0FFF9002077
:107CD0000DB0F0BD013B022B9CBFD4F82C310893B2
:107CE000DCE7016C01F5847112F0D3FF28460349EB
:107CF00013F054F8EBE700BF04200020017D0200E0
:107D0000F0B545F20E06B142044613468DB00BD0D5
:107D100045F21303994260D0B1F5A04F77D112F02C
:107D20009CFF00200DB0F0BD9979026C0C310B4422
:107D3000591D02F58C72153351F8040B994242F823
:107D4000040BF9D1256C102205F58C7105F58470B2
:107D500014F02FFF20B90B212046FDF709FCE0E7C6
:107D60000023CDE90833CDE90A3395F85D310DF1F3
:107D7000200C042B2AD1284B1B6893F83D205AB1C4
:107D8000674603F11D022D333E46106851680832E4
:107D900003C69A423746F7D105F5A073069304F15E
:107DA0005A03059304F153030493AB7B20460393DA
:107DB000EB7B05F1B80202932B7C05F1F801CDE9CC
:107DC00000C305F1C80313F081F9AAE7013B022BB8
:107DD0009CBFD5F82C310893DEE7056C102205F521
:107DE000A07105F58C7014F0E4FE0028B3D1D5F82D
:107DF000583120469B0748BF94F87430074944BF68
:107E000043F0020384F8743012F0C8FF89E70DB024
:107E1000BDE8F040FEF7E2B904200020217E020018
:107E200070B5B1F5A04F0446154688B077D045F23D
:107E30001B06B14240F00A8190F87430DB0766D52A
:107E4000056CB5F850312BB1834912F0A7FF002023
:107E500008B070BDD5F858315E0747D56B7AD807A2
:107E600044D52B7CD90741D5A36C10220B2195F961
:107E70005E0131330FF043FF38B140F21B41204621
:107E8000FCF7D8FE40F21B40E2E7A36C206C012215
:107E90000C2190F95E0120330FF031FF0028ECD166
:107EA000A36C206C10220D2190F95E0121330FF09C
:107EB00026FF0028E1D10822206C114690F95E01CE
:107EC00004F110030FF01BFF0028D6D1236C93F8A8
:107ED0005E2184F87520FF2283F85E2120465F49E9
:107EE00012F05CFF2046FCF77DFEB0E705F59873C5
:107EF00004F1180205F5A07553F8041BAB4242F8D3
:107F0000041BF9D1A36843F48073A360E6E75349E7
:107F100012F044FF29462046FCF78CFE97E7036CDD
:107F2000D3F8582112F0040255D00022CDE90122E5
:107F3000ADF80C205A7AD2073FD51B7CDB073CD525
:107F40000FF0DBFE0228206C0CD000F598720321A4
:107F500090F95E01F8F7D0FB78B308212046FDF7D1
:107F600007FB8FE700F598731022032190F95E015B
:107F70000FF0C5FE28B1002140F21B40FCF778FE4F
:107F8000EBE7206C102200F59873052190F95E0153
:107F90000FF0B5FE0028EED1236C04F1180103F5B3
:107FA000987203F5A07352F8040B9A4241F8040B3F
:107FB000F9D1A36843F48073A3600023BDF80420C3
:107FC000CDE90433CDE906330DF1060104AB2046BB
:107FD000FCF7BAFA3BE7D3F8B810C3F8D010D3F8DF
:107FE000BC100092C3F8D410006C694600F598707C
:107FF000FDF778F848B100980CF0FFF8204608210A
:10800000FDF7B6FA40F2074022E7206C009A00F52F
:108010009871C830FCF718FF05460028EBD100988E
:108020000CF0EBF8236CA07C03F59873C0F1100200
:108030002946184414F0E7FD2A46CDE90155CDE95B
:108040000455CDE9065504AB01A9C0E708B0BDE869
:108050007040FEF7C3B800BFD5B303001D5E020039
:10806000B1F5A04F70B50446154607D045F2040699
:10807000B1420CD0BDE87040FEF7B0B812F0EDFD93
:10808000236CD3F85831D90701D4002070BD236C7C
:10809000D3F85821D20718D4AA79A8330C32154442
:1080A0006A1D153552F8041BAA4243F8041BF9D186
:1080B000206C102200F1A801983014F07AFD20B94C
:1080C00004212046FDF754FADFE7206C1021C83068
:1080D00012F0A0FE58B108212046FDF749FA40F2FF
:1080E00007400021FCF7C4FD40F20740CEE7216CB9
:1080F0002046C83112F0E9FD2046024912F04EFE3A
:10810000C3E700BF017A0200B1F5A04F13B50446E2
:108110000ED0A1F5A043103B012B45D8016C98313E
:1081200012F0EFFD2046234912F038FE002017E040
:10813000016CD1F8583101F1C80213F0040328D0C2
:108140001021104612F066FE60B108212046FDF7AE
:108150000FFA40F207400021FCF78AFD40F2074089
:1081600002B010BD216C204601F19803019391F8F3
:108170005C21D1F82C31D34003F0010343F080039C
:10818000009301F1140201F1C803543113F0B2F865
:10819000CCE781F85C310123009301F1980301F5EC
:1081A000987113F034F8C1E702B0BDE81040FEF753
:1081B00015B800BFB9810200B1F5A04F70B51346E4
:1081C000044607D045F20406B14207D0BDE870402E
:1081D000FEF704B812F041FD002070BD9979026CE1
:1081E0000C310B44591DA832153351F8040B994238
:1081F00042F8040BF9D1256C102205F1A80105F114
:10820000980014F0D6FC20B904212046FDF7B0F9FF
:10821000E2E7204605F1C80112F057FD2046024969
:1082200012F0BCFDD8E700BF017A0200B1F5A04F03
:1082300070B50346144607D045F21806B14207D080
:10824000BDE87040FDF7CABF12F007FD002070BD09
:108250001268551C03D10121FDF78AF9F6E7016C7C
:10826000D1F85801400743BF002281F85C21226801
:10827000C1F8302148BFC1F82C211846014912F03D
:108280008DFDE3E709810200184640F20A4322F01F
:1082900000429A422DE9F04120D8B2F5806F01D812
:1082A00000203EE06FF480642244092AF8D801A33C
:1082B00053F822F0FB8202000783020027830200AA
:1082C000758302004983020091830200B383020098
:1082D000BB830200A1820200D38302006FF4A0617D
:1082E0005318042BDCD8A2F20252032A79D8DFE813
:1082F00012F08A009200B700CB00057844886448E9
:1083000010F079FB3EE005784468826900F10803CB
:108310000021604810F080FB10B10571C0F80540E5
:108320000120BDE8F081067845880479826900F172
:1083300008030021584810F06FFB0028F0D00671A8
:10834000A0F80550C471EBE704790778A4F11B038A
:10835000594259414688C58800F1080289004F48B2
:1083600010F07FFB0028DBD00771A0F80560C47116
:108370000581D5E7057844884269031D00214848F6
:1083800010F04AFB0028CBD00571A0F80540C7E7E4
:1083900006784588848800F108020021414810F0E1
:1083A00060FB0028BCD00671A0F80550A0F807407B
:1083B000B6E7057844683C48A2E704783A4810F0EC
:1083C0001AFB0028ACD0072343710023047183718A
:1083D000A6E70478354810F00EFB0028A0D0047101
:1083E0009EE7077846880579C48800F108020021D5
:1083F0002F4810F036FB002892D00771A0F80560D6
:10840000C57104818CE7077846880579C4882948B6
:1084100010F0F1FAEFE787684588047906787FB1B4
:10842000C78800F108020021234810F01AFB002839
:108430003FF476AF0671A0F80550C47107816FE76D
:108440003B463A4639461C4810F0E6FA00283FF40D
:1084500067AF0671A0F80550C471077247725FE7F5
:1084600090F8008047880679C5880489134810F081
:10847000C2FA00283FF454AF80F80480A0F80570D9
:10848000C671058144814BE7057844680C4837E79D
:1084900040E803003CE8030038E8030030E803004C
:1084A00034E803002CE8030028E8030010E8030088
:1084B00024E8030020E803001CE8030018E8030098
:1084C00014E80300004870478982020030B5044672
:1084D00085B00846039113F0E1F8830708D410F043
:1084E000010003D003A814F08FFF012005B030BDB8
:1084F00003998B7903F10C0288188A5C013A1C2AD3
:1085000000F2E880DFE802F00FE689E68CE695E607
:108510009CE6A4E6ACE6B3E6BAE6C2E6E6E6C4E666
:10852000D2E6D4E6DD0003790BB103F58853427837
:10853000023A162AD6D801A151F822F099850200F4
:10854000E5840200A3850200E5840200AF850200F5
:10855000E5840200BB850200E5840200C7850200B5
:10856000E5840200DF850200E5840200D385020075
:10857000E5840200EB850200E5840200F785020035
:10858000E5840200E5840200E58402000186020021
:10859000E58402001186020017212046FBF722FF26
:1085A000A0E700222046114611F004FE9AE71A4681
:1085B0000021204611F0ABFE94E700222046114630
:1085C00012F016F88EE700222046114611F0FEFE4A
:1085D00088E71A460021204611F0EBFF82E71A4691
:1085E0000021204611F0C8FF7CE7002220461146FA
:1085F00012F0F1F876E71946204612F055F971E7C6
:108600000093002320461A46194612F057F969E7ED
:108610001946204612F0A4F964E7B0F80110BCE74F
:1086200002338B710A4600234178204611F0C2FDC7
:108630005BE70133002220468B7111F068FE54E79E
:1086400002338B7142780023204611F0D1FF4CE7B2
:1086500001338B71002320461A4611F0B7FE44E720
:108660000133002220468B7111F086FF3DE7013374
:10867000002220468B7111F09CFF36E702338B718C
:1086800042780023204612F0A6F82EE70021B3E737
:1086900005338B710023B0F80320B0F8010000937C
:1086A0000B460146204612F009F91EE70021B0E70B
:1086B00003338B710A46B0F80110204612F06FF9AF
:1086C00013E703338B710A46B0F80110204612F00D
:1086D0006FF90AE7002009E72DE9F04F144687B04B
:1086E0009B46C36B06460D465B69012202A9606882
:1086F0009847F36B012203A95B692846984702A8B3
:1087000013F0D6FB074648B10023A37563754FF0FD
:10871000FF33A360002007B0BDE8F08F03A813F07B
:10872000D4FB0123A375237E04EBC303DD611F8407
:108730006368AB420ED1206003A813F0E8FB4FF052
:10874000FF332075A360237D043B022B25D8002333
:10875000A375DFE723681A1A03A853425341A37590
:1087600013F0D5FB237D834203A818BFA77513F030
:10877000B0FB074602A813F0ACFB874203A81CBF5E
:108780000023A37513F0ADFB074602A813F0A9FB65
:1087900087421CBF0023A375D5E703A813F099FBFC
:1087A00080B1F36B022204A928465B69984704A8AC
:1087B00013F09EFB0346207D032839D8DFE800F044
:1087C0003838040903A8F3E7237ECC2204EBC30363
:1087D0001A8401F0C9FA109B187003A8277E13F0C1
:1087E0006CFB04EBC70787F8220003A8237E04EB89
:1087F000C303B3F8209093F8227013F06AFB80460D
:1088000003A813F06EFB8246B8F1000F15D0F36B8E
:10881000022204A928465B69984704A813F02DFB9F
:108820006075637D6BB90023A3754FF0000838E0D5
:10883000227E04EBC2021384CBE703A813F008FBEB
:10884000EEE794F81680B8F1000FEED0B9F1000F02
:1088500009D1DFB10123627EE375002A44D19F4232
:1088600018D1677614E0736C05EB0A02594285EA69
:10887000020008421CBF0021A175591E0A409B1A24
:108880009945D0D8A37D002BE3D1CEE7E37D43B952
:108890004FF000084B4652462946304613F084F804
:1088A000A060A27D12B123694B4423611349237E4A
:1088B000097899421ED901332376BBF1000F1BD0F2
:1088C000D2B1E37DC3B1B8F1000F15D1032F13D09E
:1088D000A1684B1C10D0109B224630460093012308
:1088E000FFF7FAFEA07507E0012FDAD0032F08BFCB
:1088F000A376CDE70023A375A07D0CE798E10300E4
:108900002DE9F04F0E468BB09846002304464FF0F9
:10891000FF31104617468DF8133001F00FFAB6F507
:10892000801F3BD3B21C53D1E56A6B1C57D1616ADF
:10893000204612F07FFF0546B31CDFF8189118BFE0
:1089400001230193636A05A9626C4FF0000B029347
:10895000236802FB053AE36B05225B6950469847A2
:1089600005A813F05EFB13F081FB504613F089FB62
:10897000824601464B1C05D0636C81EA0A025B42C9
:10898000134232D02946204612F054FF029BAB42DC
:108990004DD0BBF1000F4DD10546D3E7314605AAB6
:1089A00004F1080013F03AFA0146481C10D038468A
:1089B00001F0C4F90DF1130301223946204613F0EA
:1089C0006FF828B19DF8133088F80030002003E0DC
:1089D000237C002BA8D11D480BB0BDE8F08F236885
:1089E000ED1A636CB5FBF3F5A6E7484601F0A6F96E
:1089F0000DF11303019A4946204613F051F803463E
:108A000090B1B21C03D0D9F80020B2420CD19DF82D
:108A100013204946039338460D4B88F800201A6806
:108A200014F021F9039B9B46D9F80810A2E7BBF18B
:108A3000000FD0D0B6F5801FC8D298F8003031466C
:108A40007A6804F1080001F0BDF8BFE70BE000F020
:108A500094E10300941600202DE9F3410E460446EC
:108A600017469846816A194DE36A8B422AD04B1CFF
:108A700018E0284601F062F90DF1070301222946AA
:108A8000204613F00DF830B143469DF807202946E3
:108A90002046B847B0B1A9684A1C05D0012E0AD0BB
:108AA000E36A9942E5D10DE06968204612F04FFF74
:108AB000012E0146D8D16B6881EA0302636C5B42E8
:108AC0001A42D1D002B0BDE8F08100BF6816002084
:108AD0002DE9F041036B9046826B90B007680E461B
:108AE0009A42426C01A9044688BF8363436A02FB31
:108AF0000377C36B05225B693846984701A813F0DA
:108B000090FA01280146307056D0656C06A9E26BD8
:108B10002368606AD2F814C0052205FB00300025E6
:108B2000E04706A813F07DFA012823D001218DF833
:108B300034800E958DF83C10D4E90A32CDE90B450E
:108B400093422AD11946204612F001FF236B626C32
:108B50001433E0629B1A23630C9B53B99DF83C309D
:108B60003BB1626A616C2368E06B01FB023113F078
:108B700010FA0C9DE36B052201A938465B69984702
:108B800001A813F04EFA3070236B2846A26B9A426C
:108B900088BFA36310B0BDE8F081237C33B90BAA72
:108BA0001C4904F1080001F05DF8D5E70BAB1A4A47
:108BB0002046FFF751FFCFE7237C23BB224617490E
:108BC00004F1080001F04EF8616A204612F053FEED
:108BD000616A421C204612F01CFE054620B9236B38
:108BE000626C1344143B2363A16A204612F0AFFE6B
:108BF0002368A062C01A636CB0FBF3F06062204689
:108C000012F0E9FEB6E70023054A2046FFF724FFED
:108C1000DAE700BF059402008193020029BB03003C
:108C2000C5BA030073B50D46D11E1C461B7E4A42D1
:108C30004A419A4226D129682368994222D363681F
:108C400099421FD8114E0DF107033246FFF758FE27
:108C5000C0B972686B689A4214D19DF80730DA1E69
:108C600053425341227E93420CD1636901336361C5
:108C7000D4E90323934205D22968A26842F823105D
:108C800001332361012002B070BD00BFC016002077
:108C90002DE9F04F8BB09A46DFF854B180469DF82D
:108CA00050300D4616460293DBF810305345C0F0A5
:108CB0009880DBF80430D1460193B9F1000F00F041
:108CC0008C80D8F83C30012207A901985B6998474D
:108CD00007A813F0FAF8DBF80030984240F08480DF
:108CE00007A813F0FEF80428074614D107A813F0CC
:108CF000FFF8019B029A04463B44002A3ED186427B
:108D000012D9361A14460199404612F020FEA9EBFA
:108D100004090190D1E7D8F83C30022208A9019853
:108D20005B69984708A8E2E7841B9F19544528BF50
:108D30005446032CAAEB040A4FEA94021CD9D8F833
:108D40003C302946384604F003065B69984724F016
:108D500003031F441D44002ED5D0D8F83C30012217
:108D600008A938465B6998473246284608A9354421
:108D700013F079FF0026C6E72646ECE700F0030271
:108D80000344074603922A1805930492049BDD1BB3
:108D9000059BD81B039B9F420FD1002FB3D0D8F85F
:108DA0003C30012208A95B6998473A4608A9284641
:108DB00013F0FFFE78B93D44A5E7D8F83C30012216
:108DC00008A95B699847042208A9284613F0F1FE18
:108DD00008B9043FDAE7DFF81C9048460BB0BDE85D
:108DE000F08FDFF81490F8E7DFF81090F5E700BF98
:108DF000EC16002012E000F011E000F022E000F09C
:108E00002DE9F0410F4688B016469846044660B3F7
:108E100090F83450FDB1012112F0D1FC0E9B0021DD
:108E2000CDF804800496CDE902379DF83C308DF8EA
:108E30001C30237CCDE905118BB901AA0C4904F142
:108E4000080000F00FFFE06BDDE90553002E08BFBE
:108E50001D4612F077FE284608B0BDE8F08101AB50
:108E6000044A2046FFF7F8FDEDE70546F3E700BFAB
:108E7000F3BA0300258C02002DE9F04F99B00F469C
:108E8000044609920A69416C0E93D31D1439B3FB51
:108E9000F1F3013302EBC302036B9342C0F00F8284
:108EA0000023DFF824940D93E36A4846194607939C
:108EB00000F044FFD7E9033604930E9B022B4ED1FA
:108EC000CC2E40F08C81099B002B42D039462046A5
:108ED00012F096FE656C079A6B1E14901340ED1A03
:108EE000E36B012216A978685B69984716A812F00F
:108EF000F0FF00280CBF04230823782E06933FD9E7
:108F0000012300254FF0080A05933B6805990E9848
:108F1000C9F80030C9F8106012F0FDFF4FEA9A035B
:108F2000DDF81CB089F81400109300230B930F9305
:108F300008930C93616C4A1E0BEA02028B1A002EF6
:108F40003AD05544AB4242D8236B5B1A1344236397
:108F5000ADE0049B1B68149308230693D0E7656C6F
:108F6000782E079A05F1FF3303EA0203A5EB030508
:108F700016D8FB7D7BB9099B002BB1D10423069346
:108F8000331DAB4210D9A6B1082DB9D80425002352
:108F9000AA460593B9E7099B002BA1D10823EEE768
:108FA000099B002B9CD1D7E7002505954FF0040ABB
:108FB000ABE704250596F9E75345C5D30BEB0A0348
:108FC000B0460393089B002B18BF032313E0A3EBC9
:108FD0000A03B0460BEB0A029E42039228BF984652
:108FE0009E42EFD9D9F810200123964289F8173014
:108FF00071D1C9F804B0089399F81730002B6CD0E0
:1090000099F818200899D31C013209EBC30389F899
:109010001820C3F804B0A3F808809972B8F1000FC3
:1090200014D00E9B022B5BD10B9B7BB90F9B43444F
:10903000032B0BD9E36B012214A903989B69984772
:109040000546002840F03D8101230B93089B16A89C
:109050000193059B0093434699F81420396800F06A
:1090600023FEE36B109A16A99B6958469847051E84
:109070000D9B18BF5B4652460D935946434620460A
:1090800012F092FC236B08F10302C9F80800A3EB6D
:109090000A0322F003029B1A2363002D40F0118182
:1090A0000F9BA6EB0806DDF80CB043440F9359461E
:1090B000204612F04CFC00258346002E7FF43AAF88
:1090C000814A04F10800396893685268E3620E9B94
:1090D00000F078FDDEE002238DE7C9F804B09DE7DB
:1090E000099B002B30D1049BB8F1030F43440A9332
:1090F00027D9E36B4FEA98029B69DDE903019847A2
:109100000546002865D118F003025FD028F003055A
:10911000049B2B440493039B1D444FF0FF3304999D
:1091200015A8159313F09FFDE36B2846012215A99E
:109130009B6998470A9B05460493002D86D0039BA4
:1091400099E7039D4246E8E7039B0A9307F1200352
:109150001193FB7D78689BB13D7E00230C9AD9B2B8
:109160008D4211D9119903F1010C31F8331091425C
:1091700026D907EBC3030699D8690A44104403E0D3
:109180000C9B069A13441844E36B012215A95B69F2
:109190009847159B012213A913930C9B0A9804333B
:1091A0000C93E36B9B699847039B0A9A05464344DB
:1091B0009B1A042B07D978B9134604330A93C8E7DE
:1091C000521A6346CBE70A9B0393B6E70A9B0493C4
:1091D0003CE70A9B0493B2E70A9B0393AFE73B4E3D
:1091E00004F1080303932368079A606CA2EB030A57
:1091F000BAFBF0FA00FB0A3012F043FFE16A804646
:10920000204612F0A4FBA26A82424AD0626CD9F8CE
:109210000830511E2568E0620B40216B891A0B440F
:1092200023630D9B5D1BB5FBF2F5AA4536D1079B69
:10923000B3EB080A12D0E36B4FEA9A0241469B69EE
:109240009847E36A079A834653440398DA46E362F1
:10925000236B9B1A4344236312F0B1FD2368616CB6
:10926000E06B01FB053112F081FE204612F0B2FAEC
:10927000204612F0B0FB2063BAF1000F11D03A691A
:10928000616CD31D1439B3FBF1F3013302EBC3025C
:109290009042A8D2304619B0BDE8F08F4FF0000AD6
:1092A000DCE73A69616CD31D1439B3FBF1F3013388
:1092B00002EBC302236B9342BFF4F6ADEAE7044E20
:1092C000E8E72E468CE700BF9416002023E000F06C
:1092D00006E000F02DE9F3471E4643690446884640
:1092E000B34217469DF828903DD300258DF80750CE
:1092F000D4F830A0204612F039FA82450AD2236A07
:10930000B5EB430F06D200220DF107012046FFF70F
:10931000DFFB30B39DF80730012B05D100220DF1A2
:1093200007012046FFF7D4FBB9F1030F06D0256BE8
:109330003146204612F005FA854218D30D4D4FF004
:10934000FF31284600F0FAFC4B4600222946204611
:10935000C5F80080C5E9037602B0BDE8F047FFF725
:109360008BBD0135C4E7044802B0BDE8F08703486F
:10937000FAE700BFC01600200FE000F006E000F0A2
:10938000032A2DE9F34106460D4617461C4606D131
:10939000237A012B23D0012002B0BDE8F081DFF851
:1093A00060800DF1070309684246FFF7A9FA606083
:1093B0000028EDD19DF80720237A032AE8D0D8F8B9
:1093C00004106A689142E3D1012B2969D4F80CC0DA
:1093D00007D10CEB01037269934202D92074207CFF
:1093E000DAE708313B46012230466144E160294614
:1093F000FFF742FD60600028CAD00020CCE700BF24
:10940000C01600202DE9F341089C032A1746266860
:1094100006D1237A012B24D0012002B0BDE8F081CF
:10942000DFF890800DF1070330464246FFF768FAF7
:1094300060600028EDD12568D8F80400A96AD5F845
:1094400044C04840227ACCF100031840E1D1012AFF
:1094500009D1E268D8F8103013447269934202D9F6
:109460002074207CD9E72868EB6A1B1A081AB3FB22
:10947000FCF3B0FBFCF083420BD1706CF36A421E2C
:109480001340326B121A28461344336312F05FFA0A
:10949000E862D8F81020E3680832064920681344CF
:1094A0000122E3603B46FFF7E7FC60600028B0D094
:1094B0000020B2E7C01600202DE9F04F4FF0FF3337
:1094C0004FF6FF72002500F10806044687B0C3621C
:1094D0000F4605620563C0E90923304612F06FFCB0
:1094E000204612F077F928BB2046394612F0F2F9EF
:1094F000204612F06FF928BB8A4D204612F09EFAE2
:10950000ECE0E26B01A92368606CD2F814C005227C
:1095100000FB0530E04701A812F083FD012828D1A7
:109520002946204612F0A7F9421C2946204612F08F
:1095300070F90135E3699D42E3D3204612F04AF900
:109540000028D1D000254FF0FF394FF6FF73CA46EF
:10955000A846C4E90853E369984514D3A5EB090567
:10956000012D37D8636A4FF6FF72934247D16E4D93
:10957000C3E712F080FD0028DBD02946204612F018
:109580007AF90246D1E7236801A9E26B606C57695A
:10959000052200FB0830B84701A812F042FD8346BF
:1095A00001A812F015FD0746584612F05FFD70B194
:1095B0005745236ABA4638BFC4F82480B94503F139
:1095C000010328BFB946BD42236238BF3D4608F1BA
:1095D0000108C0E74FF6FF7300256362E3699D420F
:1095E000C0D2676C0522206801A9E36B07FB050068
:1095F00001355B69984701A812F0EAFCEEE7E26BDF
:1096000001A9676C20685569052207FB0300A8477C
:1096100001A812F0DDFC626A2368606C434D00FB18
:10962000023012F02EFD4FF0FF33A0622A46E362B3
:109630006FF001010DF103032046FFF761F90028E7
:1096400050D1AD6829462046E56212F09FF82063AC
:1096500020B9E16A204612F07AF9E06229462046F4
:1096600012F075F90546A36A9D423DD16569204611
:10967000626CE91C143AB1FBF2F105EBC10503354C
:10968000B5FBF2F5023512F0D9F98046A8423DD279
:10969000616A204612F0CEF80027064604F1400A1F
:1096A000474512D3626C01A9236802FB0639E36BBC
:1096B00005225B694846984701A812F089FC534689
:1096C00002464946E06B12F0DEFC01373146204687
:1096D00012F0B0F8AF420646E2D3154D284607B067
:1096E000BDE8F08FA56AADE72946204612F04EF896
:1096F000236B0746294603442046236312F027F9CB
:109700000546002FAFD1C4E90B07ACE73046002572
:1097100012F055FB0023074A20461946FFF79CF933
:10972000EBE600BF03E000F016E000F0C0160020FA
:1097300013E000F08FBA0300634A00232DE9F041E3
:1097400017680E460446136018B9604D2846BDE8F8
:10975000F08190F834500DB309680268914240F0EE
:10976000AA8071684268914240F0A580B168826821
:10977000914240F0A080F168C268914240F09B8025
:1097800031694269914240F09680B169C26B914261
:1097900040F0918072691D468261D7E750222946C8
:1097A000D0F8388013F02FFA336804F10800C4F8B9
:1097B0003880236073686360336963617369D6E9D5
:1097C0000212A36112F00DFBB36904F14000E363E0
:1097D0009B68984794F8432020B1E561002AB4D0F3
:1097E0003B4DB3E7656C002DF7D06668B6FBF5F32B
:1097F000E361002AA9D0B542F2D82268B2FBF5F1A4
:1098000005FB1122002A58D105FB1363002B54D10C
:10981000204611F0ABFFA369043303449E424ED3AC
:10982000636940F63472CC3B93424AD8B5F5007F69
:10983000D6D30321204611F0C2FFE36BD4E9000127
:109840001B689847E36B05460220DB6898471DB10B
:10985000002384F834301EE039462046FFF72CFE02
:109860001C4B0546984204D139462046FFF724FE9A
:109870000546636C143B002DEAD1226A204602FBA8
:1098800003F611F073FFA369043303449E4206D22A
:1098900084F83450104DE06B12F054F956E70F4A3B
:1098A000012384F8343013680133D4E900011360D4
:1098B00008F06DFFEFE70A4D48E70A4D46E7064D11
:1098C00044E7094D42E700BF1020002009E000F006
:1098D00004E000F013E000F002E000F00C200020B3
:1098E00008E000F001E000F005E000F02DE9FF41A4
:1098F0000F4690461E46054698B390F8343093B311
:10990000B1F5801F31D21A4C022111F058FF0DF130
:109910000F03224639462846FEF7F2FF024678B189
:10992000012342463946284600933346FFF7D2FCCE
:109930000446E86B12F006F9204604B0BDE8F08159
:109940009DF80F30012BEBD12169B142E8D1009392
:10995000414633462846FFF79BF904460028DFD1ED
:10996000E7E7044CE8E7044CE6E7044CE4E700BF13
:10997000EC16002009E000F007E000F00AE000F03B
:109980002DE9FF410C4616461F46054688B390F860
:10999000343083B3B1F5801F2FD2DFF87C800121F2
:1099A00011F00DFF21460DF10F0342462846FEF748
:1099B000A7FF044670B99DF80F30012B11D1D8F8DC
:1099C0001030BB4213D10246009031462846FFF7C3
:1099D0005FF90446E86B12F0B5F8204604B0BDE824
:1099E000F081074C074A022B08BF1446F2E7064CE9
:1099F000F0E7064CF1E7064CEFE7064CEDE700BF59
:109A00000BE000F00CE000F011E000F009E000F0E5
:109A100007E000F00AE000F0EC1600202DE9F0432A
:109A200085B00C4617461E46DDF830800546A0B3CB
:109A300090F834309BB3B1F5801F32D2DFF88090BC
:109A4000012111F0BCFE21460DF10F034A462846C4
:109A5000FEF756FF044688B99DF80F30012B14D14C
:109A600006EB0803D9F810209A4214D3009043461D
:109A7000324639462846FFF70BF90446E86B12F0E8
:109A800061F8204605B0BDE8F083074C074A022B79
:109A900008BF1446F2E7064CF0E7064CF1E7064C27
:109AA000EFE7064CEDE700BF0BE000F00CE000F044
:109AB00011E000F009E000F007E000F00AE000F03B
:109AC000EC1600202DE9F3411F4600230C461646F4
:109AD00005463B6050B390F834304BB3B1F5801F6E
:109AE00028D2DFF86480012111F069FE21460DF1D2
:109AF000070342462846FEF703FF0446A0B99DF837
:109B00000730032B10D0022B0AD10123336004232A
:109B10003B60E86B12F016F8204602B0BDE8F08119
:109B2000D8F810303060F3E7034CF2E7034CF3E76A
:109B3000034CF1E7034CEFE70BE000F009E000F025
:109B400007E000F00AE000F0EC16002030B50C460B
:109B500085B0054628B390F8343023B3B1F5801FA3
:109B600023D2022111F02BFE0DF10F03104A2146E2
:109B70002846FEF7C5FE034688B99DF80F20032A44
:109B80000DD003222146009202462846FFF7A2FB91
:109B90000446E86B11F0D6FF204605B030BD054CF9
:109BA000F7E7054CF8E7054CF6E7054CF4E700BF8E
:109BB000EC1600200BE000F009E000F007E000F0F8
:109BC0000AE000F02DE9F0414668002E46D0056815
:109BD0004FF0000CA846AE4655F83C400CF1010C85
:109BE000C4F31307013401D0B94218D0B4450EF1C3
:109BF000080EF1D12F46002403E0B44207F1080714
:109C000013D055F834C00134BCF1FF3FF5D1C1F396
:109C100013017A6041EA03513960BDE8F08141EAFD
:109C20000353CEE90032BDE8F081032B16D00024A7
:109C300003E0B44208F1080810D055F8347001343C
:109C4000C7F30757032FF4D1C1F31301C8F8042059
:109C500041EA0353C8F80030BDE8F08101230372E4
:109C6000BDE8F0812DE9F043476883B0C7B10646EF
:109C70008846914600243368304653F8345003EB4D
:109C8000C4030134C5F30752C5F31301013505D0F0
:109C90005B68CDF80090C04710B17768BC42EAD34A
:109CA00003B0BDE8F08300BF73B5012A0446224823
:109CB0009DF8185000EAC11123F07C4007D9961E88
:109CC000012E28D9073303F07F03194308E09DF8DC
:109CD0001C300A43DB0603F0C053134343F06041DA
:109CE0000023C4E900108DF80730B5B120222146C9
:109CF0000DF1070012F01CF91A220DF10700211DC9
:109D000012F016F963689DF80720082043EA826381
:109D1000636002B070BD1143E2E71B220DF1070042
:109D2000214612F005F923689DF80720042043EA34
:109D3000C2632360EDE700BF80FFFF0738B5094B22
:109D40000D46002104461A6812F05DFF00234FF013
:109D5000FF322361A260E3822383A376C4E9002556
:109D600038BD00BF94E103000138C0B205289ABF96
:109D7000014B185C0120704744E803002DE9F041D5
:109D80000E46596888B007461546490A002401293D
:109D900022464FEA510104F10104F8D8DC7852035D
:109DA00099784FF0000824031B88C9020DF10700C1
:109DB00004F48054C3F30A0301F4006192B28DF8F5
:109DC00007800C4302A923449C18254B1B220393B4
:109DD00025F07843ED436FEA0444029312F0A8F8AB
:109DE0009DF8072025F07845029B02A90DF1070098
:109DF000029543EAC2631B228DF807806FEA144480
:109E0000049312F095F89DF8072007A9029B06F12C
:109E10001000079443EAC263012205934FF0FF3319
:109E20000693BB6998470446BB6905A9012206F160
:109E300008009847404518BF0446BB6904A90122A1
:109E4000301D9847404518BF0446BB69012203A94D
:109E500030469847404508BF204608B0BDE8F0812D
:109E600001009AB21046044A1368591E033102D801
:109E70000021116018477047D4290020034B18684F
:109E8000034B002808BF1846704700BF142000206D
:109E900074E8030008B5044812F032FA80F00100BB
:109EA000400000F0FE0008BD1C20002013B50B4C44
:109EB0000229226005D10A4812F022FA002002B0DD
:109EC00010BD0A4600930146064B054812F0FAF908
:109ED000003818BF01204000F1E700BFD42900205E
:109EE0001C200020659E0200014812F01CBA00BF31
:109EF0001C2000200021014812F037BA1C2000204D
:109F000008B5064B1B68013305D0FFF7EDFF80F065
:109F10000100C0B208BD0020FCE700BFD42900202A
:109F2000F8B50D4610B900242046F8BD0E4F3E6826
:109F3000002EF8D100F07EF804460028F3D03860F7
:109F400000F0C4F8204612F0F0F838B130463E6018
:109F500000F0BCF8204612F0E3F8E4E7002DE3D06F
:109F60002046A847E0E700BF18200020024B1868F1
:109F7000003818BF012070471820002038B50C4663
:109F800002F002F8A3780B4A13705A1E554255414D
:109F9000A8420CD0012B04D02846BDE8384001F07F
:109FA000DBBF204601F0AAFF0028F5D038BD002015
:109FB000FCE700BFFB260020002108B5024B084645
:109FC0005B689847002008BDE829002010B50446CA
:109FD000FFF754FF0C4B1A1A53425341A34201D1CD
:109FE000012010BD094B1B683BB9094A064B002CE8
:109FF00008BF1346074A1360F2E712F077FA002809
:10A00000F3D00020EDE700BF4CE80300182000204B
:10A0100074E8030014200020431E033306D8044BC9
:10A02000984228BF1846642838BF6420704700BF94
:10A0300040420F00F8B5054608F031FB07460F4BCC
:10A040001E6826B9384608F02EFB344611E0B46885
:10A050008CB194F810C01CF0010F0CD14CF0010C25
:10A0600095E80F0084F810C084E80F00384608F027
:10A070001AFB2046F8BD3668E3E700BFDC29002064
:10A0800038B505460C4641B10B6833B11B68013346
:10A0900003D0CB680BB18B684BB912F0FBFBBDE86A
:10A0A00038404FF486724121002000F07FBA084604
:10A0B00002F028FF0023044A85F81C31C5E930432B
:10A0C000C2E9003338BD00BF780B002010B504464C
:10A0D00018B9054B054A136010BD00F06FFFD4F8A6
:10A0E000CC30002BF6D1F4E709C10300D8290020B9
:10A0F00008B502460868FFF78FFF08604868FFF759
:10A100008BFF48608868FFF787FF8860C868FFF7A3
:10A1100083FF0B69C860581C03D00B48834228BFDB
:10A1200003460B614B69581C03D00748834228BF84
:10A13000034688694B61FFF76FFFBDE808408861FF
:10A14000104601F067BE00BF40420F002DE9F84FF6
:10A15000D0F8C43006460F4613B1438B8B4244D02F
:10A16000D6F8C0B0BBF1000F42D0DBF80830002BAE
:10A170003ED0DBF80C1000293AD0D6F8D4A0BAF1C2
:10A18000000F38D04FF000094D46C84601E0DBF81B
:10A19000083005EBC50203EB8204E3890135BB42BD
:10A1A00014D8238ABB4211D3B4F91220B6F9263051
:10A1B000934250DD304696F81011EAF789FEB37DE0
:10A1C00081468342A04606D9DBF80C108D42DED3CF
:10A1D000B8F1000F39D00023424630461946D04727
:10A1E0007783C6F8C48086F819910020BDE8F88FFF
:10A1F0000320BDE8F88FD14647F6FF755446524616
:10A2000004EBC40803EB8808B8F80E30BB4216D83C
:10A21000B8F81030BB4212D3B8F91220AA4202D1CA
:10A220004FF0FF09DCE7304696F81011EAF750FED0
:10A23000B37D81468342D3D94246DBF80C1001340A
:10A24000A14204D9DBF80830DAE70120CEE7002A82
:10A25000FBD09046C4E7A046BDE700BF2DE9F0471C
:10A2600082B004460F46164601F0D6FF002856D1AC
:10A27000484D2B68D4F8C0A0D4F8C4800BB1534526
:10A2800068D04FF00009AF6001F0F8FF01280746E1
:10A2900057D1204612F022FA002844D12B68DAF870
:10A2A0000010D8F8002013B1186888425DD020460D
:10A2B00012F0C6F9C5E900A8D4F8D4508DF80760AB
:10A2C000002D59D00022204611460DF10703A84762
:10A2D000204601F08DFA0546B9F1000F0CD05EB9A9
:10A2E000012F05D025B12C4B002103205B68984736
:10A2F000284602B0BDE8F087B5FA85F040F2DB32BF
:10A300003321400900F052F93146204601F0A4FC07
:10A31000224B0546414620461B689847E0E700234C
:10A320001C4D6B60A5E794F91030002BB6DAA36BD7
:10A330005B05B3D51A4B0122002120461B689847C4
:10A34000ACE70021012000F077FE01F097FF012823
:10A35000FBD19EE76B68002B93D0434591D1AB684E
:10A360009F4214D04FF001098DE7696811B1096867
:10A3700091429FD059689AE7A17D94F819313246ED
:10A38000994228BF1946204601F0B4F9A0E70025FC
:10A39000AEE700BF780B0020E8290020D829002074
:10A3A000A8220020F8B50E46054608F078F9314697
:10A3B00007462846FFF7CAFE0446F8B1284612F0C1
:10A3C0008DF938B195F91030002B08DB0023114AC4
:10A3D00082F8AC30384608F066F92046F8BDAB6B21
:10A3E00013F48063F3D0B5F80A31B3420FD0B5F857
:10A3F0000C319B1BB3FA83F35B09E8E701F0EEFE37
:10A40000224631462846FFF729FF0446D6E70123B6
:10A41000DDE700BF001E00B0F8B51C4B05461B6809
:10A420000E4603B1984731462846FFF729FED5F876
:10A43000C03073B15B6963B112F0D3FAD5F8C030A4
:10A4400040F253125B6942211B1A5842584100F0F6
:10A45000ADF800224FF6FF734FF0240CF768D0B22E
:10A46000B84208D31C4621462846FFF79BFF12F04E
:10A4700019FA2046F8BDB1680CFB0011CC899C424A
:10A4800002D2002CEFD023460132E8E7A4220020BC
:10A4900070B504460E4608F002F9314605462046DE
:10A4A000FFF780FF044620B9044B01465B68032098
:10A4B0009847284608F0F7F8204670BDE8290020A4
:10A4C00037B51B4BD0F8C020D0F8D4501A60D0F864
:10A4D000C4200446C3E9012100228DF807200DBBEA
:10A4E000817D90F819312A46994228BF194601F01A
:10A4F00001F9204601F07CF9B0FA80F04FF47D724A
:10A500003321400900F052F80121204601F0A4FB5C
:10A510000546084B20461B68D4F8C41098472846C7
:10A5200003B030BD11460DF10703A847E1E700BFB6
:10A53000780B0020D829002013B50446694611F095
:10A540007DFE204612F005F8FF28024606D0204680
:10A550009DF80010EAF73CFD02B010BD0048FBE793
:10A560000080FFFF4FF4007307B50A490DF10602A2
:10A57000ADF8063011F07EFEBDF80630B3F5007F71
:10A5800005D1022808BF002003B05DF804FB0120BC
:10A59000FAE700BF34200020024B1960024B18601C
:10A5A000FEE700BFE02900203422002008B550B9A2
:10A5B0000548064B01601A60054B1A68054B1A6086
:10A5C0001868FFF7E9FF08BDE029002038220020C5
:10A5D0001820002034220020054B1B680BB91846B8
:10A5E0007047834201D01B69F8E70120704700BF24
:10A5F00040220020094A13680BB91846704783426D
:10A6000007D11B6901201360054A1368013B1360E1
:10A61000704703F110021B69EEE700BF40220020E3
:10A620003C2200202DE9F74F064608F03FF8DFF8FE
:10A630002881012398F800B0DFF820910190BBF148
:10A64000000F06D089F8003003B0BDE8F04F08F0E5
:10A6500033B83F4F88F8003089F800B011F0D3FECE
:10A6600008B111F0CEFE3D683A495DB9DFF8F0A0BF
:10A67000DAF800200024AA423B682FD84FF0FF31BF
:10A6800034483BE06B7D8BB12B68B34202D09A1B00
:10A690008A420BD96A6813442B60AB68003A18BF32
:10A6A0000122003B18BF01236A75AB752D69DCE7F9
:10A6B000907D20B1107D88429CBF014614461269EE
:10A6C000002AF5D1002CD9D0D4E90001A275411A95
:10A6D000D4E90232204698470135C9E71A46FF21DE
:10A6E000EEE75A7D4AB11A68B24224D0921B8242E8
:10A6F00021D8914201D311461C461B69002BF0D191
:10A700005CB12046FFF776FF38B13B683C602361BF
:10A71000DAF800300133CAF800303B685A7D6AB974
:10A7200011F06DFE064699F80030002B94D1019887
:10A7300088F8003088E71C460021DEE7186800F042
:10A74000D3F8044611F05BFE0646002C84D1EAE7FC
:10A7500040220020FCFFFFBFFD260020FC26002039
:10A760003C22002038B5054608B31822002112F01B
:10A770004AFA07F09BFF02462846FFF72DFF20B15B
:10A78000104607F099FF022038BD0A4B1C6854B9E7
:10A7900009491D600B68104601332C610B6007F0FE
:10A7A0008BFF2046F0E704F110032469EFE7012056
:10A7B000EAE700BF402200203C22002038B50446D2
:10A7C000FFF70AFF07F072FF05462046FFF704FF78
:10A7D000637D23B9284607F06FFF032038BD0023AF
:10A7E0006375064B1B68A34203D111F008FEFFF707
:10A7F00019FF284607F060FF0020EFE74022002005
:10A800002DE9F84FDDF82890984604460D4692460B
:10A81000FFF7E2FEDDF830B007F048FF074611F021
:10A82000EEFD06462046FFF7D7FE637D23B12046A6
:10A83000FFF7C4FF0023A375BAF1010F23D175B947
:10A84000B8F1000F21D1B9F1000F03D05A463146BB
:10A850002046C847384607F02FFF002019E035444E
:10A860000D4BAA1B9A4210D8012363759DF82C301A
:10A870003046C4E90058C4F808902375C4F80CB0F9
:10A88000FFF7D0FEE6E7AE42EAD1384607F014FF04
:10A890000120BDE8F88F00BFFCFFFFBF2DE9F041AC
:10A8A00007468846FFF798FE07F000FF3D6806461A
:10A8B00011F0A5FD7B7D7BB185420DD0094B2C1A93
:10A8C0009C4209D8304607F0F7FEB8F1010F08BFE7
:10A8D00025462846BDE8F081304607F0EDFE00250C
:10A8E000F7E700BFFCFFFFBF0023024A194600F054
:10A8F000A3BD00BFC9C303000C232DE9F74F0646D3
:10A900000F46144600254FF00609DFF854801370F7
:10A91000EBB209FB03F3D8F80010CA1850790128EC
:10A9200007D92078A0F10C035842584103B0BDE884
:10A93000F08F31F903B01179B2F902A0304600224C
:10A94000019111F025FD019908B90135E0E7217069
:10A95000B7F900305B45F8DB5345F6DC0020E5E74E
:10A96000E4290020014911F050BD00BFD9C4020004
:10A97000014911F04ABD00BFADC4020070B5164ECA
:10A98000032804460D4633781ED023FA04F202F061
:10A990000102AA421DD053B10122A240A54023EAE0
:10A9A00002032B43DBB233704BB1012070BD2DB1DC
:10A9B0000A4B01201B6898473378EDE73570074B49
:10A9C00000201B689847F0E79A07DED003F0FC03ED
:10A9D000E9E7002070BD00BFFE2600208022002095
:10A9E00038B504460D46FFF7C1FA60B101F02AFC04
:10A9F00048B9012D07D8012011F06FFE0D4B1B68DF
:10AA000023B15B6898470C4B1C7038BD09F039F9CD
:10AA10000A4B1A68801A1860EDF75AFD4FF47A72E3
:10AA2000074B1B6802FB003011F04AFC012001F0CB
:10AA300011FCE8E7A0220020142B0020782200203F
:10AA40007C220020F8B505460C4607F028FE104F82
:10AA500006463B7833B1012D04D01CB90D48EDF703
:10AA600023FC3C7021462846FFF788FF0A4B04462A
:10AA70001B783BB93B782BB911F017FE10B1074B8F
:10AA80001B689847304607F00EFE2046F8BD00BF11
:10AA9000FF26002054220020FE260020E829002066
:10AAA000054A0B46117831B100211170034A01218A
:10AAB0005268187810477047FF260020E8290020C8
:10AAC000124B0239012910B518701ED8FFF74EFA43
:10AAD000D8B101F0B7FBC0B101F020FAA8B90C4B16
:10AAE0001C6834B123689847BDE81040002011F07D
:10AAF000F4BD11F0E3FB074B186009F0C2F8064BF8
:10AB00001860204601F0A6FBEEE710BD142B0020D4
:10AB1000A02200207C2200207822002038B50446A4
:10AB200080B107F0BCFD012104460846ECF758FF50
:10AB300001210B4A084609F00DF82046BDE83840CF
:10AB400007F0B1BD07F0ABFD054621460120ECF74B
:10AB500047FF01202146024A08F0FCFF2846EDE7A6
:10AB6000BAE80300F0B585B007F099FD324D044610
:10AB70002B7823B13148EDF797FB00284FD1EDF743
:10AB800041FC02AA03A911F07AFD034600283FD038
:10AB900011F089FD029B984223D10020284B039994
:10ABA0001B68284E9942307027D90027C91A012303
:10ABB00022482B70244A3346CDE9007709F018F873
:10ABC000002834D1214A1378D90708D5317831B912
:10ABD00003F0FE03137013B91D4B1B689847204602
:10ABE00011E011F05EFD029B98421ED00023184632
:10ABF0001349144A0968137003910121FFF7BEFE3F
:10AC0000002320462B7007F04EFD002005B0F0BD5C
:10AC100020462B7007F047FD012005B0F0BD20460F
:10AC200007F041FD032005B0F0BD0220B6E7032385
:10AC300020462F703370F3E7FF26002054220020B7
:10AC400074220020132B0020A1AA0200FE2600205F
:10AC50008022002038B507F022FD0F4D04462B78E6
:10AC60009BB90E4A0E4913700E4B0F4A0F481A60DB
:10AC70000F4A5A60ECF72EFF0E490F48ECF72AFFF7
:10AC80000E4B0F4A1A6001232B70EDF7F3F92046A3
:10AC900007F009FD002038BD00270020FF26002016
:10ACA000C0E80300E829002065AB02004422002030
:10ACB00045AA0200C8E803004C22002080220020A0
:10ACC0001DAB020010B50446D0F8F8200A4B4FF433
:10ACD0000061C3F89020027C120202F4006205F0C9
:10ACE00059FE237C13F0080F4FF4007314BF034A7E
:10ACF000034A136710BD00BF001E00B0001002B869
:10AD0000002002B837B50C461D4D41B90A46012155
:10AD100005F040FE1B4BEC605C6003B030BD0122CF
:10AD2000114605F037FE0722174B0121DA6023791F
:10AD300001A82B736379019311F0C2FE019BC2B28B
:10AD4000D34000F00F0040EA03106873A279AA73A1
:10AD5000E279EA732068286183B1012102888B427D
:10AD600005D82379013B1344084A1362D5E730F82C
:10AD700011500131AA4228BF2A46F0E71A46F0E7EF
:10AD8000001F00B00C1F00B0006000B8004000B809
:10AD900010B5054C237823B103F0BAFC00202070D5
:10ADA00010BD0320FCE700BF0227002008B503F018
:10ADB00099FC0122014B00201A7008BD02270020D7
:10ADC000431C07D06FF0FF02034B10401A62A3F53B
:10ADD00080531862704700BF00E000B810B504232C
:10ADE00001240A4A0A49D1F8EC00C2F8EC30C2F852
:10ADF000E0300C634FF40051D162410742BFC2F80A
:10AE0000E030A2F58052C2F8EC3010BD0060005472
:10AE10000040005400F01803182B0AD003070AD48E
:10AE200040F2011310F0100018BF1846034B98634E
:10AE300070470020FAE70120F8E700BF001F00B0CC
:10AE4000364B2DE9F7431E6801F4007900F0010349
:10AE5000174653EA090205460C4632D04FF0000867
:10AE600023B30023002200210120CDE9008804F053
:10AE70009BFB042002F0F8FD4146304603F040FA07
:10AE800001224146B083104611F059F9B16B06F129
:10AE9000D80003F0B9FA22490868FFF791FF4FF094
:10AEA000FF330B60337C43F004033374B9F1000FBC
:10AEB00007D00121304611F0C5F924F40074054390
:10AEC0000C43D6E94E232A40234052EA030103D023
:10AED0001449304609688847FB070FD51249134AC1
:10AEE00008680021136811600121114A117003B133
:10AEF0009847104B002102205B68984717F00E0F0F
:10AF000008D040F20B223B21002003B0BDE8F04303
:10AF1000FFF74CBB03B0BDE8F08300BF1820002052
:10AF2000F0290020F42900209422002098220020FB
:10AF300004270020E8290020F7B504461046D4E98C
:10AF40004EC7DDE908268CEA020587EA06010540BE
:10AF5000194085EA0C057940C4E94E51002523F4D7
:10AF6000004106EA010320F0010043F400730240AF
:10AF700043F00203CDE9005504F016FB237C9A0749
:10AF800017D5D4F83C319B0513D54FF488112046D2
:10AF900011F058F9237C65F341032374D4E94E235F
:10AFA00002400B4052EA030103D0034920460968DE
:10AFB0008847002003B0F0BDF429002038B10368B1
:10AFC000044A002B08BF1346034A13607047014B25
:10AFD000FAE700BFBBC40300F4290020024B586A03
:10AFE00000F00F00704700BF001F00B00F2938B5F8
:10AFF00005460C460ED801F041F901280CD1074A4C
:10B000002846536A23F00F032343536211F069FB70
:10B01000002038BD0120FCE70220FAE7001F00B045
:10B02000014B986A704700BF001F00B0014B002021
:10B0300099627047001F00B003282DE9F347884646
:10B0400055D82C4B13F800902B4B1E5C2B4B13F850
:10B0500000A007F024FB074604F060FC054640B161
:10B0600000230022CDE9003301200023002104F059
:10B070009BFA04F05BFC48B100230022CDE90033C9
:10B08000002000234FF4004104F08EFA6EB31C4BF5
:10B09000DC6C04F008041B4B31464846DC6404F0C9
:10B0A00073FE012352463146484604F0EFFE164B2C
:10B0B000DC6465B1154B1868816BD83003F0A4F9D6
:10B0C00013490868FFF77CFE4FF0FF330B60B8F1BF
:10B0D000000F04D00F4B002103205B6898473846CF
:10B0E00002B0BDE8F04707F0DEBA3446D3E702B05D
:10B0F000BDE8F087D8E80300D4E80300D0E80300F7
:10B10000004000B8006000B8005000B818200020CF
:10B11000F0290020E82900200F4A136F13F0A00F38
:10B1200015D1506F10F0040013D10C4BD3F8C03E72
:10B1300023F07F4323F0FF035BB1D368C3F30362C3
:10B14000092A07D0B2F10C0018BF01207047002077
:10B1500070470120704700BF000002B8001000B027
:10B1600070B50D4616460BB1FFF738FE01240A4AAA
:10B1700029469368926A03F0070306339C40C2F3A2
:10B180000C03E41AA4B2B44228BF34460348224652
:10B1900001F028FC204670BD0040005408400054D7
:10B1A00070B50D46064620B9194B1B68A3B10320A4
:10B1B00011E001F063F8012828D1164B93F9004003
:10B1C000C4F11C04641BC4F11C03002BB8BF5B4218
:10B1D000232B0CDD012070BD81EAE173A3EBE17349
:10B1E000DBB2232BF6D80B4B19700020F3E7B574B4
:10B1F00007F055FA084AE402D36904F4FF2423F463
:10B20000FF231C43D46107F04EFAEEE70220E2E789
:10B21000182000200127002000C000B810B5044607
:10B2200011F05CFA10B1012001F094F82046FFF70C
:10B2300049FD07F034FA0A4A0121D2F88C3E04464F
:10B2400023F02003C2F88C3E0222064B08469A6087
:10B25000054B5B689847204607F025FA002010BD93
:10B26000001000B0001002B8E8290020094B084681
:10B270005A6A91020BD4D3F80021D20708D4D3F82C
:10B28000803013F4706F14BF01200020704701203C
:10B29000704700BF004001B8F8B50E46836B02EA64
:10B2A000010423EA010323438363464A01F00B03AD
:10B2B00023EA0401D1642340A2F5805277070546B2
:10B2C000D36410D50121FFF7D1FF60B104F0FEFC7B
:10B2D0004FF4007314F0040F14BF3B4A3B4A53620F
:10B2E00004223B4B1A67F00606D514F0100F14BF6A
:10B2F00000221B22374B5A6531061DD5220616D572
:10B300004FF40012304B1A62012203F58053C3F848
:10B31000002107F0C4F90E210746032002F0B6FF12
:10B3200040F201222B4B3846DA6207F0BCF9214685
:10B3300005F1D80003F068F8F30503D5E7052AD531
:10B3400002F074FFB00503D5A10527D502F07AFFFE
:10B3500016F48C6F1DD014F4806224D095F910304F
:10B36000002B0CDA6A8BB5F80A31934219D0B5F884
:10B370000C319A1A53425341174A82F8AC30D5F82F
:10B38000C810284611F09AF88022144B5863144BC9
:10B390001A610020F8BD02F043FFD3E702F04CFF32
:10B3A000D6E70123E8E77305E9D595F91030002BBE
:10B3B000E5DA094B114683F8AC200A4B28461B6896
:10B3C0009847DCE7006000B8005001B8006001B8A1
:10B3D000002002B8004000B8001E00B0001F00B0FE
:10B3E000000002B8A8220020014B1868704700BF77
:10B3F0009022002037B507F052F9002401230022E3
:10B40000CDE90034002305461946104604F0CCF877
:10B41000022002F029FB064B21461C60054B02204E
:10B420005B689847284607F03EF9204603B030BDD8
:10B4300098220020E82900202DE9FF4102290D462D
:10B4400016469846039004D1FFF7D4FF04B0BDE838
:10B45000F08107F024F91D4F04463B683BB1B3422D
:10B4600005D007F020F9002301203B60EEE7184BE0
:10B470000022C3F8008001233E60CDE900330023A1
:10B4800000261046194604F08FF8124B02201E7059
:10B4900002F0EAFA33462A46022003A902F002FB30
:10B4A0000D4B039A1A6008B92046DAE70B4D2B685A
:10B4B00098470128014604D0204607F0F4F8002000
:10B4C000C4E76B6802209847F6E700BF9822002087
:10B4D000942200200427002090220020E829002048
:10B4E000044B5B6E5B054EBF0120034B187800F0E8
:10B4F0000100704700C001B804270020014B186A02
:10B5000002F0D6BE004001B8014B186A11F06BBAC8
:10B51000004001B8437C5A1F012A01D9082B05D1EC
:10B520004B7C2BB1012B05D0022B05D010F0F1BFC5
:10B5300002487047024870470248704720A1070040
:10B5400048E8010040420F0070B50E4607F0A7F82A
:10B55000054600F0B7FE044620B1284607F0A3F8E0
:10B56000204670BD04F0B2FB104B3278D3F8C03ED9
:10B57000022A23F0F00315D0101F4242424152002C
:10B5800043EA02137278022A0ED0111F4A424A413E
:10B59000520043EA8213054AC2F8C03E0422044B1B
:10B5A0001A67DAE70122EBE70122F2E7001000B0A8
:10B5B000002002B870B50E4607F071F8054600F09D
:10B5C00097FE044620B1284607F06DF8204670BD6E
:10B5D00004F07CFB104B3278D3F8C03E022A23F0F3
:10B5E0000F0314D0101F424242415200134372789D
:10B5F000022A0ED0111F4A424A41520043EA8203F6
:10B60000054AC2F8C03E0422044B1A67DBE7012258
:10B61000ECE70122F2E700BF001000B0002002B802
:10B620002DE9F8430E780446042E0D4690F810815B
:10B630000BD100275FFA87F9484601F095FD08B164
:10B640004E4602E00137042FF4D1304601F08CFD64
:10B65000002845D094F81031B34208D1AA88E36C91
:10B660009A4204D16A88B4F812319A4235D084F8EB
:10B670001061AB883046A4F814316B88A4F81231FD
:10B68000AB8804F58875E364FF23E37511F035F9A1
:10B69000A075284601F094FC18BB284601F05AFD1D
:10B6A000F8B9D4F8C43053B194F81011414506D01C
:10B6B0002046B3F91220E9F70BFC84F81901204663
:10B6C00001F0B4FE0949A4F814010123084AD1F895
:10B6D000FC1004F1D80003F04DFD0020BDE8F88314
:10B6E00001200C2384F81031F8E700BF001F00B0E0
:10B6F000581F00B0F8B5054690F810010C460C280C
:10B70000164622D0FF2922D01AB14FF0FF32114B3A
:10B710001A6011F0F2F8074695F8100101F082FD69
:10B72000844228BF0446E4B2BC4238BF3C46E0B283
:10B73000E87501F01DFE044616B9284601F086FDA5
:10B74000A4F1FF0358425841F8BD0220FCE7012054
:10B75000FAE700BFFC29002010B590F8103104462C
:10B760000C2B3DD0D0F8C4308175B3B3D0F8D420C1
:10B77000D2B990F819318B421CD300222046FFF732
:10B78000B9FF80B9174B1B78022B0BD8204601F06C
:10B790004DFE15490123154AD1F8FC1004F1D800DB
:10B7A00003F0E8FC002010BDB0F92620B3F91230F8
:10B7B0009A42E2DD0022204694F81911FFF79AFF21
:10B7C0000028F0D1C4F8C400204610F0CBFC01469C
:10B7D0002046BDE81040FEF7E5BDFF23C375E1E755
:10B7E0000220E0E7F62A0020001F00B0581F00B03A
:10B7F000036C012B01D100207047F0B50546684964
:10B800008DB011F0AFF8D5F8C46001466C8BC5F867
:10B81000C80026B1336813B15B68002B68D106F00D
:10B820003EFF06F040FF0123D5F8C8108DF8063022
:10B83000B389D6E90120E31A9BB200FB03225948E1
:10B84000ADF80430036800928B4207D0284610F010
:10B8500035FE80225449554B48631A61534C00F021
:10B860000DFD0128FBD1A3689A06F8D428469DF85F
:10B870000620009906AB03F0ABF9002835D100F0A3
:10B88000FDFC01280446FAD1684606A903F058FBDE
:10B89000064650BB6A8B464B5A642B7C60F34103CF
:10B8A0002B7401F03FF8D5F8C4305969431E0F6876
:10B8B000DBB2FD2B029721D9FB1C35D84B68FF2842
:10B8C00008BF2746039368D1DE1C23D8024602A98D
:10B8D000284610F04BFFD7B9D5F83C3199053FD435
:10B8E0002B7C43F002032B7411E002200DB0F0BD5D
:10B8F0001A68032A93D99B6A5B0E97E74B68012865
:10B9000003930FD00246284602A910F02FFF002013
:10B910000DB0F0BD0133274B5B6818D0DA1C30D86E
:10B920000393D3E70746CFE7224B01371B6818BFC5
:10B930000127DA1C06D802934B68FF280393C3D073
:10B940000020C3E7FF284B6824D00393C3E7DC1C27
:10B950001AD80246284602A9039310F007FFBBE756
:10B960004FF48031284610F06DFCD5E94E2302409B
:10B970000B4052EA0301CAD00F492846096888479C
:10B98000C5E7FF28A7D1DBE7FF28A5D1002228467D
:10B9900002A9E2E72046039396E73246B3E700BFE9
:10B9A000FC1F00B084220020001F00B0000002B87D
:10B9B000008001B8042A0020F429002038B590F84E
:10B9C0001C5104463DB306F06AFE1F22124B013D96
:10B9D0005A621540114A12495562D4F820518D66B9
:10B9E000D4F82451CD66D1F80011C9070FD54FF016
:10B9F000FF31C3F80411616CC2F804114FF0F0413B
:10BA0000C3F81011E37CDB060B40C2F81031BDE82F
:10BA1000384006F048BE38BD006001B8005001B89B
:10BA2000004001B82DE9F74F06461546084619B9FA
:10BA3000012003B0BDE8F08F002AF9D0032904D813
:10BA4000002101F0A9F90028F2D004888278B4F529
:10BA5000804F02F0070180F0CB80A1F1070C037941
:10BA600090F80590C788DCF1000040EB0C00052938
:10BA7000287394BF0020C2F30010C2F3801C6873C7
:10BA8000900985F810C000F00200C2F3C00C40EA33
:10BA90000C00C2F340126874AA74AF820BB996F816
:10BAA000FE30013BDBB2EB74B36BD80600F18C8047
:10BAB0000639012900F288804FF001084D4B083CFF
:10BAC0005B6D4D4BDF6B9B6B47F0005703F007033B
:10BAD000063308FA03F8002308F1FF3804EA0804E3
:10BAE00017F804A0013404EA0804AB60631D03EAFC
:10BAF0000803BAF1800FFA5C717C03F1010318BFEF
:10BB0000AAF1320A03EA080308BF6FF07F0AFB5C60
:10BB100018BF4FFA8AFA41B30020D6F8D0300BB1E3
:10BB200051469847631CE87385F80EA003EA0803A2
:10BB3000F95C013303EA0803FA5C013303EA080302
:10BB400041EA0221FA5C013303EA0803F85C41EAA6
:10BB50000241002341EA00616A7C304603F0D4FBD5
:10BB600006232860AB71002063E742EA0323D9046F
:10BB70000FFA83FB25D5D6F8C830ABB11A68022A74
:10BB800012D993F82400CBF30B03DB0008B1B3FB0D
:10BB9000F0F39945C0D8002BBED0C9EB0920B0FB0B
:10BBA000F3F0C043C0B2B8E729463046FFF7B2FC15
:10BBB0000190304610F09DFC019BB3FBF0F0C0B249
:10BBC000E1E7385D4000EDE700230020EB730B4B0D
:10BBD0005A69C2F30723120448BF63F0FF035AB245
:10BBE00012F1800F1CBF323B5AB2AA730346B8E76A
:10BBF00002201EE7004000B80040005400C000B81A
:10BC000070B54FF480640B4D0B4B0020D3F8EC6003
:10BC1000C5F8EC40C5F8E04004F014F94FF40053C7
:10BC2000EB65730542BF054BC5F8E040C3F8EC4037
:10BC300070BD00BF0060005400400054005000542C
:10BC4000082310B1024A13677047024AFBE700BF9E
:10BC5000001002B8002002B8F8B504460E4611B92B
:10BC6000037C5A063FD44FF6FF73E18BD4F8C870BB
:10BC7000994204D0304B1B680BB1204698472F4D9A
:10BC80002B68BB424CD02E4B1B683BB11FB13A68AE
:10BC9000002A47D0BF6839462046984707272046E4
:10BCA00001F0C4FB002E31D006270126254B94F964
:10BCB000122093F900302449C3F11C039B1ACA696E
:10BCC000DB0222F4FF2203F4FF231343CB61D4F8F9
:10BCD000C8301E4A2B601E4B976720461E7010F01E
:10BCE00000FD0020F8BD4FF6FF71144DD0F8C8706C
:10BCF0002A6866F386139742C183037417D0104BEA
:10BD00001B68002BC2D101F091FB072711493B466C
:10BD1000114AD1F8FC1004F1D80003F02BFAC3E764
:10BD20000127BCE71746204639469847B6E701F099
:10BD30007DFB0127EAE700BF8C220020842200203F
:10BD4000882200200127002000C000B8006000B851
:10BD500003270020001F00B0581F00B008B548227C
:10BD60000021024810F04FFF002008BDC41E00B0A3
:10BD70000C2337B580F810310023837464234FF00F
:10BD8000FF357822C0E93933C0E93B33C0F8E030F1
:10BD90004FF6FF730446A0F8F4200376C383C5640E
:10BDA000C58205628584057503F0C8FD2046FFF74E
:10BDB000D5FF94F912102046FFF7F2F9602340F600
:10BDC000FF71114A2046D36402F11C42D162D16551
:10BDD0000E4A2946D36440220D4B1A67A26BFFF727
:10BDE0005BFA0E230022CDE9003340F20223104615
:10BDF000194603F0D9FB01F0D3F9204603B0BDE8A2
:10BE00003040FEF7AFBB00BF004000B8005000B8A4
:10BE1000002002B8034670B50C68B0F81421013454
:10BE200008BFD3F8E0408D6808BF0C604C68D8307C
:10BE3000013404BFD3F8EC404C606E1C38D1D3F809
:10BE4000E840CE688C60751C38D1D3F8E4500E6998
:10BE5000CD60013604BFD3F8D8600E614E6901365B
:10BE600004BFD3F8DC604E618E69013604BFD3F89D
:10BE7000F0608E618E693EB35A32B24238BF3246AC
:10BE80000E688A61C3F8E8404C68C3E93865C3E9C5
:10BE90003B420A69C3F8D8204A690C49C3F8DC2040
:10BEA000D1F8FC1007230A4A03F064F9002070BDA2
:10BEB00002F15A04AC4238BF2C46C2E702F17805C1
:10BEC000B54238BF3546C2E76422D9E7001F00B04B
:10BED000581F00B038B50446074D21462868621C3B
:10BEE000003818BF012002F0F1FB2B680020003B56
:10BEF00018BF0123A37038BD9C22002038B5054C23
:10BF0000054B417800782568236002F09FFB00B163
:10BF1000256038BD9C220020E4E8030070B506F0DF
:10BF2000BEFB05460B4E00F0A9F9012804D02846B7
:10BF300006F0B9FB022070BDF36813F0706FC3F315
:10BF40000364F0D1B36ADB06EDD5284606F0ABFBFF
:10BF50002046F0E7000002B8074B1B684BB10028F1
:10BF6000064B08BF0023064A1360064B18700020DA
:10BF700070470220704700BF9C220020DCE80300CD
:10BF8000A022002005270020014B1878704700BF31
:10BF90000527002038B506F082FB4FF6FF710A4AEC
:10BFA00013888B4203D106F07EFB032038BD074C7B
:10BFB000074D1B046566A4F580546366118006F086
:10BFC00072FB0020F2E700BFF42A0020006001B8F5
:10BFD0000000FFFF2DE9F743044688461546FFF7AA
:10BFE0009BF870B16F4F7B69DB0740F1D88006F09A
:10BFF00056FB0646032001F033FE30B1304606F012
:10C0000052FB022003B0BDE8F0837F6917F00607FA
:10C01000F4D1304606F047FB634B4FF400612046F5
:10C02000D3F8C09ED3F8946E04F0C8FC40B14FF42E
:10C03000007201215D4B08461A673A4610F07FF8FE
:10C0400094F91030002B06DAA36B5F0542BF4FF462
:10C050000022574B1A6741462046FEF7A3F9524B80
:10C06000C3F8C09EC3F8946E0028CBD1237CD806B9
:10C0700001D4002D54D0C5F3400003F0EDFD0223A0
:10C0800015F4807F1BBF0021494A484A136717BF38
:10C09000484A13675161136303F018FE4FF480633D
:10C0A00015F0040F14BF444A444A15F0400F536280
:10C0B0004FF004023D4B28461A674FF0400314BF6F
:10C0C0003F4A404AC2F88830FEF7A4FE204610F0EE
:10C0D00047FA38B14FF4807315F0010F14BF344A9A
:10C0E000324A1367A90644D54FF6FF72A38C9342D8
:10C0F0000FD0354A3549526E100CC2F3011201328D
:10C10000B3FBF2F308802C4A2C4931481B044866E3
:10C110005366003D18BF0125237C65F30413237487
:10C12000204610F0DBFAF0B1204610F019FAD0B139
:10C130004FF40031204604F041FC431C03229BB223
:10C14000244801A910F06CFB9DF8042002F00703BD
:10C15000052B9DF8053015D112070DD443F48073DB
:10C160001D4AC2F8A030002003B0BDE8F04310F033
:10C1700095BBFFF70FFFCCE713F0040F09D19DF833
:10C180000630EBE703F03002202A05D113F0010F4F
:10C19000F4E74FF48073E3E79DF80630E0E703200F
:10C1A00030E700BF00C001B8001000B0002002B8A6
:10C1B000001002B800400054005001B8006001B8FF
:10C1C00000D000B800E000B8004001B8F42A002018
:10C1D0000000FFFF08400054001E00B008B50B4BE4
:10C1E000D3F84C114B1C0FD011F080410CD103201F
:10C1F000FEF722FF4FF080624FF40071044BDA67C4
:10C20000044AD16201225A6108BD00BF0080E00FDC
:10C21000001002B8004000B84FF40022034B186F22
:10C2200003F500531A67C0F3C0407047000002B81E
:10C23000024B034A00201A60704700BF882200208A
:10C2400005AD0200024B586900F00100704700BFC5
:10C2500000C001B8084B5A69D10707D508B901F0E9
:10C26000DFBB5B69DA0706D401F0CCBB5B69DB0797
:10C2700001D40028F8D1704700C001B80F4BDB682B
:10C28000C3F30363013B0B2B0FD8DFE803F0060673
:10C290000C06060606080A08080802207047042053
:10C2A00070470520704703207047054B5B6913F00A
:10C2B000060F0CBF01200420704700BF000002B829
:10C2C00000C001B8094AD368C3F303630B2B08D03D
:10C2D0006FF49050184100F0010080F00100400020
:10C2E0007047106F10F48030EDD17047000002B835
:10C2F0000C4AD368C3F30363062B07D8042BD8B2C8
:10C300000BD8C31E5842584140007047072B06D136
:10C31000D2F830010028ECD170470220704700208D
:10C32000704700BF000002B8094BDB68C3F303632A
:10C330009A1E012A8CBF00220122012B02701EBF0F
:10C340004FF4026222FA03F303F001030B7070470B
:10C35000000002B8024B1B6803B11847704700BFCA
:10C36000B4220020024B1B6803B11847704700BF7E
:10C37000B0220020F0B5CF072BD5002A14BFAA2584
:10C3800055250E461E24154F01F0030383F00103CB
:10C390003B449B7806F0070C17F80CC0013C634443
:10C3A0004FEA5606F6D10E4E73436FF481769B0C1E
:10C3B000334482B991FAA1F195FAA5F54A082D0FF7
:10C3C000490042EAC57201F00204C474C0E91123B5
:10C3D000F0BDAA25D5E7034AF7E700BFF8E8030058
:10C3E00036FC1000B756351230B547F6FE74154BC3
:10C3F000C3F83042856C04EA4504134DC5F8304259
:10C400000F245C66CC071BD5D2B901246C664FF0B3
:10C41000FF34C3F80441456C0B4CC4F804514FF091
:10C42000F045C3F81051C37CDB062B40C4F8103133
:10C430002AB10222054BC0F88010C3F8C02030BDDD
:10C440000224E3E7006001B8005001B80040005446
:10C4500013B5437C0446033BDBB2072B96BF104A5F
:10C460000021D15CFEF7E2FD012001F043FA4FF418
:10C47000F0620C4BDA644FF40072A3F58053DA6477
:10C48000637C053B012B08D80421074B01229B6EDE
:10C490000DEB0100019300F0FBFA02B010BD00BFEC
:10C4A000F0E80300006000B8004001B8012310B5B7
:10C4B00080F8F6302823C0F8DC30042304464374A7
:10C4C000044B1968FDF7A8FF2046FFF7C1FF0020C5
:10C4D00010BD00BF50E90300012310B580F8F6300D
:10C4E0002823C0F8DC30022304464374044B196847
:10C4F000FDF792FF2046FFF7ABFF002010BD00BF05
:10C5000054E90300012910B5044604D90239012970
:10C5100014D9032011E00B4B19680523012284F87C
:10C52000F6204FF4BC726374C4F8DC202046FDF79B
:10C5300073FF2046FFF78CFF002010BD024B1968E7
:10C540000623EBE74CE9030048E9030038B5184B34
:10C5500004461D6845B1EB6833B1286801F0A8FDB9
:10C56000AB68186801F0A4FD124B1B682BB1DA68A8
:10C570001AB19B68186801F09BFD0F4B1B682BB12B
:10C58000DA681AB19B68186801F092FD0B4B1B68C2
:10C590002BB1DA681AB19B68186801F089FD204652
:10C5A000FFF79AFF2046BDE83840FFF751BF00BFB4
:10C5B00054E9030050E903004CE9030048E9030093
:10C5C000072330B5144CE363144B61B94FF4804238
:10C5D0004FF48041C3F8B410C3F8B820C3F8BC20AE
:10C5E000C3F8C02030BD44250D4940F040004D63E4
:10C5F00088630121D9634FF480414AB1C3F8B41074
:10C60000054BC3F8B810C3F8BC10C3F8C010E9E775
:10C61000C4F8B410F4E700BF006000B8005000B8E0
:10C62000004000B82DE9F04F87B0904601930546D1
:10C630000F4606F034F8064603F0DEFB6B7C033B46
:10C64000DBB2072B96BF554A4FF0000B12F803B030
:10C65000032F10D8DFE807F002141B220222504BF0
:10C66000DFF86091D3F800A06A74012285F8F62003
:10C67000BAF1000F17D10124204607B0BDE8F08FB2
:10C68000484B0422D3F800A0DFF83C91ECE70522E8
:10C69000454BD3F800A0DFF83491E5E7434B062281
:10C6A000D3F800A0F7E7D5F8C020524507D0504690
:10C6B00000F028FC0022C5F8C0A0C5F8C4204146FF
:10C6C0002846FDF743FD044603F0B8FC5F4507D05C
:10C6D000D5F8C42028461268DAF804100FF0B0FF2D
:10C6E000019BDFF8ECA0A3F15A0001F033FBB0F599
:10C6F0007F4F3FBF2E4B9B6B0133C018A0F57F408F
:10C70000CAF89C00484602F0C9FC0023CAF8A00001
:10C71000CAF8A4302CB941462846FDF7D1FE04469C
:10C7200018B1304605F0BFFFA6E70522214B4FF0B8
:10C730000209C3F82421012241461A672846C3F89A
:10C740000890FEF76BFD044618B11B4BC3F8089028
:10C75000E7E739462846FEF769FC109B2846029316
:10C76000119B02A90393BDF84830CDF81340ADF8F2
:10C7700010309DF84C308DF817408DF812300FF0C6
:10C7800061FE04460028CCD10C4907230C4AD1F89D
:10C79000FC1005F1D80002F0EDFCC2E7F0E8030060
:10C7A00054E9030050E903004CE9030048E90300A1
:10C7B00000C001B8001002B8002002B8001F00B08D
:10C7C000581F00B0D0FB010050BD0100501C0700F5
:10C7D000001E00B0431EDBB2FD2B14D9FF280B68EE
:10C7E00001D14A68134313F0802F1EBF42F20102A9
:10C7F000074BC3F8282251F82020054BC3F85022DC
:10C80000C3F8542270470128F5D10023E9E700BF9F
:10C81000004001B8F0B585B06D460E460F4B074697
:10C8200014460FCB85E80F000D4BD3F8480200905B
:10C83000D3F84C2201923EB1631EDBB2FD2B0AD924
:10C840003060FF2C00D172602246294638460FF036
:10C850008DFF05B0F0BD012CF4E700BF00E9030037
:10C860000080E00F30B50C4B0546187085B00823EA
:10C8700080B90A4AC2F8FC3351B96C46084B0FCB59
:10C8800084E80F00074B2A4621461868FFF7C2FFCD
:10C8900005B030BD044AEDE7152B0020001002B8AA
:10C8A00010E9030018200020002002B838B5044623
:10C8B00001F02CFBE0782179174A40EA0143C2F8E5
:10C8C000CC34E579A37943EA0543C2F8D034237820
:10C8D0001BB100230422E8F741F863782BB1002351
:10C8E0000422E179A079E8F739F82278012372B1BE
:10C8F0000A4AC2F8C8346278022352B1074AC2F821
:10C90000C834A0780021FFF7ADFF002038BD044AED
:10C91000EFE7034AF3E700BF00C0035000D0035025
:10C9200000E00350014B1878704700BF152B002022
:10C93000124BD3F8E020D2031ED54FF480321049B9
:10C94000C1F8E020A1F58051C1F8EC201A6CD1B2F9
:10C95000C2F30722C3F88010C3F880200422C3F872
:10C9600080200022C3F88020C3F88020C3F88020F4
:10C97000C3F88020C3F88020704700BF00400054F7
:10C9800000600054F8B50D461746064605F087FED0
:10C9900001230421084C094A2363A760E66025614E
:10C9A000C2F8E010064AC2F8843105F07CFE0DB1F1
:10C9B00002232363F8BD00BF004000540060005410
:10C9C00000E100E00122054B1860054B1A6640F6B5
:10C9D000FF729963D863DA65704700BFBC220020FC
:10C9E000004000542DE9F04F042A05460B4683B061
:10C9F00039D901260978141F81615A7803F1040995
:10CA000082619A788261DB7883610368D0F808B02C
:10CA100003F0070306339E4006F1FF3A0AEA0B08CB
:10CA20004768A6EB0802944247F000570ED84946E3
:10CA3000224607EB080010F016F946EA0A0604EB56
:10CA40000B023240AA6003B0BDE8F08F494607EB05
:10CA50000800019210F007F9019A384609EB02012B
:10CA6000A21B4244E7E7013A032AECD8DFE802F0D0
:10CA70000B08050213F8012B826113F8012BAA6140
:10CA800013F8012BAA611B78AB6103B0BDE8F08FEE
:10CA900038B50C46154601460F4B68B101220F48C8
:10CAA000C3F8C0202246FFF79DFF1DB104220A4BA8
:10CAB000C3F8C020002038BD64B1D3F8A420A2423E
:10CAC00084BF0122C3F8C0200222C3F8A040C3F8EB
:10CAD000C020EAE70122FAE70040005498400054E1
:10CAE00010B505F0DCFD0122174B18491A66C3F892
:10CAF00090209A66164A0446DA660722C3F88C200C
:10CB0000144B1A800023144A13804FF4A022C1F85A
:10CB1000E020A1F58051C1F8EC20104A1360104BC1
:10CB20001B6F5B020AD54FF480020E4B18680E4B48
:10CB3000D8301A6750F8A01C01F066FC2046BDE80A
:10CB4000104005F0B0BD00BF00400054006000542C
:10CB5000100D00206625002064250020B82200204A
:10CB6000000002B818200020002002B807220D4B58
:10CB700001211A8000220C4B1A800C4BC3F8C01004
:10CB8000C3F898204FF40052C3F89C00C3F8BC20AF
:10CB9000F022074B9A64A022A3F580539A64FFF712
:10CBA0009FBF00BF66250020642500200040005480
:10CBB000006000B82DE9F041044688B105F06FFD32
:10CBC0003C4E3D4A3388032C03F0780105463B4F29
:10CBD00003F07F0C11445BD13C6824B905F063FD80
:10CBE0000320BDE8F08124F00104386820F0010042
:10CBF000A04252D100223A6022888C426FEA42421F
:10CC00006FEA524222803ED12D4CDFF8D0C02788F7
:10CC1000ACF180083A46083A92B201F1080060454A
:10CC200028BF4046082A04D9B0F800E0BEF5804F7E
:10CC30003ED222803B440C8888789B1A2149DBB283
:10CC4000C4F30C044C6433804B67C1F88C204FF460
:10CC500080221D4B00F00700C3F8E02001221B4B8F
:10CC6000C3F88421FFF764FE04280CD14FF480023E
:10CC7000174B1B6F174B1868174BD8301A6750F8B3
:10CC8000A01C01F0C1FB284605F00DFD0020A8E71F
:10CC9000601E012898BF0C46A7E709486244008837
:10CCA000A21A48BF803208389042A5DC284695E792
:10CCB0000146B0E764250020100D0020B8220020B6
:10CCC00066250020004000540060005400E100E0B0
:10CCD000000002B818200020002002B8900D0020AB
:10CCE0001249134B0A881B8812481344083292B227
:10CCF0000A801149073BC1F88C204FF480210F4A6C
:10CD000003F07803C2F8E0100121034498780C4A3C
:10CD100000F007000428C2F8841103D10949CA6849
:10CD20001203FCD4084A1360704700BF6625002038
:10CD300064250020100D00200040005400600054C5
:10CD400000E100E0000002B8B822002010B5054C58
:10CD5000206828B1C30701D4FFF72CFF002323600C
:10CD600010BD00BFB82200204FF48033084AC2F83B
:10CD7000EC30A2F58052C2F8E030064BD3F8883090
:10CD8000C3F30C03782B01D8FFF7D2BD704700BF67
:10CD900000600054004000542DE9F84304460E465C
:10CDA00005F07DFC4F4B81461A884F484F4D02F0ED
:10CDB0007801032C2D8802F07F03014417D14C4CDD
:10CDC00024688CB92A44073A02F078028418034494
:10CDD000E31A48BF8033AB4210DB484605F063FCE2
:10CDE00000242046BDE8F88324F00104EFE7012C7D
:10CDF00002D0022CEBD1083D0C46E8E7002E40D0D3
:10CE00008C423C4941D1D1F8448001278A6B02F021
:10CE1000070206329740D1F88820C2F30C029A42EA
:10CE200046DD2588B5F5804FD7D2A378C5F30C052C
:10CE300003F007037A1EA5EB08053A43052B337070
:10CE400005EA02052CD82DB2E84340F23A4204210B
:10CE5000C00FFDF7ABFB7580E378274A3374126887
:10CE60007B1E03EA0803D118B160A9B213FA85F555
:10CE7000BD4291BF0023FF1AB780F2609CBFB18012
:10CE8000F360484605F00FFCABE7A4F108028242CC
:10CE900038BF04F17802B2F80080C8F30C08B4E798
:10CEA000164B5B6D003B18BF0123A5EBC305CAE71A
:10CEB0000B6C7A1EA3EB08033A431A40104B15B2D1
:10CEC000DB6862B9C3F30363D91E4B424B41DB00FD
:10CED00033700B4B72809B6FC3F30723BDE70823AE
:10CEE000F6E700BF64250020100D00206625002015
:10CEF000B822002000400054BC220020004000B8AE
:10CF0000000002B8054BA822D3F84C013121431C84
:10CF10000CBF0120C0F38070FDF748BB0080E00F1C
:10CF200038B5094D0446286840F6A402003818BFF9
:10CF300001202B21FDF73AFBFA235C432B680A20E2
:10CF4000B4FBF3F4604338BDF0220020174B30B53A
:10CF50001A68431C164B22D0B2F1407F1FD3154DE7
:10CF600000F03F04D5F8002122F03F021443C3F83B
:10CF7000C84001F03F042243C3F8D020D5F8043163
:10CF80000D4A1A400D4B03EA500003EA51011043C9
:10CF90001143074BC3F8CC00C3F8D41030BD0020B8
:10CFA0000146C3F8C800C3F8D000F2E70080E00FE4
:10CFB000001F00B0000002B81FF087E1E0FFFF7F14
:10CFC00073B5574E0446317819B91C2255480FF0F5
:10CFD0001AFE2378544A6188137051804FF0FC6226
:10CFE000524CFF21C4F8FC204FF47F02C4F8082102
:10CFF0004F4A022B4F4D117033D1042307224E4963
:10D00000C4F8FC23C5F8FC33C4F800114FF4C07118
:10D01000C5F80011C4F8FC234FF48052C5F8FC3366
:10D02000C5F870214FF40052C4F87021C4F80831DB
:10D030004FF4FF13C4F8FC304FF4BB13C5F8FC30B9
:10D040008023C4F8703148F2C8023C4BC3F8D820A2
:10D050003B4B3C4A0020C3F8C02F0123337002B081
:10D0600070BD394A012BC4F80021384B27D14FF449
:10D07000C072C5F80021D3F83802D3F83C12FFF78C
:10D0800065FF0723C4F8FC330223C5F8FC334FF4D3
:10D090008053C5F870314FF40053C4F87031042345
:10D0A000C4F808310DEB0300E7F7D4FD9DF8053017
:10D0B000023B012B9CBF8023C5F87031C3E7244A93
:10D0C000C5F80021D3F83002D3F83412FFF73EFF41
:10D0D0000723C4F8FC330123C5F8FC338023C4F8CC
:10D0E00070314FF4805301A8C4F87031E7F7B2FDF6
:10D0F0009DF80530012B05D19DF8043053B948F255
:10D100005D1309E0FBD9023B012B9CBF4FF4005398
:10D11000C5F8703148F25813084AC2F8D83097E77A
:10D1200006270020C41F00B0F62A0020002002B805
:10D13000192B0020001002B8C0F10F00001F00B032
:10D14000001000B0C4220020C0F70F000080E00FE4
:10D15000C0F60F00034B1A6802609B888380002092
:10D16000704700BFF62A002010B5044600F0CEFE3E
:10D170000A4BD3F8F83724B983F40023C3F3C04033
:10D1800010BD012C05D113F4C02F0CBF01200020CD
:10D19000F6E7A31E58425841F2E700BF000002B86C
:10D1A0006FF07F4208B5154BD3F8FC37934208D097
:10D1B000134A03F03F031370F123124A1370124A0B
:10D1C00013701249124B09781A68A9B1B2F1A06F15
:10D1D00012D3D3F850120F4A0F4BB1F1FF3F18BFD3
:10D1E00013460E4A13600FF0FCFB41F66A03B0FBD6
:10D1F000F3F00B4B186008BD074BF2E7000002B8D4
:10D200001A2B00201B2B00201C2B0020182B002089
:10D210000080E00F5082E00F34E90300C0220020BC
:10D22000F0220020012807D0022802D030B10020CF
:10D230007047034B18787047024BFBE7024BF9E746
:10D240001A2B00201B2B00201C2B00200023F0B5E4
:10D2500090F8104185B002462046CDE90133CDF863
:10D260000B30FFF7DFFFD37D411EC9B28B4228BFD1
:10D270000B46002C3CD0012C38D1042418464FF02A
:10D280000F0C394E0DEB0405B0FBFCF7F75D013CCC
:10D29000C01BC0B2814238BF00206055002CF3D1C2
:10D2A00005240F278DF80830B3FBF7F0305C0344FA
:10D2B000DBB28B4228BF0B462B5501340B2CF3D12C
:10D2C0000F2602F14C00783215F8013BB3FBF6F162
:10D2D0004C1CC1EB01115B1A0133DBB2E4B21B043D
:10D2E00043EA045340F8043F8242EDD105B0F0BD5B
:10D2F000042418464FF00F0C1C4F0DEB0406B0FB36
:10D30000FCF5EDB27D5D013C401BC0B2814238BFEF
:10D310000020A055002CF2D105240F258DF80830EF
:10D32000B3FBF5F0385C0344DBB28B4228BF0B46FD
:10D33000335501340B2CF3D10F2502F14C04783214
:10D3400016F8013BB3FBF5F1481CC1EB01115B1A68
:10D350000133DBB2C0B21B0443EA005344F8043F7C
:10D36000A242EDD1C2E700BF2DE9030020E903008E
:10D3700038B5284B05461A7827490C2A02D1FF20D8
:10D38000087038BD10460FF0B8FA04461046FFF793
:10D3900049FFA84228BF2846C0B2A04238BF204655
:10D3A0000B78C0B28342ECD0087088B1431EDBB268
:10D3B000022A1A490ED14FF0FC62C1F8FC20A1F5F7
:10D3C0000051D1F8FC2042EA4353C1F8FC30D8E7C1
:10D3D0000346EDE7124A134C12685032C4F8C02FCE
:10D3E0004FF47F02C1F808210F49CA6FD202C8D496
:10D3F0000F22B3FBF2F2551CC2EB02129B1A01334F
:10D40000D1F808411B0443EA05532343C1F808310E
:10D41000B7E700BFF62A0020192B0020002002B831
:10D4200018200020001000B0000002B82DE9F04FD5
:10D4300090F810510746C66C87B035BB1F2E38BF19
:10D440001F26093E884B89481A6A4C230168C2F39B
:10D450008212D34003F00108B1424346FA7D844969
:10D46000DFF82CB2DFF82C9214D10C78444511D19E
:10D470009BF80040AC420DD17E4C2478944209D1F7
:10D48000B9F8040007B0BDE8F08F032E38BF0326BB
:10D49000023ED7E7066099F800000B70FFF7C2FE66
:10D4A000FF2A14D128460FF028FA0146B8F1000FE0
:10D4B00016D0D7F8C810002900F0C8800B68082BD8
:10D4C00040F2C48091F838A0002D51D00FE0411EE9
:10D4D000914228BF1146012938BF0121C9B2E5E7B1
:10D4E000012D2BD0022D00F0AF80BDB3C2460FF04E
:10D4F00078FA40F27123B0FBF3F019237043B0FBCC
:10D50000F3F001225146059005A80FF0CCF94FEA3F
:10D510004A01032938BF0321040244EA00140339F5
:10D52000044300F01F0001FA00F0FFF7F9FC0AEBDA
:10D530000A260AEB062600F5FA6860E00F23B1FB25
:10D54000F3F35A1CC3EB0313C91A0131C9B2D2B2A7
:10D55000090441EA0251C1F3074AC8E70F23B1FBAE
:10D56000F3F1454B01311B6853FA81F111F801AC1D
:10D570000FF037FA40F27123B0FBF3F41923744330
:10D58000B4FBF3F44FEA0A460294B8F1000F60D1FD
:10D590003A4BAAF14001A3FB042303A8424603939C
:10D5A0000FF081F9DDF80CA0354AA4EB0A04A2FBC8
:10D5B000041200903021049204A842460FF073F93F
:10D5C000DDF810800190A4EB08040122102105A8C9
:10D5D00005940FF068F9009B46F480461C02019BFD
:10D5E00046F0100644EA0314059B04430AEB0800C6
:10D5F0001844FFF795FC00F50C5808F1280840F690
:10D60000FF72204B4046C3F8C020A3F58053C3F8F7
:10D61000C040A3F580531C4CC3F8C460C4F800801C
:10D6200001F03CFD4FF47A72184B40429865236834
:10D630001049B3FBF2F3A9F80430FB7DB8FBF2F01C
:10D640008BF800500B701DE78A4650E74FF0000A38
:10D650003AE70022514602A80FF025F9040244F0EF
:10D6600011040298C5E700BF004001B8FC29002062
:10D6700007270020162B0020C022002069C2F56871
:10D68000911E856B006001B8F4220020001F00B0DD
:10D69000172B0020F62A0020014B1870704700BF9E
:10D6A000182B002010B50446FCF760FC78B1174B2E
:10D6B0001B786BB964B1164B1B784BB1154B1B78BB
:10D6C000013B012B04D84FF40042134BDA6710BD25
:10D6D000124BDB6F1B04FAD404F0E1FF4FF400425D
:10D6E0000F4B0446DA67A3F5A0435B682BB1FEF746
:10D6F000A9FD10B102200FF011F90222094B2046BA
:10D70000BDE81040C3F8842404F0CDBF08270020F2
:10D7100009270020F8220020002002B8000002B8EB
:10D72000001002B800D0035070B50546414C00F01F
:10D73000EDFB414B00201D70FFF7B4FF2378013B48
:10D74000012B0CD80122217CE37B8A4030214B4302
:10D7500042F2100103F1A04303F570335A50002246
:10D76000364BC3F884248DB94FF6FF71344AC2F8A2
:10D770008410F821A2F58052C2F88410C3F88454B2
:10D78000304B4FF080420020DA6770BD636883B38E
:10D790000FF027F9626800EB5203B3FBF2F3013B91
:10D7A0001B0243F0F80326782549022E264A22D090
:10D7B000032E4FF6FF7521482AD0012E33D143F0B6
:10D7C0000203C1F88450C2F884300723C0F88434BF
:10D7D0003021E37B01204B4341F21001227C03F115
:10D7E000A04300FA02F203F570335A50FFF75AFFD4
:10D7F00017E0F823D7E74FF6FF7043F00103C1F8B5
:10D800008400C2F8843006220C4BC3F88424DFE77E
:10D8100043F00503C1F88450C2F884300423C0F8F3
:10D8200084340A4BADE7C1F88450C2F88430002339
:10D83000F5E700BFF82200200927002000C00350B0
:10D84000006000B8002002B8005000B8001002B814
:10D85000F8B51F4F06463D4604460FCE0FC5336848
:10D860002B6000F053FB00221A4BC3F88424A17AEA
:10D87000627A42EA0142C3F89024217CE27B42EAC8
:10D880000142C3F88C24207B617B40EA0142C3F84B
:10D8900088243B78032B19D8DFE803F01202060C2A
:10D8A00000230422E7F75AF800230422217CE07BBE
:10D8B000E7F754F801230422A17A607AE7F74EF8DB
:10D8C000054B1878BDE8F840FFF72EBF0120F8BDE2
:10D8D000F822002000C0035009270020034BDB6F13
:10D8E000002BBCBF024BC3F888007047000002B891
:10D8F000004000B84FF0006338B1064AD367064BCA
:10D900004FF40032C3F884207047044AD367044BB5
:10D91000F6E700BF001002B8005000B8002002B8BF
:10D92000006000B82DE9F0470FF05BF84FF47A760D
:10D930004FF4FA73B0FBF6F6734307462948190E05
:10D940001B021818284A4FF0000341F1000103F0B0
:10D950003FF8264BA0F5807205461A6320B9432292
:10D960002B21FCF723FE01254FF47A724FF0000AB9
:10D970006A4353465008310203F02AF81B4B1C4AF5
:10D98000B7F57A7F9A601B4B4FEA056819601A4B0E
:10D990008946044618604FEA152505D295222B21A9
:10D9A0005046FCF703FE01264FF47A73A8FB0301EF
:10D9B00003FB05117308C01841F100010023324632
:10D9C00003F006F80D4B023419600D4B49F10009C4
:10D9D000A408186044EA8974044B013C9C63BDE8C8
:10D9E000F08700BF20A1070040420F0000C001B82F
:10D9F000021101001823002014230020102300200E
:10DA00000C2300201022044BC3F884215A60012209
:10DA1000024BDA60704700BF00E100E000C001B8CF
:10DA20001022064BC3F88421C3F88420BFF34F8F24
:10DA3000BFF36F8F0422024BDA60704700E100E011
:10DA400000C001B810B50446A242A2EB0000A3EB4F
:10DA5000010104D2034B01399B6B0133184401F0DF
:10DA6000030110BD00C001B838B501250A4B020101
:10DA70009D504FF480730446084A8340536604F077
:10DA80000EFE074AA540137823EA05031370BDE88C
:10DA9000384004F008BE00BF00E101B800E001B862
:10DAA000122700202DE9F84F164605468A461F46E4
:10DAB00004F0F5FD022E00F09080804604F0F6FDA3
:10DAC000594B5A4AD3F82090147D5A6EE4B252074B
:10DAD00044BFD3F82090013404F0030404F0ECFDBB
:10DAE0004846214600F024F98446DAF80000012E69
:10DAF00004BF01306044ACEB000C08BFCAF8000062
:10DB0000BCF1804F7DD300F025F98145A1EB0401E4
:10DB100088BF454BDFF834C188BF01F1FF3101F008
:10DB2000030188BF9B6BA0EB090E0CF80510A1B197
:10DB3000F90742BF41F61F723D4B5A67BA0742BF11
:10DB40003B4B3C4A5A677B0742BF0022364B9A67E1
:10DB50003C0742BF0022344B9A6511244FF0010A62
:10DB6000314B05F11002120103EB051BCBF80C0140
:10DB700031499C501A6A0AFA05F4586E0B78A2EBE8
:10DB80000902E4B2234372450B7025D34FF480732E
:10DB9000AB40034220D11CF80520002A40D10EB32F
:10DBA000264AF807536607D541F61F7140F2011067
:10DBB0001F4B596750675967B90706D51C4B1D4A5B
:10DBC0001E491F485A6748675A677A0742BF0122B1
:10DBD0001C4B1A613B071AD4404604F064FD012037
:10DBE000BDE8F88F184A2D0142F805A042F89C3C88
:10DBF00004F055FD10490B7823EA04030B7004F080
:10DC000052FD404604F04FFD0020BDE8F88F212072
:10DC1000FFF764FE4FF48032034B4046DA60DCE7E6
:10DC2000064A40465366D8E700C001B87823002072
:10DC300000E001B800001F1F1227002000D001B82B
:10DC400000000101000002B800E101B80A2700202D
:10DC5000024B1878003818BF0120704712270020A7
:10DC6000034B10300001185800F00100704700BF4E
:10DC700000C001B8044B01F0F071103041F0030115
:10DC800000011950704700BF00C001B870B50646CA
:10DC9000FEF7D8FA044608B1FFF7C2FE0023084D8C
:10DCA0003046AB61EB612B6200F054F8054BC9B212
:10DCB000197528620CB1FFF7A5FE002070BD00BFEA
:10DCC00000C001B87823002008B52220FFF706FE27
:10DCD0004FF48022014BDA6008BD00BF00C001B8DC
:10DCE00038B504F0E3FC084B084A1D6A147D5A6EEF
:10DCF000E4B2520744BF1D6A013404F0DDFC28463B
:10DD000004F0030138BD00BF00C001B87823002033
:10DD10000346064A103302EB00111B01D1F80C0137
:10DD2000D158C1F340010EF004BE00BF00C001B8DD
:10DD3000064B1B68434303EB8171054B1B68A3FB38
:10DD4000003013F1004341EB000070471023002026
:10DD50000C2300200C4A20F04043014610B500205F
:10DD600014684FF00042E4FB0320084A890F126850
:10DD700002FB0300064B9B6B984204D9013301312F
:10DD8000C01A01F0030110BD142300201823002045
:10DD900000C001B808B5064B4FF030401A6805497D
:10DDA00092000EF060FFBDE8084001F0D5BA00BF58
:10DDB00070E9030074E9030070B50C68651C15D0A8
:10DDC000C4F302669E42C4F3074530D1A4B2944224
:10DDD0002DD804EB8506B24229D2141BA50824F0E5
:10DDE00003040E59340F04D0012C09D00022012362
:10DDF00003E06B1C51F8232000230260037170BD07
:10DE00000D4C34F8133042EA03431A686B1C51F886
:10DE1000234001EB83014B6822405E4036F07044A2
:10DE2000EAD11B0F032B04BF8B681A43E4E70135CB
:10DE300001EB8501C1E700BF40E9030007B501A878
:10DE4000E6F708FF4822164B5A65164AD2F8D43036
:10DE500023F4FC33C2F8D430134B1B689DF8053013
:10DE6000023B012B19D84022104BC3F8FC23104B66
:10DE7000D3F85C32DBB2FF2B00D10623094A1B0327
:10DE8000D2F8FC139BB20B43C2F8FC33D2F830211A
:10DE9000084B1A6003B05DF804FB01F0B3F8ECE73F
:10DEA000008001B8000002B8002000B0001002B8E5
:10DEB0000080E00FAC22002000224FF400710F4BD5
:10DEC00010B51A675A679A670D4AD162012102F5A7
:10DED000E8325161DA6812F0706FFBD14FF03042D6
:10DEE00001245A6602F5FC5208329C66DA64054B3E
:10DEF0001B689847044B5C6110BD00BF000002B86E
:10DF0000004000B8002A0020002002B801230F4A78
:10DF10000F49C2F880328A6A22F002028A620D4AF0
:10DF200053600D4A53600D4A5360A2F5804253601E
:10DF3000A2F54042536002F5C032536002F58042C0
:10DF40005360A2F500425360704700BF008000504C
:10DF500000C0005000D000B800500054005001B87C
:10DF600008B5FFF7D3FF0E4B0E4ADA6701F042F80F
:10DF7000FFF764FF03220C4BC3F8E020012203F5F6
:10DF80004043DA674FF460725A614FF40072DA6707
:10DF9000FEF7C8FCBDE808400021FEF763BC00BFE7
:10DFA000000002B80048F000005001B82DE9F04F21
:10DFB000054687B002900F4657F8044B631C06D104
:10DFC000029B2C60E81A801007B0BDE8F08F5FEA72
:10DFD000147B18BF0123344AC4F3016108BFC4F3A2
:10DFE000074332F81120A4B24FEAC30A2F4844EA8B
:10DFF00002440AF104022A4482421BD20722CA4088
:10E0000002F0010201929A0004EB830303930123BF
:10E01000B94603FA0BF808F0940305F108060492D8
:10E020000593039B09F10409A34208D104995544BF
:10E030003944C0E71D4A9542E0D80020C4E7059B5B
:10E0400053B918F0420F19D118F0280F0BD146F828
:10E05000084C59F8042C21E040F6F312322100203C
:10E06000FCF7A4FAF3E740F6F81232210198FCF726
:10E070009DFA04F5805246F8082CEAE740F60122A2
:10E0800032210198FCF792FA04F50052BBF1010F1E
:10E0900046F8082CDDD159F8042CD24346F8042C5C
:10E0A00004340836BDE700BF40E90300003000B08B
:10E0B000F8B50546F0B10026154B34461F46154904
:10E0C00053F8042BBAB9A00000F13040294600F5FE
:10E0D0000150FFF76BFF30B940F6A2323621BDE8A0
:10E0E000F840FCF763BA0C4B0134044447F826505F
:10E0F00023F81640F8BDAA42FCD001360C2E02D0FF
:10E1000031F81640DCE740F6BC3236210020E6E765
:10E110001C230020662500206825002070B50446D9
:10E12000A8B1C1B1384A52F8043B984215D1002336
:10E1300036498A689206FCD49B00354A03F1304385
:10E1400003F50153C2F898302022324B9A6070BD1B
:10E1500001330C2B02D1304D12E0012352F8041B85
:10E16000A142F5D12D4A32F81330E1E704D16268BB
:10E17000C3E90012083403E0012A01D10434196014
:10E180002268531CE3D0C2F3016335F81300110C6D
:10E1900093B211F0FE0F43EA004360680DD00434DF
:10E1A000CAB2022A2168E1D9D4E90160033AC3E97D
:10E1B000001698600C340C33F3E7120F072AD9D8F5
:10E1C000DFE802F00704090D1013181DC04303F522
:10E1D00000531860CEE71A6842401A60CAE703F598
:10E1E0008053F6E70EF09AFBC4E7012203F5805353
:10E1F0008240F2E7012203F500538240EDE71A68FE
:10E2000030EA0202FBD1B5E71C230020000002B86F
:10E21000001E00B0001002B840E90300662500208F
:10E220000122014BDA677047001002B80122014B4E
:10E23000DA677047002002B84022014BDA67704766
:10E24000002002B84022014BDA677047001002B884
:10E2500008B50C4B1B68D3F8C83023B11A68022AE2
:10E2600001D9186A08BDE5F7DFF9074B02469B6D37
:10E2700098B20028F6D0C3F30743D2085343B3FB48
:10E28000F0F0EFE718200020004001B8064BDB68F3
:10E29000C3F30363984206D1044A536A23F0F003A0
:10E2A00043EA011151627047000002B8001F00B03C
:10E2B00010B50446FFF7CCFF0F4AD2F838311B04E3
:10E2C0000E4B48BF40089B6C03F4C053B3F5805F0E
:10E2D0000ABF936BC4F30113C3F34163012B02D054
:10E2E000022B02D010BD4008FCE7C4F3C424013463
:10E2F000B0FBF4F0F6E700BF004001B8004000B802
:10E300002DE9F3470F460EF002FB00258046DFF8AB
:10E31000B890DFF8B8A004F0C2F90DF10701064685
:10E320000DF10600FEF700F89DF806308BB9791C58
:10E330002CD00EF0ECFAA0EB0805304604F0B3F94F
:10E340009DF8063013B99DF8073053B3AF42E2D8B9
:10E3500027E0D9F80C3013F4603FE8D0D9F810303A
:10E360001A04C3F389141ED4013701D00EF0CFFA7A
:10E37000304604F098F924B26FF4FF73A4F1C8009A
:10E380009842B8BF184602B0BDE8F087304604F0A6
:10E390008AF99DF80630002BBDD19DF80730002B7F
:10E3A000B9D10848EFE77B1C44EA0A0403D00EF019
:10E3B000AEFAA0EB0805304604F075F914F5007FBD
:10E3C000BED0D9E700FEFFFF00C000B800FCFFFF91
:10E3D0000122024B98611A61704700BF000001B82A
:10E3E000084910B5D1F89C3040B11C46CA68D1F834
:10E3F0009C309C42F9D1C2F30362027003F00F001B
:10E4000010BD00BF000002B8094B01F080011B6F76
:10E4100003F480030B4309D14FF40012054B1A6239
:10E42000837F1BB10122044BC3F80021704700BF5A
:10E43000000002B8006001B8005001B84FF60401B6
:10E440004FF60502044B01201B6C9BB28B4208BFA8
:10E450001346024A136670470080E00F00C001B8FF
:10E460002DE9F74F81460F464FF0FF35FFF738FC97
:10E47000002601908A462C463046DFF8D8B006F1D7
:10E4800010031B015BF8033003F00308B8F1010F20
:10E4900015D13046FFF73CFC02460B460198514629
:10E4A000FFF7D0FADBF8643006F10802D340DB074F
:10E4B00039D5002F40D000252C463E60404601361D
:10E4C000082EDCD160B3234A0027D2F808C0916B34
:10E4D0000CF440330131A4FB0141641941F1000106
:10E4E000B3F5003F30D1536B0CF4405C013347F17E
:10E4F0000006BCF5805F22D1156B15F5807505FB14
:10E5000006F647F1000203FB0266A5FB0332324424
:10E51000594304FB0212A3FB04341444C9E9003438
:10E5200003B0BDE8F08FA84271EB0403C6D207B177
:10E530003E6005460C46C1E73D463C46BEE732021A
:10E5400042EA13621B02E3E7136B13F5807347F192
:10E550000002DDE700C001B82DE9F84304F09FF8A0
:10E560000C234FF0B04700222B4C2C4D617C06460B
:10E570004B433B441A63D5F870802A67D5F80001F5
:10E5800094F810C0E06026480231C0F88CC0032027
:10E59000C5F80001012000FA01F1224841614FF461
:10E5A000807021494866396A0131A16059630221AE
:10E5B0001963A3680133396A00BF00BF00BF00BF01
:10E5C00000BF00BF00BF00BF686E10F4807915D196
:10E5D0008B42F0D13AB1304604F065F8C8221A21D6
:10E5E0004846FBF7E3FF0C21637CA2684B430232F1
:10E5F00003F1B043A2605A630122DAE74FF480725C
:10E60000094B30465A660122C5F87080C3F80021D4
:10E61000BDE8F84304F047B87823002000C001B8F3
:10E62000008003500020005800E001B808B50EF04B
:10E6300012FA044B5A7C012302329340024A53617E
:10E6400008BD00BF78230020002000580B2870B5BB
:10E6500034D8022932D81A4C1A4B617441F4402143
:10E6600041F440712074063043F820100EF0B9F9DF
:10E670004608C5070EF0DCF900230246314628465D
:10E6800002F0A6F9090241EA1061C0F3C05040EA65
:10E6900041000D4B2060186B10F5807005D140F2E1
:10E6A000CF122B21FBF782FF02200246002300201D
:10E6B000012102F08DF96060002070BD0120FCE7AF
:10E6C000782300200080035000C001B828B1044B1B
:10E6D000187C0870587C1070704707230B70FAE79D
:10E6E0007823002010B503F0DAFF0446FFF734FF6B
:10E6F0000222054B2046BDE81040DA600122034BA0
:10E700001A7003F0D0BF00BF00C001B8132700206B
:10E710000C490B78ABB10C4B5A7C0123023293406D
:10E720000A4A936153614FF48062094BC3F8802118
:10E7300000230B70074BD3F80C01D3F8041100F041
:10E74000A7B8704713270020782300200020005826
:10E7500000E100E000C001B810B504460EF068F911
:10E760006043044B00F5F42000F59070B0FBF3F02B
:10E7700010BD00BF40420F002DE9F04F85B0FFF7FC
:10E78000EBFF044603F08BFF00214FF0B04ADFF8A7
:10E79000FC80054602A888F80010FFF761FE364BA2
:10E7A000DAF82060DB6813F0706F1ED1DFF8CC90D0
:10E7B000D9F8147017F0060717D1E0B10EF011F96F
:10E7C000611DA1FB00B101910EF032F93B460246FA
:10E7D0000199584602F0FCF8DDE902B3090241EA6A
:10E7E00010610002584599410ED3284605B0BDE896
:10E7F000F04F03F058BFFFF7AFFE02221F4BDA6065
:10E80000012388F80030F0E70193FFF7A5FE0EF032
:10E810000FF9019B4FEA1B2242EA0362A0FB02B2FE
:10E820001B0A00FB032101910EF0DBF8019902465F
:10E830003B46584602F0CCF84FF00C0C0122104F2A
:10E8400001347B7C361B991C0CFB03F38A400D4979
:10E85000064403F1B0434A615E630B4E241AB26171
:10E86000DAF820605B6BF31AA342C6D2FB68C9F8E2
:10E8700000318A614A61B8E7000002B800C001B8FF
:10E880007823002000200058001000581327002093
:10E890002DE9F74F0C22944C0191637C934E534326
:10E8A000002203F1B0431A63217C914B0546C3F863
:10E8B000AC104FF400318F4B904619610223F36086
:10E8C0004FF0B0431B6A5F1EDB1B002B40F3D4806C
:10E8D00008F10108B8F1020F51D9F3220D210020EF
:10E8E000FBF764FE4FF08052834B804E5A66E2681D
:10E8F0004FF00008C6F800214FF400321A617C4B3B
:10E90000C3F8AC800C23627C5A4302F1B042C2F8D7
:10E91000308003F0C4FE434642464FF4807E376A9F
:10E92000D6F864C003F110010901715801F0030128
:10E93000012910D10EFA03F111EA0C0F0BD106EBED
:10E940000314BD42D4F80C4100F2A680A54202D2C5
:10E95000A74280F0A4800133082BE3D1674D2C68D7
:10E96000012C40F29F802AB15F494B8A13434B82AE
:10E97000604B5A6603B0BDE8F04F03F094BE4FF011
:10E980000C090022637C09FB03F303F1B0431A6313
:10E9900003F085FE4FF08052574B00905A664FF0BF
:10E9A000B04394F811C01F6A09FB0CF3013703F15F
:10E9B000B0435F63316BB368D80352D5A368226854
:10E9C000FB1AA3FB029E63680198AEFB03A2A9FB9E
:10E9D00003B313EB0A0301F5807AAAFB031B42F190
:10E9E00000020AFB02BBB9EB01016EEB0B0E090A38
:10E9F00041EA0E610144B1EB1A2F4FEA1A2E04D3FB
:10EA0000013342F10002A1EB0E01AEF1040E71459B
:10EA100028BF7146EB18B16142F10001227DD6F8A2
:10EA200020E0D2B27545D6F838E084BF02F1FF325B
:10EA3000D2B2BEF1FF3F0ED04FF0000A0EF1010935
:10EA40009E457AEB010B08D20132B3EB0903D2B237
:10EA500061F10001F4E70A44D2B202F00302227528
:10EA600033620C2303FB0CFC02230CF1B04C009826
:10EA7000CCF8303003F017FE4FF0B0431B6A00BFF4
:10EA800000BF00BF00BF00BF00BF00BF00BF726E6D
:10EA9000D2007FF519AF25E7A542BFF459AF114366
:10EAA0008AB258E716490B78142B01BF0023154E84
:10EAB0000B7033700B7801330B70002A3FF45AAFA0
:10EAC000094E738A134373820A4B5A660D4A1378B0
:10EAD0000133DBB2022B13707FF44CAF00230134FF
:10EAE0002C600B70137045E77823002000C001B83C
:10EAF0000080035000D001B800E001B8742200206B
:10EB0000152700201427002070B52C4B0C461A78CE
:10EB100012B92B4A926D1A702A4AD26F52054AD501
:10EB20001D78294B05F00F06B0FBF3F040434FEA88
:10EB3000151505D140F279622B21FBF737FD012035
:10EB4000224A0A217243B2FBF0F34843B3FBF1F6C9
:10EB500002EB5002B2FBF0F201FB1633042BD2B2EF
:10EB600007D8C3EB8310C3EB80035BB283B96DB2EC
:10EB700017E0C3F10B0303EB8303DBB2B3FBF1F349
:10EB80002B44DDB20F2DF2D9013AD2B2053DEEE7AA
:10EB9000053B5BB293FBF1F31D44EBB26DB2002D6C
:10EBA00004DB002042EA0512226070BD0132053309
:10EBB000D2B25DB2F5E70220F7E700BF16270020CA
:10EBC000008001B8000002B8403B25008096980004
:10EBD0004FF0000C2DE9F84FA2FB017BC84EDFF887
:10EBE0005CE3BE1999466BF10003B6457CEB030369
:10EBF00008D240F23D220E216046FBF7D7FC0220EE
:10EC0000BDE8F88FD0F8C8A00C461546BAF1000F41
:10EC100004D0DAF80030032B00F21A81B94BBA4A5B
:10EC20009B6BD2F8FCA0C3F31408B84BD3F8EC30BC
:10EC30005800B64B48BF48F400181B6E48EA4568B8
:10EC400059074EBF4FF440039B0503F0E07348EAB9
:10EC50000308E4F7E9FC012D0646D0D10028CED008
:10EC6000AB4B984200F0038103F5122303F5F863E0
:10EC7000984200F00281A74B984200F030810025B5
:10EC800002462B4600204FF0007101F0A1FE2B46FA
:10EC9000013007FB03F3C8F3130100FB0B33A1FBA7
:10ECA0000662A7FB007001FB0522034420339B0989
:10ECB000C9F80030F60C984B46EA423618F4801F2B
:10ECC0001C6008BF7642954B954DC9F814403444FA
:10ECD0001E602C60BAF1000F00F0B880002391494B
:10ECE000C8F381528A5C194618F0807F18BF640807
:10ECF000002EB8BF764292066008C2FB060122468B
:10ED000001F066FEDAF800300E2B08D97F4B7D4A01
:10ED1000916BDA69D3F80C31D20600F1CD8018F48A
:10ED2000001814BFC42240F207127F4EC0F3130034
:10ED3000C9F80400A6FB04064FEA561602FB06F6C5
:10ED4000DAF818104FF4FA73B6FBF1F618BF4FF06B
:10ED5000000806FB03F3A4FB0202FA33A3FB013114
:10ED600004FB08228342914138BF0136F6B246F4D3
:10ED7000006CC9F808C0002E7DD0DAF81C00A6FB94
:10ED800000311CB1B4FA84F20E2A7DDDE2030029C1
:10ED900077D1B2FBF3F2530003FB0663A3FB0071D0
:10EDA0004FEA044EBE454FEA144474EB010109D307
:10EDB00076003344A0FB0371BE4574EB010102F100
:10EDC0000102F6D2C2F30E024CEA023343F00063B2
:10EDD000C9F80830E4F728FC2B68002B00F08A8083
:10EDE000B3FA83F4D4F102044CBF1C4623FA04F4B2
:10EDF0004E4B9C4288BF6408002867D0B4FBF0F3F8
:10EE0000642100FB134201FB02F2904265D85A1EB6
:10EE100052085B08013B120242EA0313C9F80C30A6
:10EE2000E4F7D2FB00285ED0B4FBF0F2642100FBD3
:10EE3000124401FB04F4A04260D8531E5B08520840
:10EE4000013A1B0243EA0213C9F810300020D7E64A
:10EE5000042BDAF828807FF4FCAE18F0807F0CBF1A
:10EE600008F0E0734FF4400328F0E078EFE6002369
:10EE70002F481D460DE70120C2E600232D481D4600
:10EE800007E73346002289E7C2F10F0702F1110EAE
:10EE900001FA0EFEFB4043EA0E03A7F1200E21FA11
:10EEA0000EFE43EA0E03F940013341F1000104FA7A
:10EEB00002F20029E5D16CE701F4801103F400139C
:10EEC000194308BFC0F5801029E7044640F2C1424B
:10EED0002B210020FBF76AFB2346013B97E7002329
:10EEE00015481D46D5E640F2E4422B21FBF75EFBB8
:10EEF000621EA2E70028E8D01C46EEE71446F7E7BA
:10EF0000006CCA88008001B8001F00B0004001B842
:10EF100000F04902005A62025423002050230020CE
:10EF20004C23002058E90300D34D62103FBE40251A
:10EF30000A3BB2DF313641DCD694BFD6807C814AB1
:10EF400010B50B46044686B039B98279016821486C
:10EF50006B460068FFF73CFE6B461F4A1968516319
:10EF60001E4AD2F8FC2062B35A6842B11C4A1D49BD
:10EF7000C2F80C115968A2F58052C2F80C119A68B7
:10EF800042B1174A1849C2F8EC109968A2F58052AC
:10EF9000C2F8EC101549D868D1F8642122F4EE6269
:10EFA0000243C1F86421D1F85C21186922F4EE62B1
:10EFB0000243C1F85C21A1F5FF4158692839FFF7E8
:10EFC000A3FD0020A2880A4B9A6203F5A0331864BF
:10EFD00006B010BD18200020008001B8001F00B04E
:10EFE000006001B8FFFF0F00FFF8FF0F000002B83C
:10EFF000004000B84FF48062014BDA67704700BFF1
:10F00000001002B84FF48062034BDA67034B1B78A1
:10F010000BB1034A93657047002002B81627002001
:10F02000008001B80523054A538692F8313003F079
:10F03000010363F0730382F831307047001F00B0A2
:10F0400010B590B10468012C0FD902696AB111683A
:10F05000094B102C196051685960916888BFD268BB
:10F06000996094BFD960DA6010BD10220021024877
:10F070000DF0C9FDF8E700BF5C230020064B586E79
:10F080005B6AC0F30112000C02FB000003F01F03D7
:10F0900001331844704700BF004001B8084BC11746
:10F0A0001A68A2FB000302FB013310F1807043F1E8
:10F0B0000003400E40EAC310803820EAE070704739
:10F0C0006C2300200722164B70B5DA660DF089FC20
:10F0D000144BC408010B0546E005C018124A41F163
:10F0E0000001002301F074FC104B114E18604EF625
:10F0F0006020FFF7D3FF4042C6F884000D48FEF7BA
:10F1000029FE024658B1E301500818184FEA15715C
:10F110004FF0000341F1000101F05AFCF06570BDB1
:10F12000000002B8B2E60E0065CD1D006C23002081
:10F13000001F00B040420F0010B5044698B10B4BC1
:10F14000D3F8FC00FFF77CFF4FF47A7303FB04F065
:10F15000074BA0F6AC50DA689B681044C01ABDE8B3
:10F160001040FFF79BBF4EF66020F8E7001F00B08D
:10F170005C2300202DE9F8430546084614461E4648
:10F18000FFF75EFF0DB306F0020716F004061ED16E
:10F19000DFB14FF47A706B685843002B40F08C80DD
:10F1A000FFF77CFF60626B69002B00F08C804B4A9C
:10F1B000D0684FF47A7202FB0300A0F503501038B8
:10F1C000FFF76CFF2062002E57D1BDE8F883286955
:10F1D000002868D04FF47A735843404BA0F6AC50E7
:10F1E0009B68C01AFFF75AFFE061A88B00285DD02A
:10F1F0004FF47A735843394BA0F6AC509B68C01A51
:10F20000FFF74CFF2061364BE968D3F800800029F6
:10F210004FD04FF47A735943304BA1F6AC519A68F2
:10F220005B68891AC91A2F4BC8171A68DFF8BC9097
:10F23000A2FB011302FB003311F1807143F10003C3
:10F24000490E41EAC3118039274B6161DB6EA3612E
:10F25000D9F8003053B140460DF040FA30B12246A3
:10F26000D9F800301D49D8F87C0098470021A869DA
:10F27000FFF762FFA062002F8BD1A86830BB47F276
:10F280003050FFF70BFFA0604FF47A702B685843A3
:10F290002BB1124B1B6803F51C5310331844FFF7B6
:10F2A000FDFEE06091E74EF660209BE74EF66020A1
:10F2B000A6E74EF66021B6E7084B1B6803F51C5322
:10F2C000103318446CE747F2305079E74FF47A7303
:10F2D0005843A0F503501038D3E700BF5C2300204B
:10F2E000182000206C230020001F00B058230020AD
:10F2F00008B9FFF7C3BE034881420CBF2F20BC20D2
:10F30000704700BF48E8010010B508461C460DF0E4
:10F3100021FB0D4BD3F8FC30A3B11A68012A11D997
:10F320001A690A4B002A08BF1A465368084A002B7C
:10F33000A8BF4FF4FA721A44064B204492FBF3F232
:10F34000104410BD014AF0E7001F00B060E903005F
:10F350000CFEFFFF18FCFFFF70B5124C88B001AD2A
:10F360000FCC0FC594E8070085E80700882200212C
:10F370000D480DF048FCEC2200210C480DF043FC38
:10F380000B4B0C4ADA61FFF74DFE0B4B1B783BB180
:10F39000044E01AD0FCD0FC695E8070084E80700C5
:10F3A00008B070BDC41F00B08C1E00B0141F00B0A8
:10F3B000001F00B010111111062700200A4B197808
:10F3C00001F0FF0229B10021197008499202C1F829
:10F3D000B420597801F0FF0229B10021597093023D
:10F3E000024AC2F8B830704717270020005000B812
:10F3F000064BD3F8C00E064B5B6F1A0103D4054BC6
:10F400009B6E1B0401D500F580707047001000B0A2
:10F41000000002B8004000B808B503F040F90E4BF8
:10F420001A78A2B90D4A126812F4843F0FD10C4A1F
:10F430001021D1671B7863B9084B1B68DB0508D422
:10F44000074B2022DA67BDE8084003F02CB9054AD3
:10F45000EEE7044BF5E700BF1B270020900D0020CE
:10F46000002002B8001002B810B503F018F90E2100
:10F4700004460320FEF70AFF40F20122034B204618
:10F48000BDE81040DA6203F00EB900BF004000B8DA
:10F490000022044B1A70044B197811B11A70FFF74F
:10F4A000BBBF70471A2700201B27002008B503F0B8
:10F4B000F6F84FF00042224BC3F88020BFF34F8F85
:10F4C000BFF36F8F0122C3F88420BFF34F8FBFF3C8
:10F4D0006F8F0222C3F88420BFF34F8FBFF36F8F6B
:10F4E0000422C3F88420BFF34F8FBFF36F8F08222D
:10F4F000C3F88420BFF34F8FBFF36F8F1022C3F880
:10F500008420BFF34F8FBFF36F8F2022C3F8842076
:10F51000BFF34F8FBFF36F8F4022C3F88420BFF338
:10F520004F8FBFF36F8F4FF48072C3F88420BFF307
:10F530004F8FBFF36F8FBDE8084003F0B4B800BF32
:10F5400000E100E008B503F0AAF84FF00042094BD3
:10F550001A6001225A6004225A6008225A6010225E
:10F560005A6020225A6040225A60BDE8084003F0E9
:10F570009AB800BF00E100E0012370B5074C23708A
:10F58000074B1E68074B3240D3E90053194028400F
:10F59000FBF756FC0023237070BD00BF1927002025
:10F5A00074230020900D00202DE9F047DDF820A005
:10F5B00003EA0108099B06460C4602EA000703EA33
:10F5C0000A09BAF1000F40F04E81031F0B4300F00F
:10F5D0000E81052871F1000380F0E48050EA0103F8
:10F5E00000F06081431E0B4300F02481FFF75EFFB3
:10F5F000AD4AD2E9005323EA040325EA06053D4358
:10F6000043EA0807A94BC2E900571E68DFF8F482F5
:10F6100026EA0A0646EA09061E60FFF7FDFE15F017
:10F620002A4F14BF48F202034FF40043A04AB00728
:10F63000D26EA04848BF43F4005383EA020122EA95
:10F640000302C2669C4A0B408166D366C5F38042C2
:10F650001203290348BF42F48072EB0648BF42F40C
:10F660000052964BAC0648BF42F400726806D3F8CD
:10F670000C3248BF42F48062290648BF42F400625F
:10F680008F4882EA030123EA0203C0F80C328D4B53
:10F690000A40C7F34024A404C0F80812C3F80C229F
:10F6A000EA0448BF44F48034AB0348BF44F48014F8
:10F6B000A80748BF44F4800415F4001F06D0D8F80A
:10F6C00000000DF00FFA08B944F40024E90248BF25
:10F6D00044F40034FA0648BF44F4000473077A4B3C
:10F6E00048BF44F004041A6A44F4001484EA020394
:10F6F00023F0010375491A400A621C40CB61744B28
:10F7000016F0010F1C62734B734A18BF1A46734BF5
:10F710007C071B6F48BF42F00062714882EA030118
:10F7200023EA020303676F4B0A4041661A676E4A79
:10F7300005F00103516CA0F5803081EA030221EA53
:10F740000301416482631A40684B28025A64D8F866
:10F75000002048BF664B92F8292158BF654B6907C6
:10F7600048BF43F4806322B115F4C06F18BF43F45F
:10F7700080733207604A48BF43F00043D2F8EC1070
:10F780005E4883EA010222F4A0221140C0F8EC1086
:10F790001340C0F8E0205A4ABDE8F047C2F8EC3008
:10F7A000FFF7D0BEA0F580630B4306D020F4806342
:10F7B000A3F500730B437FF419AF02F070FF3A49D1
:10F7C000D1E9003223EA060322EA040242EA0802EF
:10F7D0003B43C1E900324B4A126892F82911474A6B
:10F7E00009B313F4C06F1ED04FF4807311E002F020
:10F7F00056FF2D4AD2E9003123F004033B4341EA8E
:10F80000080157EA0807C2E900314FF480633B4A18
:10F810000BD0C2F8E030A2F58052C2F8EC30BDE85F
:10F82000F04702F040BF4FF48073C2F8EC30C2F8EA
:10F83000E030F4E702F033FF1B4AD2E9003123F055
:10F8400001033B4341EA0801C2E9003101232E4A8A
:10F8500057EA08071BBF9363A2F5805253645364B1
:10F8600008BF9363DBE750EA01037FF4BFAEBAF150
:10F87000010F7FF4BBAE02F012FF0C4A136823F0B5
:10F88000010343EA090313604FF48063144AB9F19A
:10F89000000F04D05366A2F580521367BFE71367C9
:10F8A0005366BCE7BDE8F087900D0020742300206C
:10F8B000004000B8006000B8005000B8004001B837
:10F8C000006001B8005001B8000002B8002002B882
:10F8D000001002B8041C00030418000300C001B8A3
:10F8E00000E001B800D001B800C000B800D000B8F6
:10F8F0000D0A0A09090A0A09004000540060005470
:10F90000005000541820002000E000B8024B586856
:10F91000C0F3C000704700BF900D0020024B186874
:10F9200000F00100704700BF900D0020024B5868A6
:10F93000C0F3C030704700BF900D002010B50446E2
:10F94000FEF70EFBFFF7B2FD04F18000FDF70EF9A4
:10F95000FEF7B2FAFDF7E6FFFEF754F8FFF7B2FB49
:10F9600013490723134AD1F8FC1004F1D800FFF71C
:10F9700001FC4FF080710020FEF77CF94FF000721F
:10F980000D4B4FF400110120C3F80021FEF772F96E
:10F99000FEF754FD20B940F221321421FAF706FE99
:10F9A0000DF082F8BDE810400120FDF7BDBE00BF9C
:10F9B000001F00B0581F00B000D001B88022074BD4
:10F9C0001A67082203F580531A67054AD2F88C3E5D
:10F9D00023F02003C2F88C3E704700BF001002B82D
:10F9E000001000B010B502F05AFE01210446FFF7E6
:10F9F000E5FF054B00201961044B5B6898472046E2
:10FA0000BDE8104002F04FBE000002B8E829002017
:10FA1000F0B583B006461446FCF714FC002800F04D
:10FA20009180584B5D6915F0060540F08B8002F01F
:10FA300036FE23790746022B009546D1237B022B05
:10FA400032D00320FEF70CF9002874D0A37B257B6D
:10FA5000003B18BF0123A2684B49012D01920B7096
:10FA600075D00023494A4A4C13702278002A79D174
:10FA70000420FDF7F9FF0420424E2A46736F0DEB78
:10FA8000000123F0F85323F4F81343F0506343F4D8
:10FA9000803373670223FEF705F800286BD001213D
:10FAA00030223C4B2170DA673B4D2B689847012888
:10FAB000044604D101466B6800209847002438466C
:10FAC00002F0F1FD204603B0F0BD0320FEF7C8F8B8
:10FAD000002834D12279D6F8E030012A226833D0C8
:10FAE000D51A0021274B2D4A00955A679967637BE9
:10FAF0002B4A8B4214BF0B4601231370294B294A12
:10FB0000D3F88C3E4FF003000CBF43F0200323F0EA
:10FB10002003C2F88C3EFDF7A7FF1A4B224A0320B0
:10FB20005A67694601232279FDF7BCFFF0B1012233
:10FB30001E4B1A7082E71E4BDB685B0486D4384686
:10FB400002F0B1FD0324BDE79A42CAD3C8E7237986
:10FB5000022B86D0009BD6F8E01000250B441344FE
:10FB600001937EE72370FFF757FC81E7384602F0E8
:10FB70009AFD0124A6E70320FDF776FF074B3846E0
:10FB80007367DDE700C001B81D2700201A27002099
:10FB90001B270020001002B8E82900200000010106
:10FBA0001C270020001000B0010C01001E270020BF
:10FBB000000002B82DE9F34100240D46074602F08B
:10FBC0006EFD204BDFF88C801C70FFF7F7FE1E4B9C
:10FBD0000646C8F87430C8F878406879431E584221
:10FBE0005841FCF72DF840F60143C8F878302A79DF
:10FBF0002968012AD7F8E83001D1994200D3CC1AFC
:10FC0000042303200DEB03010194FDF74BFF50B9D2
:10FC100088220E4B30461A6702F045FD012420462B
:10FC200002B0BDE8F0810A4D2B68984701280446D0
:10FC300004D101466B68002098470024304602F04A
:10FC400032FDECE71E27002000000101002002B871
:10FC5000E829002000C001B8F8B5194C0546207805
:10FC600040F25E42B0FA80F03E214009FAF79EFC75
:10FC700055B9607840F25E42BDE8F840B0FA80F0D5
:10FC80003E214009FAF792BC4FF440660D4F0E4DED
:10FC9000D7F8B43040F25E42C3F381232370C5F835
:10FCA000B46060783E21B0FA80F04009FAF77EFC3B
:10FCB000D7F8B830C3F381236370C5F8B860F8BDD6
:10FCC00017270020004000B8006000B8F8B5084CC5
:10FCD000084D236F0423084F2B67236F5B0300D469
:10FCE000F8BD042602203E670CF018FE2E67F4E7EC
:10FCF000000002B8001002B8002002B8A82238B5EF
:10FD00001A4B1D6F03F500531A6710229A60A3F572
:10FD1000804302F100521A675A66FFF74FFB144BFB
:10FD20001B7813B90320FDF79FFE0024114B9C673D
:10FD3000FFF7CCFF104A114BD2F8C01E0B40C2F89F
:10FD4000C03E04220E4B1A670E4BAA06C3F894401D
:10FD500008D503F580735B6BB3F5817F22BF8022EA
:10FD6000024B1A61BDE83840FCF714B9000002B834
:10FD70001E27002000C001B8001000B0DF0000FF07
:10FD8000002002B8001E00B010B528B971B94FF4B8
:10FD9000C062164BDA6210BD41B9154AD3681B0E1A
:10FDA00013F00E0FF3D193689A06F0D4FFF75CFBC3
:10FDB0000F4C0020FEF714FB032801D0092805D1C1
:10FDC000636FDB03F5D4E36D0C2BF2D9FFF77EFFF5
:10FDD0004FF40072074BDA62012203F5E8335A61EF
:10FDE000042203F580531A67D1E700BF006001B811
:10FDF000000002B8004000B808B5FFF735FBFFF778
:10FE000065FF4FF40072084BDA62012203F5E83314
:10FE10005A61042203F580531A674FF4C062A3F5B8
:10FE20004043DA6208BD00BF004000B808B50321B6
:10FE30000920FEF72BFA2022014B1A6108BD00BFF2
:10FE4000000002B838B5054602F029FC0446FCF76C
:10FE500047FE35B1FFF71CFB2046BDE8384002F0F5
:10FE600022BC084B1B78002BF6D0074B1D78002DC9
:10FE7000F2D1FFF70DFB2A464FF480400021FFF737
:10FE80007BFBE9E71A270020192700202DE9F84F0E
:10FE90005B4B06460D4614461B6F002A40F0AD80B2
:10FEA00013F0A00F14BF4FF001094FF00009FCF749
:10FEB00071F8A0234FF0000ADFF860810320C8F832
:10FEC0007030FDF7D1FD0420FDF7CEFD4D4FFFF75B
:10FED000DFFA4D4B4FF0040B7B67C7F878A0FFF7B4
:10FEE000F5FE4A4B4FF48071D3F88C2E42F020027D
:10FEF000C3F88C2EFF22C8F80820414A1161D3F8BC
:10FF0000C02E43491140C3F8C01EC8F870B0C3F8F2
:10FF100094AE7B6913F0060F04D0FDF7D5FE58466A
:10FF2000FDF7A2FDB9F1000F08D04FF40062394B84
:10FF30001A674FF40042A3F5E0339A6666B1364B78
:10FF4000DB6C180701D4FFF78FFAFFF76FFF04206F
:10FF5000FDF78AFDFFF732FA294B5A69D10747D5D9
:10FF6000DA6812F0706FFBD12C4B2D4A1A672D4ABC
:10FF7000536A23F0F003536215B12046FFF762FF86
:10FF8000294BD3F84C315A1C01D05B0002D5012219
:10FF9000224B5A6164B3204BDA6E03F500539A6624
:10FFA00003F5D0331B6A1D4A23F00103D3611F4BB5
:10FFB000D3F80C1203F50053C3F8081203F50053ED
:10FFC000D3F8841003F500539967194BD3F8EC105C
:10FFD00003F50053C3F8E010164B596C03F50053BA
:10FFE0009963154903F5803359664FF60843136743
:10FFF0000020BDE8F84FFCF7ADB94FF0000956E717
:020000023000CC
:10000000000002B800C001B800000101001000B0FB
:10001000DF0000FF001002B8004000B8002002B866
:1000200010003000001F00B00080E00F004001B859
:100030000040005400C000B85000002F38B51C4AE2
:100040001C4B1D4C256F5A67FFF740FEFF221B4BD0
:1000500015F0A00F9A604FF4807222614FF00402F5
:100060001A6709D04FF40062A3F580531A674FF462
:100070000042A3F5E0339A666369D90717D50E4AA3
:10008000D36813F0706FC3F30360F9D10C4A536A5D
:1000900023F0F0035362FFF7D5FE0A4BD3F84C313F
:1000A0005A1C01D05B0002D50122044B5A6138BDB5
:1000B0000000010100C001B8000002B8002002B831
:1000C000001F00B00080E00F9A4B2DE9F04F9A6EB0
:1000D000DB6E85B002EA0308974BC3F86880974B44
:1000E000D3F8E060D3F8EC301E40954BC3F8E060E5
:1000F000944BD3F80822D3F80C3202EA030A924B4D
:10010000C3F808A203F52043DA691B6A02EA03096F
:100110008E4B09F47702DA618D4BD3F80422D106B5
:1001200006D4D3F80431DA06C3F3001740F1E180B6
:1001300002F0B5FA874B5A695F6E1B6F12F0060F1B
:1001400007EA0307844A27F0007323F4006314BF0F
:100150004FF0010B4FF0000B53667B0704D57F4A2D
:10016000137D0133DBB2137502F09DFAB8F1000F75
:1001700000F0DD8018F4004427D002F090FA014628
:10018000FFF736F90446764D2B6818681A689042D6
:10019000FCD018689042FCD0FFF72AF9A04240F04A
:1001A000AA80084602F07FFA6E4B1C606E4B1D6FF2
:1001B00015F4E05240F0A18024F07F4424F0DF04E5
:1001C0000CB9FFF79BFD4FF0807418F0020F4FF051
:1001D000000514D0644B5D491B6F03F460420A674D
:1001E000002A00F09E801D0400F19E8013F4005F41
:1001F0000CBF4FF000534FF0006300251C43C8F3C1
:1002000040384FEA4808594B3340002B4AD016F487
:10021000206F0AD040F6D50206210020FAF7C6F971
:100220000020FFF70FFE26F48026F00506D5FF22FA
:10023000464B44F4C0649A60FFF716F916F0090FB4
:100240000AD040F6EA0208210020FAF7AFF9FFF7DA
:10025000EDFD0122394B1A6316F0106F0CD040F6F9
:10026000F30209210020FAF7A1F9FFF7DFFD0022D0
:1002700011461046FCF70CFC16F4202F0AD040F66D
:10028000FB0207210020FAF791F90020FFF7DAFDC1
:1002900026F48026F10301D5FCF766FD002EB8BFD9
:1002A00048F0080872070DD5244BDB6A13F4005F91
:1002B0004FF4005317BF224A2D4AD36244F400047E
:1002C00008BFD362730548BF44F0040416F48023CA
:1002D000019300F0B080FCF703FD0138062849D8EF
:1002E000DFE810F03401370134013A013D014001EB
:1002F0004001BB463AE7044646E70192FFF7FEFCA1
:10030000124B019A1A6715F4805307D115F4806FC8
:100310000CBF4FF080544FF0806456E74FF080449C
:1003200053E74FF0007368E74FF0004365E744463A
:10033000454668E7004000B8006000B8004000543F
:1003400000600054004001B8006001B8002002B80D
:1003500000E100E000C001B800E001B8782300200F
:10036000F829002070230020000002B8090B0B8937
:100370000050005440F62C1203210020FAF716F921
:100380000121824A936ED2F8880003F007030633F6
:1003900001FA03F3C0F30C001B1A9BB2072B12D90E
:1003A0007B4B1B6F58020ED47A48936B926D406D55
:1003B00058B103F0070306339940C2F30C03C91A7E
:1003C00089B2072901D844F40074734B1B78002BC1
:1003D00031D06E4BD3F8E03013F4A02F2BD16F4BFC
:1003E0006F4A1B7893B9FB0410D4137873B1E308F8
:1003F0006C4943EA457383F00103D1F8C01E03F052
:1004000001035B0021FA03F3980714D10420FDF7E0
:100410002BFB654B65495967FFF73AF8604A13783B
:100420002BB9634B634A1B682340134201D144F448
:10043000804427F48057BAF1000F1DD01AF4805F72
:1004400018BF44F480241AF4807F18BF44F40024B9
:100450001AF4005F18BF44F010041AF4007F18BFAC
:1004600044F020041AF4806F18BF44F040041AF4DA
:10047000006F18BF44F08004B9F1000F48D019F4A0
:10048000001F0AD04C4B1B683BB1414A4B48116FCF
:1004900000680022C1F3C061984719F4802F18BF8B
:1004A00045F4007519F4803F18BF44F4805419F4E2
:1004B000801F18BF44F4003419F4800F18BF44F0B3
:1004C000020419F4003F18BF44F4801419F4000F1B
:1004D00018BF45F0100519F4002F19D0314BD3F88F
:1004E0008C3E13F0C00F13D0294AD368C3F30363C3
:1004F000032B01D0072B05D1536FD90602D4936F7C
:100500001A0732D54FF400222D4B29F40029DA6165
:10051000002F00F020813B0540F18A802949DFF857
:1005200088A0CB78284A002B54D04FF40060013BC0
:10053000DBB25066CB7033B9244B1B78C3B140F6A5
:100540000142234B5A67002300226FE044F48034B9
:1005500016E744F4006413E744F4806410E744F4BD
:1005600080740DE744F008040AE744F40014CFE770
:10057000DAF8783013F4A05F15BF4FF4807340F6BB
:100580000143CAF85830CAF87830DCE7004000541C
:10059000000002B8004000B81B2700201A270020E6
:1005A0001C270020001000B000C001B800000101AD
:1005B000900D0020088D0100A822002018200020A6
:1005C000002002B80A27002000E001B81E27002002
:1005D00000D001B80320FDF747FADAF81430AA4832
:1005E00013F0060F04BF41F61F73A84AA84908BFBD
:1005F00053674FF40062A54B5A66DAF8143013F0D3
:10060000060308BFCAF87830438A13F400626AD040
:1006100023F4006343820B7803F0FF0A002B66D1BA
:10062000FDF752FBFFF76AFB534620221C4315439C
:10063000B80009D52E20FDF751F94FF00052934B29
:1006400045F008051A675A66F90606D52B20FDF70E
:1006500045F910228D4B1A675A6617F0306F05D195
:10066000FA046CD5BBF1000F00F0B9803B0117D53F
:100670002920FDF733F9874B5B6C13B11022864BB1
:100680009A60FFF743F948B1844B85497F4A536626
:100690000B6701F54051C96848042BD445F00405A7
:1006A00017F0007B31D00420FDF7DEF92720FDF79D
:1006B00015F9FFF723FB4FF00072744B5A66794B24
:1006C000D3F8C02E520600F18380734B02229A6049
:1006D000754B1B6823B175480022012100689847BB
:1006E00045F0020528E00B784FF400539EE74FF4E5
:1006F000004329E7136720205366FDF7EFF82D200C
:1007000045F00C05FDF7EAF8CAE717F0807FDFF83F
:1007100084A148D00420FDF7A7F92820FDF7DEF8D2
:10072000DAF87830002B3BD1FFF7E8FA574B5B4AF9
:1007300045F001051A675A660022564B9A657A05FC
:1007400009D55B4A9378002B00F0C880013B937079
:10075000002348EA0308534BD3F88C3E1B0603D50D
:1007600020462946FBF7FEFD424620462946FEF775
:1007700003FF019B0BB1FCF7E9FA01224D4B06F098
:100780000436C3F8E0604C4B19F4002FC3F8842101
:100790001EBF4FF40022404BDA6105B0BDE8F08F78
:1007A000CAF878B0C2E7F904C6D50420FDF75CF9B1
:1007B000424BCAF87430FDF787FADAF8643013F068
:1007C000407FB9D12A20FDF789F8FFF797FA76E73D
:1007D000D3F88C3E98063FF57BAF394B76E7394B23
:1007E0001B68013302D044F00104A8E7304A1379B2
:1007F0004BB1013BDBB2137113B9294B324A5A6733
:1008000000231C439BE70420FDF72EF90320FDF78E
:100810002BF9204B294A5A6701F041FF82460DF11E
:100820000F00FDF7DDFD294B83461B780BB1FEF76A
:100830001BFEBBF1030F0ED1DFF89CB00020FDF7CB
:10084000CFFD032807D1DBF87430D903F6D4DBF8E9
:100850005C300C2BF2D99DF80F30032B06D101220E
:100860001B4B50461A7001F01EFFC9E7194BD3F815
:10087000E03013F4A02FF2D1FEF70AFE504601F04B
:1008800012FF4FF48043BCE77823002000E001B85A
:100890001E27002000C001B8002002B81000002070
:1008A00000D001B8001000B0A822002018200020BD
:1008B0000A2700200060005400E100E00000010170
:1008C000001002B8F02900200000010D1D270020B3
:1008D0001A27002000400054000002B80220FDF753
:1008E000C3F8012335E700BF0122024B1A62DA6127
:1008F000704700BF002002B80C4B10B5DC691A6AC3
:1009000014400B4A24F47F01D161E20704D5D86872
:10091000C0F30360FFF7E8FF630706D5BDE81040AA
:10092000042200200021FEF727BE10BD000002B8FF
:10093000002002B80C4A08B5936B526C13400B4A66
:100940009363DB070FD50A4B40F6743218781221F7
:1009500000F00100F9F72AFEBDE80840002201205E
:100960000021FEF709BE08BD00C000B800E000B8D5
:10097000900D0020054AD2F88430DB07FBD4936F3A
:10098000D2F884201340024A93677047008001B870
:1009900000A001B870B514460D4601F080FE064B6C
:1009A000D3F88C6E74402C407440C3F88C4E01F028
:1009B0007AFE06EA050070BD001000B0034BD3F8C4
:1009C0008C3E99430CBF012000207047001000B0FE
:1009D00053B94AB9002908BF00281CBF4FF0FF31A6
:1009E0004FF0FF3000F082B9ADF1080C6DE904CE94
:1009F00000F006F8DDF804E0DDE9022304B07047FA
:100A00002DE9F04F099D0C46002B4DD18A420F462F
:100A100084469646B2FA82F360D94BB102FA03FEDD
:100A2000C3F120029F4000FA03FC20FA02F21743B0
:100A30004FEA1E461FFA8EF44FEA1C42B7FBF6F14E
:100A400006FB117701FB04F042EA0742904208D905
:100A50001EEB020201F1FF3702D2904200F2318117
:100A60003946121A1FFA8CFCB2FBF6F006FB102274
:100A700000FB04F44CEA024C644508D91EEB0C0C54
:100A800000F1FF3202D2644500F21E81104640EAB6
:100A90000140ACEB040C002125B12CFA03F3002239
:100AA000C5E90032BDE8F08F8B4205D90DB1C5E92B
:100AB000000100210846F5E7B3FA83F100294DD182
:100AC000A342C0F0F380904280F0F08006462346B7
:100AD0000846002DE6D0C5E90063E3E7002B40F0AF
:100AE000A3808A1A4FEA1E471FFA8EF60121B2FB35
:100AF000F7F407FB14204FEA1C4242EA004206FBCF
:100B000004F090420FD91EEB020204F1FF382CBF13
:100B10004FF001094FF00009904203D9B9F1000FDD
:100B200000F0CC804446121A1FFA8CFCB2FBF7F09E
:100B300007FB102200FB06F64CEA024C664508D97A
:100B40001EEB0C0C00F1FF3202D2664500F2B380BE
:100B50001046ACEB060C40EA04409DE7C1F12006CC
:100B60008B4004FA01FE22FA06F720FA06FCF44054
:100B70008A401F434EEA0C0300FA01FE4FEA174871
:100B80004FEA13491FFA87FCB4FBF8F008FB104446
:100B900049EA044400FB0CF9A1450ED93C1900F1C7
:100BA000FF3A2CBF4FF0010B4FF0000BA14503D9CA
:100BB000BBF1000F00F08B805046A4EB09041FFA34
:100BC00083F9B4FBF8F308FB134403FB0CFC49EA7C
:100BD0000444A44506D93C1903F1FF3801D2A445C9
:100BE0007BD8434643EA0040A4EB0C04A0FB0298E8
:100BF0004445CC46434602D306D1CE4504D2013803
:100C0000B9EB020C68EB0703002D6CD0BEEB0C02B5
:100C100064EB030422FA01F304FA06F6CC40002147
:100C20001E43C5E900643DE702FA03FEC3F120015B
:100C300004FA03F200FA03FCCC404FEA1E4720FA04
:100C400001F11FFA8EF6B4FBF7F00A4307FB1044DC
:100C5000110C41EA044100FB06F48C420ED91EEB54
:100C6000010100F1FF382CBF4FF001094FF00009DE
:100C70008C4202D9B9F1000F2CD04046091B92B228
:100C8000B1FBF7F407FB141142EA014204FB06F141
:100C9000914207D91EEB020204F1FF3801D29142C2
:100CA0001ED84446521A44EA004120E7861A64EBF3
:100CB000030301200DE7F44402384AE7023C724482
:100CC00031E702397244CCE6F4440238DFE60238F8
:100CD0003C4472E702387144D0E7023B3C4481E770
:100CE000023C7244DEE72946DCE600BF704700BFE5
:100CF00008B5064B044613B10021AFF30080044B46
:100D00001B6803B19847204602F0B4FC00000000C5
:100D1000C8240020242B2DE9F0478646904601D8B0
:100D2000012B06D100F046FA162303600020BDE82F
:100D3000F0870D4635482A4615F8014B065D16F03A
:100D40000806F8D12D2C24D12C780126951C2BBB1C
:100D5000302C30D00A2306F1004C00220CF1FF3C6D
:100D60001046BCFBF3F903FB19CAA4F13007092FA5
:100D700028D83C46A34234DD571C07D081452DD3EB
:100D800001D1A2452ADB00FB0340012215F8014BEB
:100D9000EBE72B2C04BF2C78951CD8E7102BDAD16D
:100DA000302CD8D12A7802F0DF02582AD3D16C78BF
:100DB00010230235CFE72B7803F0DF03582BF6D052
:100DC0000823C8E7A4F14107192F01D8373CD1E720
:100DD000A4F16107192F04D8573CCBE74FF0FF323D
:100DE000D4E7531C08D122236046CEF80030B8F176
:100DF000000F9CD0691E06E006B14042B8F1000F1A
:100E000095D0002AF6D1C8F8001090E75F0F0400D3
:100E100013460A46014602480068FFF77BBF00BF41
:100E2000282A0020002310B50446836081811946DA
:100E30004366C28108228361C0E90033C0E90433FC
:100E40005C300BF0E0FE0D4B246263620C4BA3623E
:100E50000C4BE3620C4B23630C4B9C4206D003F11A
:100E60006802944202D0D0339C4205D104F158006C
:100E7000BDE810400BF0F4BE10BD00BF2DCB030049
:100E80004FCB030087CB0300ABCB030090230020A4
:100E9000024A034903480BF02BBE00BF1C2A002066
:100EA00083CF03002C2A002041680C4B994210B5D7
:100EB000044601D00CF065F8A168094B994202D0B4
:100EC00020460CF05EF8E168064B994204D02046BB
:100ED000BDE810400CF055B810BD00BF90230020B5
:100EE000F82300206024002010B50B4B04210B4C8C
:100EF0000B4A20461A600022FFF794FF04F16800B5
:100F000001220921FFF78EFF04F1D00002221221F5
:100F1000BDE81040FFF786BFC824002090230020C2
:100F2000910E030001480BF09CBE00BF1F2700205C
:100F300001480BF097BE00BF1F27002010B50446E4
:100F4000FFF7F0FF236A1BB1BDE81040FFF7F0BFC9
:100F5000044B2362044B1B68002BF5D1FFF7C4FF41
:100F6000F2E700BFA90E0300C82400202DE9F743D3
:100F70001D46574B04460E461F68904627B13B6AF4
:100F800013B93846FFF7DAFFB8F1020F06D0B8F10F
:100F9000010F00F29980002DC0F29680636ED90790
:100FA00005D4A3899A0502D4A06D0BF05AFE214600
:100FB00038460BF0E6FF616B41B104F144039942FE
:100FC00002D0384602F0AAFD002363630023A36128
:100FD0006360A3891B0603D52169384602F09EFD94
:100FE000A389B8F1020F23F44A6323F00303A3811A
:100FF00060D001AB6A46214638460BF0EAFFA38970
:101000001843A0812DBB009D284600F0FDF8064640
:10101000002851D1DDF80090A9453FD14FF0FF35B0
:10102000B4F90C3043F00202A2810022A26004F164
:1010300047022260226101226261626ED60704D4F7
:10104000980502D4A06D0BF00DFE284603B0BDE854
:10105000F083002ED8D03B6A13B93846FFF76EFFF5
:10106000B8F1010F266002BFA38943F00103A381F9
:10107000B4F90C3013F00802C4E904651ED0D90796
:1010800045BF00226D42A560A26048BFA561626EA7
:10109000D20701D49B0513D50025D6E7484600F0BA
:1010A000B3F806460028B9D0A3894D4643F0800323
:1010B000A381D0E70025B3E7A946F5E7A260E6E7FC
:1010C000A06D0BF0CFFDE7E74FF0FF35BDE700BFA8
:1010D000282A00200EB400B59CB06FF000411DAB73
:1010E00002900690079104910848094953F8042B8F
:1010F000059102A90068019300F08EF8029B00227E
:101100001A701CB05DF804EB03B07047282A002069
:101110000802FFFF0B46034902460868816800F099
:1011200077B900BF282A002038B50023054D0446B2
:1011300008462B6002F09CFA431C02D12B6803B1D5
:10114000236038BDCC24002038B50446064D08463F
:10115000114600222A601A4602F094FA431C02D17A
:101160002B6803B1236038BDCC24002038B5044679
:10117000064D0846114600222A601A4602F084FAFB
:10118000431C02D12B6803B1236038BDCC2400205E
:1011900038B50446064D0846114600222A601A4614
:1011A00002F080FA431C02D12B6803B1236038BDE2
:1011B000CC240020014B1868704700BF282A00206B
:1011C00070B50D4D00260D4C641BA410A64209D12C
:1011D0000B4D00260B4C0CF0E3FC641BA410A64244
:1011E00005D170BD55F8043B01369847EEE755F838
:1011F000043B01369847F2E7202B0020202B0020EB
:10120000202B0020242B0020024B0146186802F0FE
:1012100082BC00BF282A00202DE9F04F98468B8918
:101220009DB007461B060D46144610D50B6973B9D1
:10123000402102F070FC2860286130B90C233B602B
:101240004FF0FF301DB0BDE8F08F40236B610023ED
:10125000CDF80C804FF00109DFF8A081099320231D
:101260008DF8293030238DF82A3023469A4613F81A
:10127000012B0AB1252AF9D1BAEB040B0BD05B463E
:101280002246294638460BF003FD013000F0A780C6
:10129000099A5A4409929AF80030002B00F09F8076
:1012A00000234FF0FF320AF1010A049307938DF8EF
:1012B00053301A93CDE90523544605224F4814F8BC
:1012C000011B0BF025FF049AD8B9D00644BF202398
:1012D0008DF85330110744BF2B238DF853309AF803
:1012E00000302A2B15D0079A544600204FF00A0CE4
:1012F000214611F8013B303B092B4BD9B0B1079285
:1013000014E0A0EB0803A24609FA03F31343049385
:10131000D2E7039B191D1B68002B0391BBBF5B42E7
:1013200042F0020207930793B8BF049223782E2B52
:101330000AD163782A2B32D1039B02341A1D1B6811
:1013400043EAE37303920593DFF8C0A003222178F8
:1013500050460BF0DDFE38B1A0EB0A004022049BA2
:10136000013482401343049314F8011B06222448DD
:101370008DF828100BF0CCFE002836D0214B1BBB7B
:10138000039B073323F0070308330393099B33447C
:1013900009936AE70CFB02320C460120A8E7002300
:1013A00001344FF00A0C19460593204610F8012B22
:1013B000303A092A03D9002BC6D00591C4E70CFBAB
:1013C000012104460123F0E703AB2A4604A938466D
:1013D00000930D4BAFF30080421C0646D6D1AB897B
:1013E0005B063FF52DAF09982CE703AB2A4604A90D
:1013F00038460093044B00F023F9EDE75F1004003A
:10140000691004000000000091CC03006510040086
:101410002DE9F04F0D469DB014469846064618B18A
:10142000036A0BB9FFF78AFD6B6ED90705D4AB8948
:101430009A0502D4A86D0BF014FCAB891B0701D5EB
:101440002B699BB92946304600F026FA70B16B6EC5
:10145000DC0704D54FF0FF301DB0BDE8F08FAB893D
:101460009805F7D4A86D0BF0FDFBF3E70023CDF84A
:101470000C804FF00109DFF8B481099320238DF827
:10148000293030238DF82A3023469A4613F8012B51
:101490000AB1252AF9D1BAEB040B0BD05B462246E0
:1014A000294630460BF066FC013000F0A780099A0F
:1014B0005A4409929AF80030002B00F09F800023D4
:1014C0004FF0FF320AF1010A049307938DF853306D
:1014D0001A93CDE9052354460522544814F8011BFC
:1014E0000BF016FE049AD8B9D10644BF20238DF81C
:1014F0005330130744BF2B238DF853309AF8003034
:101500002A2B15D0079A544600204FF00A0C21468A
:1015100011F8013B303B092B4BD9B0B1079214E0D5
:10152000A0EB0803A24609FA03F313430493D2E79E
:10153000039B191D1B68002B0391BBBF5B4242F04C
:10154000020207930793B8BF049223782E2B0AD187
:1015500063782A2B32D1039B02341A1D1B6843EA9D
:10156000E37303920593DFF8D4A003222178504659
:101570000BF0CEFD38B1A0EB0A004022049B0134F1
:1015800082401343049314F8011B062228488DF867
:1015900028100BF0BDFD00283FD0264B1BBB039B42
:1015A000073323F0070308330393099B3B44099354
:1015B0006AE70CFB02320C460120A8E70023013445
:1015C0004FF00A0C19460593204610F8012B303ACB
:1015D000092A03D9002BC6D00591C4E70CFB0121D1
:1015E00004460123F0E703AB2A4604A930460093E2
:1015F000114BAFF300800746781CD6D16B6ED9072C
:1016000005D4AB899A0502D4A86D0BF02BFBAB89EE
:101610005B063FF51FAF09981EE703AB2A4604A9F6
:1016200030460093044B00F00BF8E4E75F10040031
:10163000691004000000000075CD0300651004006F
:101640002DE9FF470F7E914680460C46782F9A463B
:101650000C9E01F1430207D8622F0AD8002F00F038
:10166000DD80582F00F0C38004F1420684F84270F8
:101670003AE0A7F16303152BF6D801A151F823F046
:10168000D9160300ED16030069160300691603005E
:101690006916030069160300ED16030069160300BE
:1016A0006916030069160300691603000318030096
:1016B0007B170300BB1703006916030069160300BC
:1016C00025180300691603007B1703006916030041
:1016D00069160300C317030033681A1D1B683260C4
:1016E00004F1420684F842300123A8E031682368FF
:1016F000081D30601E0601D50D6803E05D06FBD5B0
:10170000B1F90050002D616878DA2D200029A16020
:1017100084F843002DDA6D425D480A231646B5FB76
:10172000F3F103FB1157C75D06F8017D2F460D4607
:10173000BB42F4D9082B0BD12368DF0708D52369F6
:1017400061689942DEBF302306F8013C06F1FF369E
:10175000921B22614B4603AA21464046CDF800A0C9
:101760000BF01AFB01306FD14FF0FF3004B0BDE831
:10177000F08723F004032360CDE72168336808066F
:1017800053F8045B02D4490648BFADB26F2F3360F3
:101790003F4814BF0A230823002184F843106668D9
:1017A000002EA660BADB216821F004012160002D23
:1017B000B4D1002EB2D11646BCE7236843F0200313
:1017C000236078273348236884F845701F06316802
:1017D00051F8045B02D45F0648BFADB23160D9074F
:1017E00044BF43F0200323601DB11023D4E72848F1
:1017F000E9E7236823F020032360F6E724480A235F
:10180000CDE733682568181D616930602E061B68B6
:1018100001D5196002E06806FBD519800023164641
:10182000236197E7336800211A1D32601E686268E1
:1018300030460BF06DFC08B1801B6060636823616B
:10184000002384F8433085E7236932464946404601
:10185000D047013088D023689B0714D4E068039BED
:101860009842B8BF184681E70123324649464046B0
:10187000D04701303FF478AF0135E36803995B1A34
:10188000AB42F1DCEAE7002504F11906F5E700BFF9
:10189000701004008110040038B5294B05460C4631
:1018A000186818B1036A0BB9FFF748FBB4F90C309C
:1018B000190722D4DA0607D409222A6043F040032C
:1018C0004FF0FF30A38133E0580712D5616B41B16F
:1018D00004F14403994202D0284602F01FF9002384
:1018E0006363A38923F02403A38100236360236936
:1018F0002360A38943F00803A38123694BB9A3891B
:1019000003F42073B3F5007F03D0214628460BF083
:1019100085FBB4F90C3013F001020AD00022A2605A
:1019200062695242A261226942B913F08000C5D1B6
:1019300038BD990758BF6269A260F4E70020F7E755
:10194000282A002038B50023064D044608461146D3
:101950002B6001F090FE431C02D12B6803B1236081
:1019600038BD00BFCC24002038B50023054D044607
:1019700008462B6001F084FE431C02D12B6803B1A2
:10198000236038BDCC240020094A5168C84390FA2E
:10199000A0F048B1B0FA80F0042805DC01238340B0
:1019A0000B43536040B270474FF0FF30704700BFA9
:1019B000F82400200021034B28220348C3E900112A
:1019C0000BF021B9F8240020D024002038B50546BA
:1019D000FFF7DAFF04460448294600EBC4000BF089
:1019E0000CFC204638BD00BFD0240020C3B2042B1D
:1019F00010B515D804230B4A03EBC003134453E876
:101A0000002F0A4343E80024002CF8D101220649A4
:101A1000824051E8003F134341E800300028F8D1EC
:101A200010BD00BFD0240020F8240020F7B54FF0EF
:101A3000040C01260827184A1849194D106800B3EC
:101A40000B7806FA03F420421DD0E04352E8004F21
:101A5000044042E8004EBEF1000FF7D117FB03C36C
:101A60002B4453E8000F43E800E4002CF9D1019027
:101A700048B1087801AA0B4905EBC0000BF0F9FB4F
:101A8000012003B0F0BD0B78506883422EBF0023C5
:101A90000133DBB20B70D1E7F824002020270020AF
:101AA000D024002078563412024B1868003818BF32
:101AB00001207047F824002038B505460C4600F098
:101AC000F5FD084B1B6853B1D3E9042395429C41B3
:101AD0002CBF0124002400F0EFFD204638BD1C4639
:101AE000F9E700BF102500202DE9F0414FF0FF3449
:101AF00025460746884600F0D9FD144B1E68A6B956
:101B000000F0DAFDB5F1FF3F08BFB4F1FF3F08D0A8
:101B1000BC4275EB080316D3E71B65EB08083C468F
:101B2000454620462946BDE8F0817269D6E9033171
:101B30005B1842F10002A34272EB05013CBF1C4658
:101B400015467668DBE734463546EAE7102500207F
:101B50002DE9F74F109F0E46DDE90CA915469DF8BB
:101B60003CB008B1026882B93FB129463046B84757
:101B700040F2034003B0BDE8F08F002DF8D0002EF6
:101B8000F6DB28460BF08BFFF2E7019000F08EFDAC
:101B90008046584600F0EEF90446404600F08CFDC1
:101BA000019B8CB947B129463046B84703203146DE
:101BB00000F09EFB1A20DDE7002DF7D0002EF5DBAC
:101BC00028460BF06CFFF1E7256200252360DFF863
:101BD00080800E9BC4E906A9A660E360A762D8F8DE
:101BE000003084F824B0656098471AEB000649EB92
:101BF000010900F05BFD144B0746D3F800E0C4E98F
:101C0000046972462AB1D2E90401864279EB0101E6
:101C100011D2A5B9C4F804E01C600C4B1C682CB1AF
:101C2000D8F800309847FFF75FFFA047384600F02C
:101C300043FD00209EE7516815460A46E2E76A68C0
:101C400062606C60E9E700BF1025002000250020DD
:101C5000082500202DE9F74F4FF0000881460D467A
:101C600092461E4600F022FD4746DFF87CB0019008
:101C7000DBF800408CB9B8F1000F08D0184B1C6895
:101C80002CB1184B1B689847FFF72EFFA04701980F
:101C900003B0BDE8F04F00F00FBD22684A4511D1F6
:101CA0002DB1A268296822F000428A420AD126B9E1
:101CB000626857B9CBF8002008E05146206AB04767
:101CC0000028F5D027466468D4E77A60D4F8048009
:101CD00020460BF03EFA44464FF00108CAE700BF29
:101CE000002500200825002010250020014B186049
:101CF000704700BF0025002070B50E460949044614
:101D00000846154601F088FE0023074A302113607B
:101D1000064A07201660064A15602246BDE8704054
:101D200000F0C2B892100400102500200825002001
:101D30000425002070B504461646184600220023EC
:101D400086B0CDE904230B4B0D461B6813B9212047
:101D500006B070BD04A998470028F8D1DDE9042336
:101D60000290CDE900232946324620460BF02BFA9B
:101D7000EEE700BF04250020F8B5054610200F4609
:101D8000164600F0CBFA044601461022074801F03F
:101D900048FE44B101230020E3602B68C4E90176CA
:101DA00023602C60F8BD1A20FCE700BF92100400ED
:101DB0002DE9F84F814688460027DFF8B4A0294E68
:101DC00048464146FFF778FED8B900F06FFC264B35
:101DD00006461B689847FFF787FE05460C464FB13D
:101DE000B1F1FF3F08BFB0F1FF3F03D01F4B1B68AD
:101DF00003B19847304600F05FFC28462146BDE815
:101E0000F88F00F053FCDAF8004084B16368CAF838
:101E1000003000F051FCA368346033F000430AD175
:101E200030680BF096F9002301273360C8E700F013
:101E300043FC3460C4E72368002BF1D01D68002DFB
:101E4000EED0A26832F00043EAD0D5E9007B236AE5
:101E50002168A868D8470028E2D1002FE0D03D468D
:101E6000EFE700BF0C2500200825002000250020FA
:101E700010250020F8B504460D4600F017FC094B6C
:101E80001B684BB1D3E90667C4E90067DB682B60C8
:101E9000BDE8F84000F010BC00260027C4E9006748
:101EA000F5E700BF0C2500202DE9F0474FF6FC7840
:101EB000002416461B4F03311B4B07EB001501EAAC
:101EC00008084FEA001A1B686A80814627F80A80D2
:101ED00002FB08F0EC60984718FB06F39BB2024641
:101EE00068602B81D8B11149284651F8291001F0BA
:101EF00095FD21462A8968680AF085FE2146234619
:101F00009E4204DC002057447E80BDE8F0876A686A
:101F1000E868541850500133EC604144F0E71A204F
:101F2000F3E700BFC81D0020142500209011040015
:101F300038B5094C04EB00156B682BB1284601F04D
:101F40006FFD68680BF0ABFD2846BDE838401022F5
:101F500000210AF058BE00BFC81D0020034B02013B
:101F6000C3E90010002102480AF04DBE14250020EC
:101F7000C81D002038B5094B020103EB0015EC68C1
:101F8000284621469A5A01F04CFD24B12368EB60A3
:101F90006B88013B6B80204638BD00BFC81D002008
:101FA000024B03EB00139878704700BFC81D002058
:101FB00030B4064C04EB0013DD685A880D60013222
:101FC000184630BCD9605A8001F02CBDC81D0020D5
:101FD000044A010102EB0013505A10B11B89B3FBF4
:101FE000F0F07047C81D00200020124B10B518708B
:101FF000114B124C1860124B206018706060A0608A
:10200000FFF7E6FF80B2A0F10E036380A0F1140396
:10201000013060810B49201DE38001F0FDFC20466A
:10202000094901F0F9FC04F108000849BDE8104035
:1020300001F0F2BC2227002034250020802500205A
:1020400021270020D4110400DD110400E711040051
:1020500070B5044680B300F029FB637905466FF341
:1020600082036371237913F0100605D010232371C6
:10207000BDE8704000F020BB104903F0030331F8C5
:1020800023203046013A21F823202146FFF790FF14
:102090000B4B0C4E1C681CB90A4B28461C70E7E71A
:1020A000237A1BB933781BB92468F4E7012BFBD1E1
:1020B000204663689847F7E770BD00BF8025002081
:1020C000342500202227002010B5044600F0EEFA47
:1020D000034B1A6822601C60BDE8104000F0ECBAA7
:1020E0003425002010B5064B00F0E0001A78541C8F
:1020F0001C70044B03F8320003EBC203596010BD9F
:10210000212700201C2500202DE9F04F044646071A
:1021100089B048BF00F0F7040492029100F0C6FABB
:10212000604E04F0030706EB870336F827205B8830
:1021300081469A4204F0EF0A4FEA870830D2002025
:10214000FFF718FF054638B336F827304846013305
:1021500026F8273000F0B0FA28460BF00DFB029B62
:10216000029AAB71049B85F804A01344EB7100F054
:102170009DFA80464C4B1C68002C40F08B804046FA
:1021800000F09AFA06EB87004522294601F049FC47
:10219000284609B0BDE8F08F01224846434B1A702B
:1021A00000F08AFA25071DD51F2C1BD904F0E00387
:1021B000B044039300F07AFAB8F8023036F827906A
:1021C0004FF0000B99452CBF00230123DFF8E4807A
:1021D000019300F071FA06EB87030593344B1B78EB
:1021E0009B4508D384F004005146C0F3800000F002
:1021F0007FF80025C6E798F80030039A1A4204D009
:10220000D8F80490D9F8003023B90BF1010B08F18C
:102210000808E3E707935A79D00708D51A795107D8
:1022200005D5019941B98AEA0202920704D099467C
:102230001B68002BEFD1E5E748460BF003F9057961
:10224000079007A80BF0E0F82946002000F050F8AE
:1022500000F02CFA059B36F827205B8805469A4249
:1022600034BF01230023019309D20020FFF782FE2F
:10227000079058B136F82730013326F82730284622
:1022800000F01AFA079D002DBCD065E70122074B2C
:102290001A70F4E7237A012B02D12046636898472D
:1022A000246869E7802500203425002022270020AB
:1022B000212700201C2500200022014B1A607047B6
:1022C0003825002010B5044600F0F0F9074A1368DD
:1022D0002BB914602360BDE8104000F0EDB9A342B3
:1022E00002D01A461B68F3E710BD00BF3825002056
:1022F00070B505460E46054B1C6804B970BD636891
:102300003146284698472468F7E700BF3825002063
:102310000149084601F080BBF4110400012838BFD0
:10232000012038B5C41C24F00304204601F0AFFBA3
:10233000054601462246084801F073FB2DB92146A7
:102340000220FFF7D5FF284638BD22460021284647
:102350000AF059FCF7E700BFF411040010B5064C71
:10236000237823B9E6F746FD18B90123237000202E
:1023700010BD40F20740FBE72327002038B50B4B88
:1023800004461B780D464BB121462846E6F752FC21
:10239000002840F2074008BF002038BD0449054826
:1023A000FFF7DCFF0028EFD0F7E700BF232700206E
:1023B000EFBEADDEBEBAFECA074BDA69D20407D55E
:1023C0001B6A40F2044013F0010F18BF0020704751
:1023D00040F20440704700BF0080E00F70B5044633
:1023E0000220A17006212070E1700120FF21E3711D
:1023F0001B0A2372059E9DF810306271120A6070EC
:1024000021713046A27163720AF03AFC05460E2D26
:1024100004F10C000CD908230E223146E3720AF0B5
:102420000CFC0E25EDB26B1C0C35A372E57670BD6D
:1024300009230E223146E3720AF0FFFBF2E710B5E2
:10244000441E14F8010F00B910BDE0F7C5F8F8E715
:10245000704708B501F050FCE0F7FEF801F059FCB8
:10246000E0F7CCF9E5F758FBF8E708B5E6F7C6F969
:10247000BDE80840F0F7F4B810B50446E0F7CAFD2F
:102480002046E0F775FB2046E0F702FA10BD012078
:10249000704700B5C3B0EDF71BFF05F083FB48B1F3
:1024A000FFF7F5FF30B101A806F0B6F910B901A8A1
:1024B000FFF7E2FF43B05DF804FB00F087B808B512
:1024C000E1F75EF9BDE80840E0F7F2BF08B500F0BB
:1024D0007BF8E5F7AFFEE5F7C5F8E4F7BBFA00F0E7
:1024E0002EFCE6F787FC00F0B3FCBDE80840E0F7FF
:1024F0002FBD08B5E2F7DAFD00F0A4F9E2F7E6FD3A
:1025000000F0A2F9BDE80840FFF7AFBFE0F752BE08
:102510007047E0F779BFFFF7BCBF7047E0F726BD13
:10252000012070470120704738B5E0F7A9FF054644
:10253000EDF7F6FE041E18BF2C46FFF7F1FF00284A
:1025400018BF204638BD38B5E5F7E4FB0446E0F790
:102550008DFF04281ED002284FF0000508BF01247B
:1025600005F062FB042817D0022808BF0124E0F719
:1025700003FD042812D0022808BF0124FFF7D2FF70
:1025800004280DD0022808BF0124002D18BF002404
:10259000204638BD0125E3E70125E8E70125EDE701
:1025A0000024F5E782B002AB03E90300012002B08A
:1025B000704770477047042208B511460123032075
:1025C000E2F7CCF9002008BDFFF7F5BF042208B5FB
:1025D000114600230320E2F7C1F9002008BD70B5C1
:1025E000002506462C46052C20D8DFE804F003071A
:1025F0000B0F13175B210820E1F728F90C210820A5
:10260000E1F724F9D1210820E1F720F98021082001
:10261000E1F71CF900210820E1F718F96C1C2946A4
:10262000E4B208202546E1F711F90624A4F10E03CF
:10263000012B05D85A210820E1F708F90134D2E727
:10264000102C05D1BDE870405D210820E1F7FEB8EF
:10265000B31F195DEFE7012307B520F07F4040EA83
:102660008170019068468DF80030FFF7B8FF03B025
:102670005DF804FBFEE74AB1002310B550F8234093
:1026800041F8234001339342F8D110BD7047002038
:1026900070474FF4004070474FF47A707047EFF383
:1026A000108072B6704700B962B67047EFF31180C0
:1026B000302383F31188704780F31188704700231B
:1026C0000360704703680B60016070474FF0604221
:1026D0000123D2F8001E83400B430020C2F8003EC5
:1026E00070474FF060410122D1F8003E824023EA5A
:1026F00002030020C1F8003E704710B588B00446C0
:102700000E98009207900D98224606909DF8300092
:1027100005900B9804909DF8280003900020CDE9C7
:1027200001300B460121E1F7B3F808B010BD704746
:1027300013B5044601A8E2F78DFA9DF80630238010
:102740004FF480736380E2F7ADFA6060002002B05E
:1027500010BDE2F709BA08B5E2F7FAF9002008BDA2
:1027600010B5044644EA010313F00303084609D1F7
:10277000934201D1002010BD54F8231040F82310DB
:102780000133F5E7214692000AF06DFAF2E70A46B6
:1027900001390144E4F7C8BF08B5E0F741FFBDE8DF
:1027A00008400021E1F71ABB02210320E1F7C0BD78
:1027B00008B5FFF7F1FFBDE80840FFF7F5BF10B51A
:1027C0000446E0F71BFF0021E1F708FB1CB1BDE860
:1027D0001040E1F79DBD10BD7047704770477047CE
:1027E00070B5054614460E46FFF759FF2B685C404E
:1027F00034405C402C60BDE87040FFF754BF704728
:102800004FF0B0435A6812B19A6A002AFAD1704761
:10281000012200F580535A60CB43934003F00A0332
:102820004361416111B900F500504260704783690E
:102830001B06FCD5406AC0B2704783695B06FCD5B5
:10284000C1637047F8F706BA002307B5CDE9003336
:10285000012369464FF0FF308DF8023009F0B4FCD7
:1028600003B05DF804FB00207047B0F5802F22D044
:1028700010D8B0F5003F20D007D818B3B0F5803F8E
:1028800008BF482018BF01207047B0F5403F08BF7F
:102890002C20F7E7B0F5302F11D007D8B0F5E02F96
:1028A0000FD0B0F5202F08BF1020EBE7B0F57F0F59
:1028B00008BF0620E6E74B2070472A20704711200A
:1028C00070472120704708B570B100F01BFA4FF037
:1028D00098435A6CD202FCD5586D10F4702004D085
:1028E000BDE80840FFF7C1BF212008BD08B528B1E9
:1028F000202200210AF087F9002008BD2120FCE7F2
:1029000008B1FFF7F3BF2120704710B508B92120A7
:1029100010BD0029FBD0036813F0704205D1C3F34A
:102920000E030B607BB10020F2E703F05044B4F1DA
:10293000004F05D0B2F1304F02D0B2F1404FE6D196
:1029400003F07F03EDE74368002BE0D00B60EAE77C
:1029500073B50D46064610B9212002B070BD00299E
:10296000FAD0002301A90193FFF7CFFF0028F4D18B
:102970003468019B14F0704403F1030323F0030354
:102980000AD0B168B4F1004FC1F38032C1F34031D5
:1029900004D102EB410253432B60DEE7B4F1204F38
:1029A00001D10A44F7E7B4F1304FFAD0B4F1404F07
:1029B000F7D0D1E72DE9F3470D4690469A460446F5
:1029C000F0B1E9B106680F6806F07049BE422AD03E
:1029D000B9F1004F11D186EA0703B3F1805F13D339
:1029E000BAF1000F36D1B8F1000F1FD0A368AA6862
:1029F000534013F4E04F19D002E0B9F1404FEAD050
:102A0000212002B0BDE8F0870023204601A90193F0
:102A1000FFF77BFF0028F3D1019AC2F30E021643A1
:102A20001743BE42ECD1B9F1000FD9DB0023694650
:102A300020460093FFF769FF0028E2D1019001A929
:102A40002846FFF762FF0028DBD1DDE900239A4228
:102A5000D7D0D5E7AA68B8F1000F03D0A3685340D8
:102A6000D904CDD49304E1D4CAE773B50C46002849
:102A700076D0002974D000230B60036803F0704304
:102A80000B60C26822B1032A6AD143F080630B60F5
:102A90008368C2689D0103F0407154D5B1F1407F55
:102AA00054D0002A5CD04FF00073226822F04072AC
:102AB0001A432260C368032B09D10369F62B4FD94F
:102AC0001B0403F47F0322F47F0213432360836813
:102AD0001E0442BF236843F400432360C368032BF2
:102AE00009D02368026823F4FF4323F07F03C2F375
:102AF0000E021343236002688368002A08DA5D042B
:102B000003F400512ED459B3226842F400522260DB
:102B1000026802F0704202F10042B2F1804F05D229
:102B20005A0542BF226842F480622260056815F0AF
:102B300070461ED5002301A90193FFF7E6FE002889
:102B40002ED002B070BDB1F1407F03D142B14FF041
:102B50004073AAE703F08073002AA6D1002BA4D00B
:102B60002120EEE7226842F4804222600029CBD186
:102B7000CEE713F4C843F3D101A90193FFF7C5FED3
:102B80000028DED1002EEBD12368019A23F4FF4305
:102B900023F07F03C2F30E02134300202360D0E72B
:102BA00005F05045B5F1004F05D0B6F1304F02D0D9
:102BB000B6F1404FD4D1019B2268013B03F07F0363
:102BC00022F07F02E8E738B131B101234B604FF0CA
:102BD000005300208B6070472120704737B50C46AA
:102BE000054610B9212003B030BD0029FAD00123D9
:102BF0004B60C36893B901A90193FFF7A9FE0028B0
:102C0000F1D1019B6A699A4206D32A6943F00053C5
:102C100022600020A360E6E71D20E4E7032BE1D15A
:102C20000023F6E770B50E46054688B000284AD066
:102C3000002948D000234FF000718360C0E90013E1
:102C4000C36105A93046FFF710FF0446002835D1BF
:102C50002846059900F04DF8012303934FF00053E7
:102C6000284602A9049300F030F8304605A9FFF782
:102C7000B5FF044610BB284605A900F030F82846E9
:102C8000FFF721FE0446C8B9F368BBB93368B3F156
:102C9000805F13D2019001A93046FFF736FE90B94C
:102CA000019B9A070AD0726993420AD83069D21AF6
:102CB000002102F00302184409F0A5FF204608B0E5
:102CC00070BD1D24FAE72124F8E7436813B9416079
:102CD00070475B685A68012AFBD159607047836866
:102CE00013B9816070475B685A68012AFBD159604B
:102CF0007047C369032B9FBF00EB83020133D16090
:102D0000C3617047C369042B14D84FF09842116C0B
:102D1000C902FCD504339B0013650168103B1160A8
:102D20004168116050F8081F11604FF09842034449
:102D3000984200D1704750F8041F1160F8E7FFF780
:102D400092BDF0B5154649228FB0149C8DF8242011
:102D500004F10C060DF1250254F8047BB44242F84C
:102D6000047BF9D1247814704FF48074ADF83440AA
:102D70009DF8544000228DF8364004240694169C99
:102D8000CDE9001505941324049409ACCDE902346F
:102D90000B4611468DF832208DF83350E2F760FD76
:102DA0000FB0F0BD30B5C02A93B02FD0B2F5807F00
:102DB00029D0802A2CD14FF4807480F00100204368
:102DC0000190169801250290102421200395049467
:102DD0000590069301AB0795089409900A9306ABFA
:102DE0000B9304230C9311230D930AAB0E910F93B5
:102DF00040F61103D20802A90EA810921193E2F72F
:102E0000FFFC13B030BD4FF48274D6E70F20F8E713
:102E10002920F6E71FB5079C02949DF81840CDE9DC
:102E2000003413460A4601460020FFF78AFF04B02B
:102E300010BD1FB5079C02949DF81840CDE90034E1
:102E400013460A4601460120FFF77BFF04B010BD80
:102E500008B5E2F759FEBDE80840E2F785BE10B5B7
:102E60000446FFF71CFC4FF0A8431A6822601B6958
:102E70006360FFF718FC002010BD10B50446FFF793
:102E80000EFC4FF0A84322681A6062681A61FFF7CF
:102E90000AFC002010BD70B506460D4614468CB0E5
:102EA000CAB11022002108A809F0ADFE002207AB2C
:102EB000029305AB019306AB00933046294608AB5D
:102EC000CDE90522E2F796FE18B9099B6360059BE0
:102ED00023600CB070BD6FF08600FAE708B5FFF70D
:102EE000C2FC002814BF6FF09200002008BDF0B5AE
:102EF0001C46002389B023600F461646FFF7B3FC3B
:102F000070B96846FFF7F2FC054648B932463946C3
:102F10006846E2F7F1FA10B9266009B0F0BD256005
:102F20006FF09200F9E720F00803102B05D020285D
:102F300014BF6FF0860000207047002070472DE915
:102F4000F0411C46436806461B0A8846154688B071
:102F500051D1028822F0FF03B3F5824F28D1438874
:102F6000413AD2B20733012A4FEAD30346D90A784D
:102F7000042A18D16F1EB7EB430F01F1010812D1DB
:102F80001D46224629463046E3F784F968B90337DF
:102F900027F00307C4E9030867615DB92022002117
:102FA000204609F030FE6FF0860008B0BDE8F081E1
:102FB0002F46E6E701462022684609F024FE6A46CD
:102FC00029463046E3F766F90028E7D12368009ADE
:102FD0009A42E3D16368019A9A42DFD1A368029AC8
:102FE0009A42DBD1A369069A9A42D7D1E369079A3C
:102FF0009A42DAD0D2E76FF08B00D6E76FF0850007
:10300000D3E7406810B5000A029C07D19A4208D362
:10301000033222F003022161626110BD6FF08B0068
:10302000FBE76FF08C00F8E72DE9F0478846914602
:103030001F46054692B078B171B16AB14388DA1D76
:10304000072A4FEAD2065AD0008800F4E040B0F5D3
:10305000805F04D15B0708D06FF0860428E0B0F5EC
:10306000005FF7D0B0F5804F49D00DF1080A20225B
:103070000021504609F0C7FD524631462846E3F785
:1030800009F90446A0B933464A4641462846CDF8D8
:1030900000A0FFF7B6FF044650B9014620220AA857
:1030A00009F0B1FD0AA8FFF721FC28B16FF09204E6
:1030B000204612B0BDE8F08751460AA8FFF7B2FDDE
:1030C00048B1482818D16FF085040AA8FFF718FC0A
:1030D0000028EDD0EAE76B683C601B0AF3D12A8830
:1030E00022F0FF03B3F5824F04D1413AD2B2012A54
:1030F00088BF01363E60E8E76FF09204E5E76FF0C5
:103100008504D5E72DE9F04FB3B08846DDE93CAB47
:1031100091461E46074628B96FF08604204633B014
:10312000BDE8F08F0029F7D0002AF5D0002BF3D0AE
:10313000BAF1000FF0D0BBF1000FEDD0202200213A
:1031400002A809F060FD4A464146384602ABFFF747
:10315000F6FE04460028E1D10AAD0DF1080CBCE8EA
:103160000F000FC59CE80F0085E80F003C222146A8
:1031700023A8229409F047FD1C22214613A812948B
:1031800009F041FD3B887D8803F44F430735B3F5D3
:10319000824F4FEAD50531D16F4217F003072DD08A
:1031A000059B9BB9A945B7D30DF148093A460021C3
:1031B000484609F028FD2A46414609EB070009F078
:1031C00052FD0023CDE9053920230793402322A98E
:1031D00000220F930C9BCDE90D2123F0807323F483
:1031E000804343F4005301A90AA80C930192FFF70E
:1031F000AFFB014648B16FF092048FE70AF102037A
:103200000027711C23F00303E2E7019B0133A3EBCA
:103210004703534501934CD820221AA809F0F3FC28
:103220001AA8FFF763FB0028E5D10AAA02A91AA889
:10323000E2F756FA0128804638D060B1482814BF1A
:103240006FF092046FF085041AA8FFF759FB00286D
:103250003FF464AFCFE7DDF8049027B9042333705F
:10326000CBF80090F0E709F1FF3A4FEA5A0ACAF1A9
:103270000007731C07F0030722A952461846394479
:1032800009F0F1FC524603460AEB470122A801442B
:10329000981809F0E8FC002DE0D0013D12AB013D8B
:1032A00083F8008003F10103F9D2D7E76FF08B04B4
:1032B000CAE76FF0890431E710B4048804F4E044ED
:1032C000B4F5805F06D0B4F5005F03D05DF8044B21
:1032D000FFF7AABE6FF085005DF8044B704770B42D
:1032E0000488DDE9035604F4E044B4F5804F04D0CB
:1032F000CDE9035670BCFFF705BF6FF0850070BCC9
:103300007047E2F793BEF0B5044615461F460E46D9
:103310008DB019B96FF086000DB0F0BD0028F9D05E
:103320002022002104A809F06EFC2388CDE908655D
:10333000B3F5105FEED16388C02B16D0B3F5807F54
:1033400015D0802B15D110208542CDE90400E1D3A2
:10335000169B39460293159B04A80193149B009376
:10336000DDE91223E3F7D8F8D6E71820ECE72020B0
:10337000EAE76FF08500CFE7F8B50E4614461D4624
:10338000074600283DD0E1B302B9D3BB5C2200213F
:10339000384609F038FC31463846069AE3F726F9F4
:1033A000A0B97288D208182ABA6510D0202A1BD07A
:1033B000102A26D10F2D24D907F1380304F1100269
:1033C00054F8041B944243F8041BF9D1F8BD172D9F
:1033D00017D907F1380304F1180254F8041B94427A
:1033E00043F8041BF9D1F1E71F2D0AD907F138037F
:1033F00004F1200254F8041B944243F8041BF9D151
:10340000E4E76FF08600E1E7FFF7B6BF70B50D4661
:103410001646044688B098B101B98AB90021202225
:10342000684609F0F0FB21466846E3F795F928B9AC
:1034300033462A4669462046E3F7FCF808B070BDDB
:103440006FF08600FAE7F0B50D4616461F460446B3
:103450008BB0A8B1A1B19AB193B10021202202A8EA
:1034600009F0D1FB214602A8E3F776F930B93346DB
:103470002A462046009702A9E3F71AF90BB0F0BDDF
:103480006FF08600FAE708B528B15C22002109F048
:10349000BAFB002008BD6FF08600FBE7E2F746BEEE
:1034A00000F00DB809B100F00CB82220704709B146
:1034B00000F048B822207047012100F07DB80020BC
:1034C000704770B506460D46FFF7F0F804461C2E0F
:1034D00035D8DFE806F00F18341C1E2034222434BF
:1034E00034342628342A2C2E3034343434343434D2
:1034F00034343200E0F768F8002628602046FFF7F1
:10350000DBF8304670BD0120E0F77CFEF4E70320D5
:10351000FAE70420F8E70C20F6E70220F4E706209B
:10352000F2E70720F0E70820EEE70520ECE70920A6
:10353000EAE70A20E8E70D20E6E71020E4E70020AC
:103540002126DAE770B506460C46FFF7AFF80546C8
:103550001C2E2DD8DFE806F00F0F2C0F0F1E2C0F9E
:10356000222C2C2C24282C1E1E1E2A2C2C2C2C2CDD
:103570002C2C2C2C1E000020E0F7A6FF4FF6FF732A
:10358000984220800CBF0E2400242846FFF794F8B0
:10359000204670BD002323800F24F6E70620EBE7CA
:1035A0000720E0F785FFE9E70820FAE70D20F8E7B4
:1035B000002323802124E8E700207047E3F7EEB8DA
:1035C00070B50C46154610B9E3F738FA38B14368C0
:1035D0002BB12A462146BDE87040006818472320D9
:1035E00070BDF7B50D4616461C4648B103B901AC8F
:1035F00087685FB12346324629460068B84706E02F
:10360000E3F71CFA04B901AC0028F1D1232003B080
:10361000F0BDF8B50C461546064658B9E3F70EFA64
:1036200020462946FDF776FD0446002CD4BF3720FE
:103630000020F8BDE3F702FA86420746F0D0304694
:10364000E3F7F0F929462046FDF764FD04463846C5
:10365000E3F7E8F9E9E70EB403B503AA52F8041B4F
:103660000192FFF7D6FF02B05DF804EB03B070479C
:1036700000207047FEE74FF4005300204B60704776
:10368000012070470020704707B5002001AB019072
:10369000FFF7A7FF0198002808BF4FF0FF3003B0E5
:1036A0005DF804FB10B514460020FFF789FF2046A3
:1036B00010BD034670B190F8382090F83C002AB154
:1036C000022803D1012283F83C20704704284FF0E0
:1036D0000102F8D00120704780F82C10704790F854
:1036E0002C00704790F8390070473022037A53431A
:1036F00003F1A04303F58023D96ED0E903231344DB
:10370000994214BF08461046704770B504460568D4
:10371000E3F794F9844202D10020E3F783F995F9A5
:103720003600E3F75DF995F93600E3F739F995F9D5
:103730003700E3F755F995F93700E3F731F9287ABF
:10374000E0F750FA287AE0F7B3F9E0F78FF90023B1
:103750002846C4E90033C4E90433A360AB6ABDE87A
:1037600070401847F8B504460D4690F8393081B1DD
:1037700073B990F83A60FEF792FF05460121304692
:10378000E4F72EF92846FEF78EFF012384F839303E
:10379000F8BD002BFCD090F83A70FEF780FF06468B
:1037A00029463846E4F71CF93046FEF77CFF84F8DA
:1037B0003950EDE72DE9F843044616460D4690F8DA
:1037C0002C80FEF773FF94F8382003469AB1FEF779
:1037D00073FF94F83B90FEF762FF074601214846CD
:1037E000E4F7FEF83846FEF75EFFFEF75FFF0022C3
:1037F000034684F838201846FEF75EFF2E44B54293
:1038000004D101212046236A98473DE094F82D30E9
:103810002BB3FEF74BFF237E0746EBB12046FFF7A5
:1038200064FFE1680138884238BF2069D4F830C0AD
:103830003CBF00F1FF30401803469C450BD013F805
:103840000129112A01D0132A21D1A2F111035A42D0
:103850005A4184F8342020633846FEF72DFF94F84F
:103860003430002BCBD0B8F1000F06D02B780A2BC8
:1038700003D10D212046E36998472046E36915F8F6
:10388000011B98470028BAD00020BDE8F883994270
:1038900082BF236903F1FF335B18CEE7F8B590F8D8
:1038A0003830044603F0FF06A3B93146036A98474F
:1038B000012384F8383094F83B70FEF7F0FE05469B
:1038C00031463846E4F78CF82846FEF7ECFE022332
:1038D00084F83C30F8BD026CD36C43F00403D3642D
:1038E000704710B50446026C93695906FCD5002355
:1038F00094F846101A4694F84500E1F72FF8002393
:1039000094F848101A4694F84700E1F727F894F81D
:103910004D30DA0707D5002394F84A101A4694F878
:103920004900E1F71BF894F84D309B0707D50023B9
:1039300094F84C101A4694F84B00E1F70FF8206CFD
:103940000021C36C23F00103C364C36C23F00403A0
:10395000C364FEF75DFF002010BD08B5006CFEF7E4
:103960006CFF002008BD036CDA6C19B142F0010253
:10397000DA64704722F00102DA64012203F5005391
:103980009A64704738B50468206C856C15F00105A1
:103990000BD0012200F500539A6483699B060FD572
:1039A0002046BDE83840FFF779BF042384F83C3057
:1039B000237E33B9C36C23F00403C364012323764D
:1039C00038BD637E1BB394F82D3003B3132184F804
:1039D0003550FEF732FF236CDA6C42F00402DA64F1
:1039E0005B6ADBB2112B0DD1012384F83430302215
:1039F000237A534303F1A04303F58023DB6E013B9D
:103A00002363DDE7132BDBD184F83450EFE7C36C7D
:103A100023F00403C364D3E70E2070470E207047E1
:103A200070477047704770B50446451807354942DE
:103A30000D40A5F10806304600F077F8A188331B49
:103A4000C3F3CF036288194489B2D21A25F8041C43
:103A500025F8062CA28882B1A4EBC202D18051883D
:103A600019445180E2887AB1D31A9BB204EBC204A4
:103A700025F8023CA380304670BD15F8082C42F0B2
:103A8000020205F8082CEDE725F8022CF3E707B54C
:103A900000224FF0FF3101AB0192E3F755FA019894
:103AA00003B05DF804FB13460A464FF0FF31E3F71D
:103AB0004BBAE3F717BB70B50D461E46114693B1DE
:103AC000002333608DB180B1454332462846FFF76D
:103AD000EAFF044628B9306818B12A46214609F0A1
:103AE00092F8204670BD2224FBE72124F9E707B5B0
:103AF000002201AB0192FFF7DEFF019803B05DF8F1
:103B000004FB002307B501AA0193E3F7C1FB019869
:103B100003B05DF804FB0846FFF7B9BF0846FFF79E
:103B2000C8BF08461146FFF7ECBF0023038043805F
:103B30008380C380704708B5E3F76EFE08BD10B5FB
:103B4000FEF7ADFD0446E3F7B3FE2046BDE81040A6
:103B5000FEF7A9BD7047012070474FF4C870E3F726
:103B6000CBBF7047002307B5684600938DF804303B
:103B7000E0F7EAFE03B05DF804FB2DE9FF410D46D6
:103B800016461F460446A8B14FF00008C0F81C8036
:103B9000E4F78AFBBDF82C30424602939DF82830AA
:103BA0002946CDE9007320463346E4F7E3FA04B032
:103BB000BDE8F0812220FAE7F0B50D4616461F4613
:103BC000044685B090B10023C361E4F76DFBBDF8F6
:103BD0002C302A4602939DF828302946CDE90073FF
:103BE00020463346E4F7C6FA05B0F0BD2220FBE7D5
:103BF000F0B51F46002387B00D46164604468DF8E3
:103C00001730A8B1C3610DF11701E4F77DFB9DF8F2
:103C100017207AB9BDF83430294602939DF8303028
:103C20002046CDE900733346E4F7A4FA07B0F0BDAF
:103C30002220FBE70320F9E7F0B51F46002387B0F9
:103C40000D46164604468DF81730B0B1C3610DF12C
:103C50001701E4F759FB9DF8173083B9BDF83430EC
:103C60002A4602939DF830302946CDE9007320465C
:103C70003346E4F77FFA07B0F0BD2220FBE70220CD
:103C8000F9E738B5FEF712FD054600F008F80446DE
:103C90002846FEF711FD204638BD00F022B84FF04F
:103CA000B0439A6A1207FCD4186A704782074FF033
:103CB000B04200F00103916948BF43F008030B4391
:103CC000936170474FF0B04301285B6904D002282C
:103CD00005D1C3F3C000704703F001007047002016
:103CE000704707B512200DF10601FFF7E0FBBDF8A4
:103CF000060003B05DF804FB08B5DFF74FF8FEF7E8
:103D0000DEFBFEF7E3FBFEF7F4FBBDE80840FEF741
:103D1000FDBB08B5FEF7FCFBFEF7FBFBFEF7FBFB6C
:103D2000BDE80840FEF7F9BBDFF718BD08B501F0A4
:103D30001DF8E8F7BDFC02F015F802F05AFE00206D
:103D400008BDECF787BB08B504212120E2F756FE39
:103D500004212220E2F752FE04212320E2F74EFE46
:103D600004212620E2F74AFE04212520E2F746FE40
:103D700004212020E2F742FE04212420E2F73EFE47
:103D80006FF001000521E2F739FEBDE808406FF051
:103D90000100E2F725BE37B5054601A80C46E0F75D
:103DA00059FF9DF805302B709DF80430237003B047
:103DB00030BD30B5002485B0054601A8CDE90144E9
:103DC0000394DFF795FC2046029B2B6005B030BDC5
:103DD00010B5044608B1E4F725FD2046BDE81040C3
:103DE000FFF767BE00F4E040B0F5805F04D0A0F5B7
:103DF000005358425841704701207047F0B59E4625
:103E000000F0FE43B3F1106F06460F46944691B0A2
:103E100003D06FF0850011B0F0BD20F01F6121F4D8
:103E200070210029F5D13D4607ACCDE90E110FCD2B
:103E30000FC495E8070084E80700D7E9092308992B
:103E4000090AE6D11899304604911799CDF800C0B7
:103E500003911699CDE901E107A9FFF71FFBDAE706
:103E60003AB1002918BF00232121D21A184408F0C2
:103E7000CABE704738B5037904460D463BB9A368FE
:103E8000022120462B6000F0D0FD38B938BDD0E9C2
:103E9000091200F060FE0028F1D0F7E700232B6044
:103EA000F4E72DE9F04F9946002393B08DF81F30C9
:103EB0001F9B9046DDE91CA6002B0D460B460CBF50
:103EC0004FF400624FF4806208A91E9FE4F7D2FD10
:103ED000044668BBDDF820B009ACDC46CDE9100033
:103EE000BCE80F000FC49CE8070084E807002846E0
:103EF000BDF824100DF11F02E4F72CFE0446B8B9FA
:103F00009DF81F30B34223D8DBE909120A98000A52
:103F100021D1CDE90337CDE9019A2B46CDF80080B8
:103F200009A8FFF7F0F910F1860F044600D000B1A0
:103F30003E603246214650463B68FFF791FF0898A5
:103F400000F0B0FD002C18BF204613B0BDE8F08F84
:103F50006FF08904ECE76FF08604E9E700232DE9B0
:103F6000F341D0E9016804460F463046114613601C
:103F700000F0C2FD054688B9304600F0BFFD054699
:103F800060B9F6B276B9B8F1000F05D1E36823F451
:103F90007F4323F0030363B16FF08605284602B028
:103FA000BDE8F0810146A06800F02EFD0028EDD1AB
:103FB000F2E74FF6F87362889A421ED8238B012BE2
:103FC000EAD8394601A8E4F77BFF05460028E5D189
:103FD0000FCC3F683E460FC694E807003B7986E861
:103FE00007000BB9019BBB603B8B012123F0010350
:103FF00038463B8300F019FDD0E76FF08505CDE72B
:1040000041F2052398421AD8B0F5905F09D241F2E7
:10401000010398420CD0B0F5885F09D06FF085009D
:1040200070472923A0F5905080B2C340DB07F5D537
:1040300011F0070F0CBF00206FF086007047B0F53D
:10404000105FEBD121F04003802B06D0B1F5807FCB
:104050000CBF00206FF0860070470020704770B5DD
:10406000446A05460E463CB90120FFF740FD6862F0
:1040700028B12046AE6270BD6FF08A00FBE76FF09A
:104080008C00F8E7F8B50F46114606461546FFF7CF
:10409000E6FF044620B92A463946706A08F0E3FD77
:1040A0002046F8BD2DE9F041089D88461F4604884A
:1040B00002B32046FFF796FEE0B12B680BB9D300A0
:1040C0002B6020462968FFF79BFF044678B9CE1D78
:1040D000B2EBD60F11D1069B9A4211D84146384611
:1040E00008F0C1FD2B68079A0733DB0813602046F0
:1040F000BDE8F0816FF08504F9E76FF08604F6E71C
:104100006FF08904F3E72DE9F04F476885B03F0A67
:104110000446DDE90E9A0D4616469846DDF840B095
:1041200015D1CDE901ABCDF80090E2F715F910F10A
:10413000860F0ED14346324629462046CDE90FABC5
:10414000CDF8389005B0BDE8F04FFFF7ABBF6FF08A
:10415000860005B0BDE8F08F10B50446406A10B186
:10416000A16AFFF735FE0020C4E9090010BD38B58B
:104170000546FFF7F1FF95F820300446043B012B7C
:104180000CD8EB69002B0CBF04466FF096042C2270
:104190000021284608F037FD204638BD6FF0960410
:1041A000F5E710B5044638B1042100F03EFC204686
:1041B000BDE81040FFF7DBBF10BD38B590F82030E8
:1041C0000546052B16D10479FF2C07D1FFF7CFFF49
:1041D000041E08BF6FF08404204638BD1CB18068FF
:1041E00000F09EFC04462846FFF7C1FF002818BFD8
:1041F0000446F1E76FF08804EEE707B558B10122F5
:1042000001A9E4F799FE30B9019800F046FC28B105
:104210000198FFF7D2FF03B05DF804FB6FF099003F
:10422000F9E7F7B5044608460E4600F043FB0023C5
:1042300020461A4601A9E4F71DFC78B9019F3446CF
:104240003D460FCD0FC495E8070084E80700338B87
:10425000384603F00103338300F024FC03B0F0BDC3
:1042600070B5144602881D461046049EFFF7BAFD3D
:1042700068B944F2010322F44050984207D002F496
:104280004F42B2F5824F02D0B2F5844F0ED1B44204
:104290000FD82246284608F0E6FC0021321B2819D8
:1042A00008F0B1FC0020059B1C6070BD6FF085001C
:1042B000FBE76FF08900F8E72DE9F043894698465F
:1042C00017468DB07AB300230122C8F8003002A946
:1042D000E4F7D0FB0446A0B9029E03AC3546CDE915
:1042E0000A000FCD0FC495E80700049B84E807007F
:1042F000D6E909121B0A08D0304600F0D3FB6FF054
:10430000860420460DB0BDE8F0834B46CDE9007829
:1043100003A8FFF7A5FF0446304600F0C3FB002CBE
:1043200008BF0446EDE76FF08904EAE770B514466C
:104330000288049D02F4E040B0F5804F1CD144F2A5
:10434000010022F44056864207D002F44F42B2F5F3
:10435000824F02D0B2F5844F0ED1AC420FD818462E
:10436000224608F080FC00212A1B204408F04BFC68
:104370000020059B1C6070BD6FF08500FBE76FF0AF
:104380008900F8E72DE9F0438946984617468DB035
:104390007AB3002302A91A46C8F80030E4F76AFB92
:1043A000044640B9029E33885B0408D4304600F0CE
:1043B00079FB6FF0860420460DB0BDE8F0833546EA
:1043C00003ACCDE90A000FCD0FC495E8070084E8DF
:1043D0000700CDE900784B46D6E9091203A800F0A2
:1043E000F1FA0446029800F05DFB002C08BF044679
:1043F000E1E76FF08904DEE72DE9F0411F46002375
:1044000088B0054688461646CDE905333B60002A4C
:1044100054D0B2F1005F54D206AA05A9FFF79EFD61
:104420000446A0B90598436AABB1059B41465A883A
:104430002846079207AA029203F1280201929A6A7B
:1044400000925B6A3246FFF75EFE044680B1059833
:10445000FFF7A7FE28E06B681B0A02D06FF0860406
:10446000F5E73146FFF7FBFD04460028DDD0EEE717
:104470000598079B4288DAB943804FF6F872934259
:1044800019D82B8813B102889A42E7D12B6A002BE6
:10449000E4D16B8813B142889A42DFD13946FFF7E5
:1044A000E9FC04460028D2D1204608B0BDE8F081DE
:1044B0009A42D3D1E1E76FF08504C8E76FF0860434
:1044C000F2E76FF08504EFE710B50446006868B1C5
:1044D00004280CD104F10800FEF7D5FF0023236067
:1044E000A38823F4FF7323F00103A38010BD6FF0B2
:1044F0008600F3E72DE9F0430546984600238DB08A
:1045000002932B6808461746002B47D1B8F1000FDD
:10451000134602A914BF4FF480624FF40062E4F71F
:10452000A9FA044600283BD1DDF8089003AC4E46BA
:10453000CDE90A000FCE0FC496E8070084E8070013
:104540003846BDF80C102A1DE4F704FB044638BBBE
:104550006B79049968F300036B71090AD9E909239F
:10456000B8F1000F12D011BB009703A905F10800A4
:10457000FEF702FF044698B9042302982B6000F06E
:1045800091FA044620460DB0BDE8F08379B9009752
:1045900003A905F10800FEF737FFEBE76FF0880489
:1045A0002846FFF791FF029800F07CFAEAE76FF0E7
:1045B0008604F5E70123FFF79DBF38B5054600687F
:1045C00098B112B90024204638BD04280AD105F15B
:1045D0000800FEF71BFF04460028F3D02846FFF72B
:1045E00073FFF0E76FF08604F8E76FF08804EAE7FE
:1045F0002DE9F04105460068884616461F46F8B189
:104600006A79D2071CD52A79D2B1B2421BD80428C4
:104610001CD105F10800FEF716FF044610B1002377
:104620003E602B713246214640463B68FFF718FC3E
:104630002846FFF749FF002C18BF2046BDE8F0814F
:104640006FF08804EBE76FF08904E8E76FF0860409
:10465000E5E71FB501240394089C0294079C01948C
:10466000069C0094FFF71DFC04B010BD2DE9F04737
:1046700005469A46002386B0059305F0FE43B3F144
:10468000106F0846DDE90E961746DDF8408029D107
:104690002B464FF4804205A9E4F7ECF9044618BB19
:1046A00005990B8823F0FF03B3F5E24F02D0B3F571
:1046B000E44F04D14B880733B6EBD30F1ED35346D8
:1046C0003A462846CDE90168CDF80090FFF796FB01
:1046D000044648B9059800F0E5F90446204606B0BE
:1046E000BDE8F0876FF0860431464846E4F7A2FA49
:1046F0000598C8F8006000F0D5F9EFE76FF089047D
:10470000F2E7034610B50C461146DA6900880AB98B
:104710001B6A3BB9FFF766FB38B12046BDE8104085
:10472000E4F788BA6FF0860010BD6FF08500FBE7F4
:1047300000232DE9F04385B0CDE901330B604388B8
:1047400006460D46002B00F0B280038803F4E043D8
:10475000B3F5804F00F0AB8002AA01A9FFF7FEFB82
:10476000044600287CD1019A7768526A6AB173685E
:10477000019F1B0AD7F8248057F8289F74D06FF048
:1047800086040198FFF7E8FC6AE03F0A61D1B6F8B9
:10479000008071884046FFF725FB80B14046FFF757
:1047A0002FFC044600285BD108F4E043B3F5805F9A
:1047B00002D0B3F5005F0AD10731CF0817E028F027
:1047C000FF03B3F5E24F37D06FF0850448E008F4FB
:1047D0004F43B3F5844FEFD047F2010398450FD113
:1047E00049080131C90801EBC10101F13B070397F9
:1047F00003990198FFF733FC04460028B7D02FE057
:1048000044F20103984503D1C90801F11007EEE70E
:1048100047F20202904505D1C90801EB410101F1BF
:104820005A07E4E744F20202904505D1C90801EBBA
:10483000410101F14A07DAE728F0FF00B0F5E24F45
:10484000BAD0B0F5824F01BF0731C90849004F1CEB
:10485000CDE7304603A900F059F804460028C7D038
:104860000198FFF79EFC13E033885B0414D43B46A9
:104870004A4641463046FFF744FF04460198002C63
:104880007FF47FAF2946FFF7F5FA04460028E7D109
:10489000204605B0BDE8F0833B464A4641463046D7
:1048A000FEF70AFD10F1860F0446E7D1DFE76FF04F
:1048B0008604EDE710B50446C069FFF7FAF8204614
:1048C000BDE810402422002108F09DB92DE9F041F7
:1048D00005460F4690461C469BB119460120FFF73E
:1048E00006F9064678B12246414608F0BCF9E86967
:1048F00008B1FFF7DEF80020C5E907642F80BDE8A6
:10490000F0811E46F3E76FF08C00F8E702884388D9
:104910004068000A51D102F4E040B0F5805F02D057
:10492000B0F5005F05D10733DB0840D16FF085009B
:10493000704702F44F40B0F5844F03D10733DB08D2
:104940000AD1F3E747F20100824208D15B08013344
:10495000DB0803EBC3033B3300200B60704744F2DA
:104960000100824202D1DB081033F5E747F2020072
:10497000824204D1DB0803EB43035A33ECE744F2F1
:104980000200824204D1DB0803EB43034A33E3E72E
:1049900022F0FF02B2F5E24FD0D0B2F5824FC5D17E
:1049A0000733DB085B000133012BD5D1BEE722F0D2
:1049B000FF02B2F5824FCFD1F6E700236FF08600F9
:1049C0000B6070472DE9F34747680446DDE90A9A12
:1049D0003F0A0D461646984611D1CDE9009AFEF7DA
:1049E0007EFC10F1860F0CD1434632462946204604
:1049F000CDE90A9A02B0BDE8F047FFF797BC6FF027
:104A0000860002B0BDE8F08703466FF040420846DA
:104A1000591E914207D338B103F1404393428CBFF2
:104A20000020012070470120704790F82030052BAE
:104A300011D8DFE803F0030B16141F214B1E012BC6
:104A400009D9042907D06FF087007047022902D0E6
:104A50000B1F012B0BD880F8201000207047022973
:104A600002D0CB1E022BF5E7C369002BF3D06FF009
:104A7000880070470529EED00029ECD0F7E710B583
:104A800003210446FFF7D1FF30B9E3695A1C0EBF7A
:104A90006FF096000133E36110BDC069B0FA80F099
:104AA0004009704708B90020704790F82020032A79
:104AB00008D1C269EAB1013AC261002AF3D10221E8
:104AC000FFF7B3BF052A09D0042A0FD1C26982B10A
:104AD000013AC261002AE6D1FFF749BBC26942B17F
:104AE000013AC261002ADED1FFF767BB6FF0880090
:104AF00070476FF09600704700207047C0B2FF28E3
:104B00000CBF6FF086000020704707B500216A4691
:104B1000FEF7C1F98C3018BF012003B05DF804FB2B
:104B200013B500216A460446FEF7B5F98C3002D170
:104B3000002002B010BD00212046E1F735FA014601
:104B400010B16FF09800F4E76A462046FEF7A3F92B
:104B50008C30EDD0F5E72DE9FF4107461446884635
:104B600000293FD0002A3DD0B2F5005F3DD202F1CE
:104B7000240631460120FEF7BAFF0546C0B30346BE
:104B80003A4621464046E4F751FABF6800243846C9
:104B9000FFF7BBFF01281FD021462B46324638467F
:104BA0000094E1F73FF90146C8B9384602AAFEF77A
:104BB00072F9044620B9029B9E4205D06FF098041A
:104BC00038460021E1F7F0F931462846FFF700F9B1
:104BD000204604B0BDE8F0816FF08A04F4E76FF07E
:104BE0009804F1E76FF08604F2E76FF08D04EFE7C9
:104BF0006FF08C04ECE7FFF7EBB82DE9F047D0F845
:104C000008A086B08146884617465046002104AA6F
:104C1000FEF741F9044610BB049E01203146FEF721
:104C200066FF0546002837D02146504604AA039463
:104C3000FEF731F9044670B903AB02462146CDE9CF
:104C4000005350463346E1F759F9039B04469E4210
:104C500009D06FF0980431462846FFF7B9F820468E
:104C600006B0BDE8F0870028F5D13B464246314604
:104C70002846CDF80090E4F7F7F904460028EAD179
:104C8000D8F800302BB13B68002B08BF6FF09104BF
:104C9000E1E76FF09104DEE76FF08C04DFE750E8A6
:104CA000003F0B4340E80032002AF8D17047C94367
:104CB00050E8003F0B4040E80032002AF8D170472E
:104CC000431E032B06D8DFE803F00204020403208E
:104CD0007047042070477047CB691847704770478A
:104CE0000020704770474FF0000070470020704769
:104CF00070477047002070470020704700207047C1
:104D00000020704700207047002070477047002047
:104D10007047002070477047704700207047704709
:104D2000704711207047002070474FF0FF307047E8
:104D30000020704770477047002070470020704780
:104D4000002070474FF0FF3070471120704700205F
:104D500070470120704700207047002070470020F6
:104D600070470020704770477047704701F01BBACA
:104D700038B50446FDF79AFCD4E90C1205462046E6
:104D8000E4F7B6F9A18CE28CE060521A40F271218E
:104D900001FB020303F59C53083328462361BDE859
:104DA0003840FDF789BC08B52030FFF778FFBDE833
:104DB00008404FF08050EBF759BB38B50D4604461C
:104DC0000830E6F76BF8294600252046E8F75EF93B
:104DD000606CE56110B1E5F781F9656404F1540098
:104DE000BDE8384008F010BB38B5044619B390F858
:104DF00028208AB190F829300133DBB29A4280F83A
:104E0000293009D10121FFF7D8FF4FF080712046EA
:104E1000BDE83840FFF7C7BF236ADA030BD5E36A62
:104E200062689B1A002B06DA01212046FFF7C5FFB6
:104E30004FF08061EBE7236A1B0426D402F03DFDAE
:104E40001123B0FBF3F303EB0313C01A94F96130A1
:104E500085B213FA80F0102888BFC5F110056DB235
:104E6000083B2B4484F8613020460121E8F70EF915
:104E700040F27121A28C63682A4401FB0233204670
:104E80006360BDE83840E8F7B3B80025ECE72DE9EA
:104E9000F84F1D46C3698846044616460C9F9DF888
:104EA00038909DF840B09DF848109DF850A0002B18
:104EB00040F0C880EB0600F1B68005F00303032B39
:104EC00008BF05F0FD0505F0F705BDF83C30A80664
:104ED000A4F862309DF8540048BF05F0FC05FFF7C8
:104EE000EFFE47F6FF731BF0020F84F86600A4F88C
:104EF0007C3040F09B801BF0040F00F0998000F0A4
:104F0000FD00012814BF0323042394F883209DF897
:104F1000580063F3030284F88320FFF7D1FE47F6BD
:104F2000FF738A0784F86700A4F88C3000F1828050
:104F30004B0740F1818000F0FD00012814BF0321E0
:104F4000042194F89330A06E61F3030384F8933046
:104F5000FFF7E6FE00222046216BE4F7C9F840F295
:104F60007123734398426FD849F6FF7104F1200012
:104F7000FFF79DFEFF2384F84B30BAF1000F03D0FA
:104F8000236A43F480532362290705D50626B046D9
:104F9000236A43F484132362236A6A0723F4C04319
:104FA00023620CD419F0010F1CBF43F40053236299
:104FB000236A19F0020F1CBF43F480432362236A63
:104FC000A4F848502B43236204F15B03B7B33A685B
:104FD000C4F85B20BA889A809DF82C30012B03D14D
:104FE0004FF48061FFF75BFE236A9DF8282023F4CD
:104FF000407343EA0223236202F05FFC9DF84C30C9
:10500000C0F30B0040EA03309DF83430A4F8700080
:10501000A4F824802046E68484F82A30FFF7A8FE0E
:105020000020BDE8F88F01218B464EE702236CE794
:1050300001236AE7022184E7012182E7C4F85B705B
:105040009F80D1E70C20ECE74520EAE72DE9F74304
:10505000894617460446019330B901A808F0D4F9EF
:10506000422003B0BDE8F083012920D0022910D0EE
:1050700089B9C369C3B900F130054FF40036236A1A
:10508000D9061ED55A0726D501A808F0BDF900207B
:10509000E7E7806E20B901A808F0B6F90C20E0E738
:1050A0001946FFF73EFEDCE700F13805E5E7C36986
:1050B00023B900F134054FF48026E0E700F13C0508
:1050C000F9E79B0707D5B9F1000F04D101A808F053
:1050D0009BF91220C5E704F1200840463146FFF74E
:1050E000E6FDF80702D5284608F08EF9019921B1AE
:1050F000284608F070FA00230193286808F009FA9E
:10510000236AD90605D51F2801DC032F16D02846AF
:10511000DDE740F27262904204DD284608F074F93F
:1051200007209EE7B9F1000F08D1BF2806DD9A07D6
:1051300004D0284608F068F9452092E72046D4E9D3
:105140000E12E3F7D5FFE3696BB140F27122A38C35
:105150005343984207D9E38C8342EAD300F51C708D
:10516000B0FBF2F0A084FDF7A1FAE36905467BB13C
:10517000BB070DD531464046FFF791FD6368C3F587
:105180007A7602F0D6FBF04202D52046E8F79AF88C
:105190002846FDF791FA7AE708B548B1CB0701D464
:1051A000002008BD4FF400112030FFF778FDF7E72D
:1051B0004220F6E708B548B1CB0701D4002008BD6E
:1051C0004FF400112030FFF772FDF7E74220F6E7B9
:1051D000E4F77ABA38B5C36904460D463BB1036AB1
:1051E00013F0010010D194F84A30FE2B0BD004F1DB
:1051F00020004FF48001FFF752FD01202B68E3648B
:10520000AB88A4F8503038BD0020FCE7036A10B525
:10521000044613F4602025D09A0307D504F130002A
:1052200008F0F2F8A36B23630023A363236A5B03F4
:1052300007D504F1340008F0E7F8E36B636300235B
:10524000E3634FF4602104F12000FFF730FD2046B6
:10525000FFF78EFD0120B4F870305A1C62F30B0387
:10526000A4F8703010BD10B50446543008F0B3F9FE
:105270002046BDE810404FF00071FFF794BD10B517
:10528000418904468389C289084601F0F1FBE0B1F7
:10529000E279531E072B19D86389934216D92289C4
:1052A0009A4213D8237C43B9637C33B9A37C23B9D6
:1052B000E07C10B9237D0F2B07D9607D1B3000F0F7
:1052C0001F000B288CBF0020012010BD0020FCE730
:1052D000F8B58D790C460C354B5D4F1903F0400342
:1052E00043F004034B550623B91C7B70164600F0AF
:1052F00043F8635D002E60F386136355A3797A78D3
:1053000003F102031344E371A4BF06367E70F8BDB7
:1053100070B505460020049CE07112F0100001D128
:10532000A07170BD0122A27188784609F540EA0794
:1053300020D54A7800F01F0042EA002291F90000CF
:105340000028ACBF1E204FF4967050430A782521E8
:1053500002F03F02B2FBF1F501FB1522B0F5FA7F36
:10536000227106F1010262712CBF01220222034464
:10537000E27123600320D4E737B50246136A08467A
:1053800003F4007403F40015DB0505D474B9E6F7E3
:1053900069F8204603B030BD44B9B5FA85F4D16C44
:1053A00064090160B2F850208280F2E7019092F91E
:1053B0004B30B5FA85F4009300231A461946184677
:1053C000FFF7C3FC6409E4E750E8003F0B4340E803
:1053D0000032002AF8D17047C94350E8003F0B4023
:1053E00040E80032002AF8D1704738B50446D0F8BA
:1053F000A00010B9D4F8A40058B194F8375108F0BF
:1054000034F805F00F0581B206312846E7F77EFF34
:1054100080B240F27122B4F8783000F548705343FE
:105420009842B8BF184638BD38B505460C4602F05C
:10543000F6FA20B149F640439C4228BF1C46EA6870
:10544000A2420BD240F27121B5F87A304B4393421D
:1054500038BF1346A34228BF23461A462A6138BDE7
:1054600003469A6A4430920404D5D3F82821998FD0
:10547000E9F71ABF93F86F10E9F70CBF00207047E7
:1054800001207047002070477047002070470020BF
:10549000704701207047C8207047002070470020E7
:1054A0007047704770471120704770477047002061
:1054B0007047704700207047704701207047704761
:1054C000704790F8852010B5531C03F00F03072B8D
:1054D00028BF0023044663F30302034480F88520B9
:1054E00083F87E1090F885306F2B4FEA13129EBF21
:1054F000013262F3071380F88530FFF7E1FF94F87B
:105500003711204601F00F01FFF7CCFF10BD7047A7
:105510007047704700207047002070470020704798
:1055200010B101F1B000704701F1D4007047F830BC
:105530007047806A70472830FFF746BF2830FFF772
:105540004BBFC06A70472C30FFF73EBF2C30FFF7CF
:1055500043BF00F59C70704708B50B79DB0702D498
:10556000FFF7D5FF08BD91F90510BDE80840FFF72A
:10557000A8BF02290346808F11D0032909D0012931
:1055800006D11A8F5B6B1201B2FBF3F3184480B2A1
:1055900070475A6B4FF47A43B3FBF2F3F6E75B8F35
:1055A000073000EB4300F2E770B540F2712606FBCE
:1055B00001F345685643826A1D441207044645605C
:1055C0000ED500F14005294600F13402E6F792F8C5
:1055D000334629462046BDE87040012201F03EBA1C
:1055E00005EB5605456070BD836A590505D4D0F8B2
:1055F000A03013B15B799A0708D4D0F8A40000B9A1
:10560000704743799B0701D40068F8E70120704791
:1056100080F87710704738B5836A04461B0713D5A6
:105620000246B0F87C3052F8341F4B4340F27121EF
:105630004B4300F14001E6F75DF8236C20469D08DE
:10564000FFF7D3FE2844E06040F27125616B2046ED
:1056500001396943FFF7E8FE20460121E7F716FD0F
:10566000636BB4F87C2020465A43636805FB023321
:105670006360BDE83840E7F7BBBCB0F8303110B527
:10568000A0F834310446E4F781FAC0B2FFF703FF13
:1056900094F8373194F8362103F00F0304F14401F4
:1056A00002F0B6F9014604F5947002F052F9B4F92B
:1056B0003421B4F930319A4209D0A36A9B0306D54C
:1056C0002046BDE810404FF40041E4F775BA10BD24
:1056D000FFF7D3BF836A0A4600F14401C3F34030A9
:1056E000E9F78EBD10B5A0F87810A0F87A2004462E
:1056F000FFF77BFE2169E0602046BDE81040FFF720
:1057000093BE38B504460D463AB94FF4C02128304F
:10571000FFF762FE9DB9002038BDFFF7C8FE98B1C3
:1057200028344FF4C0212046FFF756FE1DB14FF438
:105730000031FFF749FE4FF48021204601E04FF48D
:105740000031FFF741FEE6E71120E5E72DE9FF41D3
:10575000836A04469B032CD5B0F93081B0F93471CB
:105760000020E9F79FFB8045CCBF0025012502F012
:1057700054F994F83711C82201F00F01E9F79CFBA6
:1057800006462046E4F702FAB045B4BF00260126DB
:10579000002394F83711A8EB07073FB245EA460506
:1057A0001A46CDE90085029701F00F0180B200F0A2
:1057B000ACFC04B0BDE8F081FFF7C8BF863070478D
:1057C000F8B504460E4600295AD040F27123476BC3
:1057D00030465F43A7F28A277F083946E7F7A6FDE0
:1057E00094F88E30851FADB29D4239463046A8BF31
:1057F0001D46E7F79BFD94F88F20831F9BB29342D1
:10580000A8BF1346F21E012AB4F88610B4F8882007
:105810002BD8B1F5296F44F29020B8BF4FF429611D
:105820008142A8BF0146B2F5296FB8BF4FF4296283
:105830008242A8BF02461B2DB8BF1B251B2BB8BF39
:105840001B23304684F8913084F89050A4F88A10D5
:10585000A4F88C20E7F76AFD831F9BB2AB42A8BF78
:105860002B46DBB284F89230F8BDB1F5A47FB8BF07
:105870004FF4A471B2F5A47FB8BF4FF4A472DAE775
:105880001B23EFE770B54900466B89B28E4218BF03
:1058900040F27125044617BF4068002105FB060051
:1058A00005FB1100658F1EBF606061630121954299
:1058B000208F17D08342628700D02387238F626BAB
:1058C0001B01B3FBF2F394F837112046A4F89C3087
:1058D00001F00F01FFF774FF2046BDE8704004217E
:1058E000E4F76AB98342E8D1A36A1B07E6D5002929
:1058F000E4D170BDF0B585B004460E466A4600F1AD
:10590000860300F18E07154618685968083303C5E9
:10591000BB422A46F7D11868314628609B8820464A
:10592000AB80FFF74DFF9DF80B2094F891309A4221
:1059300011D1BDF80620B4F88C309A420BD19DF8F5
:105940000A2094F890309A4205D1BDF80420B4F8AA
:105950008A309A4207D04FF48141204605B0BDE815
:10596000F040E4F729B905B0F0BD37B5044694F826
:105970008E50BDF818008D420BD1B4F88650954278
:1059800007D194F88F509D4203D1B4F888508542D6
:105990001DD08DF80610ADF80420019D84F88E10FE
:1059A00094F8371184F88F30A4F88800C4F8405177
:1059B0002046A4F8862001F00F01FFF79BFFB4F802
:1059C0008A30A4F88630B4F88C30A4F8883003B05C
:1059D00030BD90F8373170B503F00F03044616461A
:1059E0000D46D9B18B4219D00122FFF75EFD294641
:1059F00000222046FFF757FD94F83731204665F323
:105A0000030384F8373105F00F01FFF773FF2046D9
:105A1000BDE870404FF48441E4F7CEB81946204603
:105A2000FFF768FF002EF2D170BDF8B51D46C36ABE
:105A300004465B070F46164610D404212C30FFF7AE
:105A4000C3FC84F89A702046A4F89660A4F8985095
:105A50004FF40061BDE8F840E4F7AEB8F8BD10B50A
:105A600011B190F89A400C7012B1B0F896101180F4
:105A700013B1B0F898201A80C06AC0F3800010BD3E
:105A80004FF400412830FFF79FBC00F5A27070472B
:105A900090F8370100F00F00704770B50446FCF72E
:105AA00005FE6568064601F044FF2D1AB5F5FA7546
:105AB00004D53046BDE87040FCF7FEBD40F27122CF
:105AC000636B94F870105343B5FBF3F5A38FAAB240
:105AD0009B1AA38794F86F30154602FB11332521DA
:105AE00093FBF1F001FB1033002BB8BF5B1884F877
:105AF0006F30B4F89C3020469B1AA4F89C300021EB
:105B0000E7F7C4FA40F27122636B20465D43636895
:105B100002FB15336360E7F76BFACAE700232DE950
:105B2000F3474E790446B00758BF06F00106084611
:105B30000D4648BF0326ADF8043058BF0136FFF7C5
:105B4000D2F8074607F01F03002BE36A15BF4FF09A
:105B500001084FF000084FF003094FF002099905C2
:105B60000CD59DF80430294666F3010368F345130C
:105B70008DF804302046019A00F08EF9284607F08F
:105B8000C8FC82464946284607F07EFC9DF8043052
:105B9000AA7966F3010368F345138DF804308DF894
:105BA00005A0BDF804300C32AB529DF80430A918A2
:105BB0009A066B7948BF8F7043F001036B71FCF755
:105BC00075FD06462046294650F8A48F07F003FDD0
:105BD00094F84631013384F84631A36A1B070CD58B
:105BE000B4F87C30012B02D92046FFF756FF30462F
:105BF00002B0BDE8F047FCF75FBD656801F099FEB3
:105C00000746E7F759FB8442F1D1ED1BB5F57A7FE2
:105C1000EDDDB8F1000F03D0D4F8A030002BE6D1B1
:105C2000E7F720FEE3E708B5022007F0B1FD10B169
:105C300000F05BFE012008BD10B504464FF4407132
:105C40002830FFF7C9FB2046BDE810400021E4F7EB
:105C500065BC012310B5A1F12002C1F1200423FA93
:105C600004F403FA02F222438B40D0E908412340B6
:105C70000A40134314BF0120002010BDC36A10B5B1
:105C8000044613F0080012D00123A1F12002C1F153
:105C9000200023FA00F003FA02F202438B40D4E919
:105CA000080103400A40134314BF0120002010BD27
:105CB00010B50C46C9B2FFF7E1FF70B1E5F706FD7C
:105CC000C4F12002A4F12003E04001FA02F21043E3
:105CD00021FA03F3184300F0010010BD70B504462B
:105CE0000E46E5F725FEFCF7E1FC054602212046BD
:105CF00084F87760E3F760FF20460021E7F7C6F9F4
:105D00002846BDE87040FCF7D7BC70B504460D4688
:105D1000FCF7CCFC0646E7F7CFFA844201D1E7F75F
:105D200081FD3046FCF7C8FC29462046BDE870409E
:105D3000FFF7D4BF0B68C0F84031704738B540F664
:105D40004805D0F840310C460B609BB2AB4204D9F9
:105D50000B21FFF7ADFF08B9258038BD44F2902331
:105D60002380FAE708B500F0FBF8E4F78DF800F0BF
:105D70005CFB00F008F8E5F713FDE6F7D9FABDE89B
:105D80000840E6F755BB704770B515460E461C46F1
:105D9000FFF7CDFB2B684EB103606B68436023684F
:105DA000C0F825302368C0F8153070BD83606B687B
:105DB000C3602368C0F829302368C0F81930F4E7BD
:105DC00070B50546FFF7B3FB0446FCF76FFC0646CB
:105DD0004FF480712846FFF7AEFB4FF40061284670
:105DE000FFF7B1FB3046FCF767FC00232846236130
:105DF0002375236284F82430FFF79BFB802310F087
:105E0000080F14BF237584F8243070BD10B5044604
:105E1000FFF712FF2046BDE810401021E3F7CCBE8B
:105E200010B504464FF46061FFF790FB2046BDE8D3
:105E30001040FFF701BF7FB506460C46FFF777FB22
:105E40004FF4C06105463046FFF77DFB4FF400611B
:105E50003046FFF77BFB4FF48060E5F7DDFB224621
:105E600070B969462846E4F739FF6B4605F1100220
:105E700013F8011B02F8011DAA42F9D104B070BD4C
:105E80006C4602F11006234610685168083203C3BD
:105E9000B2421C46F7D1E8E7F0B587B00D46ADF841
:105EA0000C20FFF744FB0446284607F032FB064669
:105EB00000B32846E4F750FF9DF80C3005AF03F01F
:105EC0002303224631460093019704F12003FCF797
:105ED000B0FF2846E4F756FF04223946284607F06B
:105EE00055FD236A0133236223B994F8243001332A
:105EF00084F8243007B0F0BD30B585B00391ADF81B
:105F00000820FFF714FB0446039807F002FB051F67
:105F1000002D02DC002005B030BD0398E4F71CFF23
:105F2000431901939DF80830224603F023030093A0
:105F3000294604F11003FCF76DFF0028EAD103980D
:105F4000E4F720FF042103A807F085FB2369013350
:105F500023610BB10120DEE7237D01332375F9E7CF
:105F600008B54FF40060E5F757FB40B94FF4805097
:105F7000E5F752FB40B9BDE80840E9F7DFB9FFF7A4
:105F8000C9FA0028F2D008BDFFF7C8FA0028F2D0FD
:105F9000F9E741F0004141F4E02101607047002041
:105FA00070477047704710B5DC1D04338373437925
:105FB000C47123F0030343F003030E244371012350
:105FC00044738371C3730182827410BDD31CC37187
:105FD0003E2343734379827323F0030343F00303A7
:105FE00043710123C173837170470F2343730423EB
:105FF00083734379A0F8111023F0030343F00303E4
:10600000437140F20173C3800123C273037470476C
:10601000D31CC3714379417323F0030343F003039B
:106020004371012382738371704708B50023FFF722
:10603000BAFFBDE80840E4F793BF2DE9F843804676
:106040000220894617461E4607F0A2FBD0B10C235A
:1060500043730823837340F601334579C38025F0E9
:1060600003059DF8203045F003054571A0F8108028
:1060700080F81290A0F81370A0F81560C373E4F7CD
:106080006FFF0120BDE8F88308B5022007F080FB10
:1060900030B101221121FFF799FFE4F761FF0120E0
:1060A00008BDF8B504460F46164613211D460922C1
:1060B000FFF78CFF83790C331C44A170E7702671C5
:1060C0002B68C4F80530AB88A4F80930BDE8F84067
:1060D000E4F746BF70B5064602200D4607F058FBB0
:1060E000044668B114210422FFF770FF83790C3352
:1060F0001C44A170A4F803606571E4F731FF01202E
:1061000070BD08B501F0E2FD08BD2DE9F04107467C
:1061100002200D4690461E4607F03AFB0446E0B1C9
:1061200009222121FFF752FF0A2283790C331C44F4
:10613000BDF9183084F8038093FBF2F323729DF8C5
:106140001C30A7806372BDF92030A67193FBF2F377
:10615000E571A372E4F704FF0120BDE8F08137B5D3
:10616000044607F0D6F93E22A379C0B20C33E518F5
:10617000E254831E6B700D23AB70AB791C38012B7E
:10618000E8768DF8073009D10023E91D1A460DF194
:106190000700FEF7CFFD9DF80730AB712046E4F70E
:1061A000DFFE03B030BD704710B5E4F713FF83790D
:1061B00000210C33C418E078E3F704F86168FEF7B7
:1061C000EBFF0446E4F70CFF2246BDE81040002335
:1061D0004FF61941FFF7E7BE10B5E4F7FBFE8379F0
:1061E00000210C33C418E078E2F7ECFF6168FEF799
:1061F000E1FF0446E4F7F4FE2246BDE81040002328
:106200004FF61A41FFF7CFBE70B5E4F7E3FE002169
:1062100086790446FE20E2F7D5FF0546E6F7CEFA7A
:1062200050B10C24E4F7DCFE2246BDE870400023A8
:1062300042F20501FFF7B7BEE6F706FB0028F0D1F2
:106240000C363444237AE61C9B09022BE9D0012B3F
:1062500018D9237AA11C03F03F02073443F0C0038E
:1062600011F8010F8C4242EA000203EA0003F7D161
:10627000002AD6D0FF2BD4D055B93046E5F718F90F
:106280000024CFE73146E5F7D9F80028E1D0C8E788
:1062900031462846FEF79EFF0028EED1C1E72DE9E2
:1062A000F041E4F797FE837900250C33C418E678B3
:1062B000E4F790FE0768E4F78DFEA6F1FE0359426D
:1062C000594105603046E2F77DFF3B462946227979
:1062D000FEF7BCFE0446E4F783FE2B462246BDE8EB
:1062E000F04142F23701FFF75EBE2DE9F041E4F7DD
:1062F00071FE837900250C33C418E678E4F76AFE52
:106300000768E4F767FEA6F1FE03594259410560AC
:106310003046E2F757FF3B4622790121FEF796FE11
:106320000446E4F75DFE2B462246BDE8F04142F20A
:106330003801FFF738BE2DE9F047E4F74BFE8379CB
:106340000C33C418277994F8038027B9B8F1010FEA
:1063500027D0E3F7A1F900260534BE420ADB002569
:10636000E4F73EFE2A46BDE8F047002342F2390139
:10637000FFF719BE2078B4F80150A0F1FE0359428E
:10638000594194F803900434E2F71CFF58B12A46AF
:106390004B464146E3F77AF805460028E0D101363E
:1063A000DBE71225DCE74225DAE710B5E4F712FE59
:1063B000837900210C33C418E078E2F703FF80B141
:1063C000211DFEF707FF00280CBF0C240024E4F772
:1063D00007FE2246BDE81040002342F23501FFF7D8
:1063E000E2BD4224F3E7FE282DE9F843064689463C
:1063F00090461F4616D0022007F0CAF9044690B115
:1064000006221221FFF7E2FD1223A57920460C3562
:106410002544AB7085F803902E71A5F80580EF71C7
:10642000E4F79EFD0120BDE8F883704710B5E6F75C
:10643000C5F90446FEF771FC2043C0B210BD38B563
:10644000E4F7C8FD8379C17903F10C020244CB1A49
:1064500002200021B2F8035007F0C5FA044640B903
:10646000E4F7BEFD0722BDE8384042F21901FFF70C
:10647000BCBD2846E3F776FB38B12146E5F76CFF53
:106480000446E4F7ADFD2246EDE72046FBF7E0FDCC
:106490000224F6E770B5E4F79DFD83791844B0F85F
:1064A0000F60B0B2E3F75EFB80B1002100F077FE31
:1064B0000546E4F795FD044602232A4642F21B01F5
:1064C000FFF771FDA3791C44668270BD0225F0E7D9
:1064D00070B5E4F77FFD83790C33C418B4F803502A
:1064E0002846E3F73FFBA0B1611D00F058FE0646C9
:1064F000E4F776FD04460223324642F21A01FFF722
:1065000052FDE37923449D72E3792D0A1C44E57220
:1065100070BD0226ECE710B5E4F75CFD83790C331F
:1065200018444479B0F80300E3F71CFB60B121463E
:10653000E5F7EEFC0446E4F753FDE2B240F2064113
:10654000BDE81040FFF751BD0224F4E770B5E4F751
:1065500041FD83791844B0F80F50FCF7A7F80446C2
:106560002846E3F7FFFA80B11621FFF7CEFB00259E
:106570002046FCF7A1F8E4F733FD2A46BDE8704059
:1065800000234FF60441FFF70EBD0225F0E7F8B5F2
:10659000E4F720FD847905460C340444B4F8030084
:1065A000E3F7E0FA064640B9E4F71AFD0222BDE837
:1065B000F84042F21301FFF718BDAB79E97903F116
:1065C0000C020220CB1A2A44002107F00CFA0146E3
:1065D00018B9E4F705FD0722E9E7837903338371EE
:1065E0003046B4F80D50B4F80F70E5F73FFC0446A0
:1065F0003A4629463046FFF775F8E4F7F1FC2246A3
:10660000D5E738B5FCF752F80446FFF70FFF00282E
:106610000CBF0C250025E4F7E3FC2A4642F20E01EC
:10662000FFF703FDE6F7B0F92046BDE83840FCF778
:1066300043B810B5E4F7CEFC83791844B0F80F00E6
:10664000C0B2E3F7FDFDE4F7CBFCBDE8104000234A
:1066500042F224011A46FFF7A6BC2DE9F843814611
:106660000220884617461E4607F092F8044690B16D
:106670000A220321FFF7AAFC0023A57920460C3546
:106680002544EB70A5F80490A5F806802F816E8153
:10669000E4F766FC0120BDE8F8832DE9F04381466C
:1066A00085B002200E461F469DF844808DF80F20CD
:1066B00007F06EF80546002844D022222921FFF772
:1066C00085FC0022AC7930460C342C4404F10E03D6
:1066D00004F11401C4F80E209A80626122830091B3
:1066E0003A460DF10F01FEF726FB9DF84030A4F865
:1066F0000490E37006F00103A3719DF80F3016F0CB
:10670000FD0FE3713B68A360BB88A3814FF6FF7365
:1067100004D0032E08BF43464FF0FF08BDF83020D9
:1067200028466283BDF8342084F82180A283BDF816
:1067300038206384E2839DF83C2084F82020E4F72D
:106740000FFC012005B0BDE8F083F8B50746022034
:1067500016461D4607F01CF8044690B10C22042191
:10676000FFF734FCA1799DF818300C312144204604
:106770008F80C1F80660C1F80A50CB70E4F7F0FBD7
:106780000120F8BD70B5064602200D4607F000F85E
:10679000044668B103223021FFF73AFCA379204672
:1067A0000C332344A3F803609D70E4F7D9FB012068
:1067B00070BD70B5064602200D4606F0E9FF04469E
:1067C00088B104220821FFF723FCB5FA85F2A379EA
:1067D00052090C3323442046A3F803605A719D707C
:1067E000E4F7BEFB012070BD2DE9F843814602208D
:1067F000884617461E4606F0CBFF0446B0B10B2272
:106800000721FFF7E3FBA579BDF820300C352544BF
:106810002046A5F80390A5F80580A5F80770A5F80F
:106820000960A5F80B30E4F79BFB0120BDE8F88375
:10683000F8B5074602200E46154606F0A9FF0446A5
:10684000A0B10D220521FFF7C1FBA37920460C332F
:106850002344A3F80370A3F80D602A68C3F8052049
:106860006A68C3F80920E4F77BFB0120F8BD2DE935
:10687000FF4116466A4680460F4615460A9C03F1BC
:10688000100E9446186859680833ACE80300734545
:106890006246F6D124B9022006F07AFF044608B316
:1068A0001D22ED212046FFF791FBA3790C332344F1
:1068B000A3F80380A3F80D702EB13268C3F8052049
:1068C0007268C3F809200F3304AE2A4603CAB242E5
:1068D00018605960154603F10803F6D12046E4F725
:1068E0003FFB012004B0BDE8F08113B5132182798C
:1068F00001900C32841881544FF44072C280E4F746
:10690000C5F8A07020B901A806F07EFD02B010BD48
:106910008000013060700198E4F722FBF6E770B563
:10692000064602200D4606F033FF044678B10422E5
:106930000521FFF76DFB0022A37920460C33234489
:10694000A3F803605D719A70E4F70AFB012070BD43
:1069500013B5837901900C33C418C05CE3F702F9D6
:1069600020B901A806F050FD02B010BD637801996E
:1069700013F0300F0CBF012200228B7904338B718E
:106980004B7962F300034B71E3F7C8FDECE72DE9A7
:10699000F041E4F71FFB83790C33C418B4F803808B
:1069A0001FFA88F0E3F7DEF8054600B3A2796179B3
:1069B000FEF7A7FE0646E4F713FB0746022332461E
:1069C00042F27A01FFF7EFFABB7938463B44A3F86D
:1069D0001280E4F7C5FA46B9A37933B12846FFF728
:1069E00057F801462846FEF764FDBDE8F08102260F
:1069F000E1E700F069BE50E8003F0B4340E8003299
:106A0000002AF8D17047704770B50E461546E3F777
:106A100067FA044648B93046E2F708FF044620B951
:106A20002846E8F7ABFB044640B10020E3F758FAEC
:106A30000020E2F7FBFE0020E8F7A0FB204670BD37
:106A40004FF40010E9F712BDE7F758BDE4F712BDA7
:106A50004368143B4360A0230B6070471AB9426837
:106A6000A2EB530242600A6802EB83020A6070479D
:106A7000884210B518D8052816D9B1F5486F13D833
:106A8000B3F5FA7F10D240F67644A2F10A0080B244
:106A9000A04209D801339BB24B435B00B3EBC20F5A
:106AA00094BF0120002010BD0020FCE7C94350E83E
:106AB000003F0B4040E80032002AF8D17047002028
:106AC00070472DE9F04104460F4600264FF00108BB
:106AD000214686F00100FEF723FD4FF48051FFF7B9
:106AE000E5FF836833B940460EB1BDE8F081012669
:106AF0008046EDE7028ABA4206D1002201212046F3
:106B000098470028EFD1EFE70268D205EBD50022C5
:106B10001146F4E708B5FEF71CFD0023038043602F
:106B200008BD70B506460C46FBF7C0FD054630466D
:106B3000FEF70FFD30B103781C4304704FF4007072
:106B4000E9F794FC2846BDE87040FBF7B5BDE3F7D4
:106B5000E5BC07B542798DF8071022F0030242F038
:106B60000302427140F203320DF10701C28001229B
:106B700006F02DFC03B05DF804FBF8B51746064699
:106B80000C461D46FEF7DDFC020713D502213046F8
:106B9000FFF75FF870B111212046FFF7DAFF2046BA
:106BA000E4F76EFE4570877021463046BDE8F84038
:106BB000E3F7B4BC28204FF08861C5F12002A5F1AD
:106BC0002003E94000FA02F220FA03F311431943CB
:106BD000CB07E0D40D212046FFF7BBFF2046E4F7AA
:106BE0004FFE4770E0E770B50C460546072120468A
:106BF0001646FFF7AEFF2046E4F742FE21464670F8
:106C00002846BDE87040E3F789BC38B50C46002142
:106C10000546FEF7AEFC47F6FE73241AA4B29C426A
:106C200005D928462821FFF759F8002038BD012052
:106C3000FCE738B504460D4601460020FEF770FC1F
:106C400003689B0505D429462046BDE83840FFF778
:106C5000DCBF002038BD2DE9F04115461F469DF8E8
:106C60001880FEF75DFC0446FBF720FDB8F1010F2C
:106C7000064623D154E8003F43F4807344E80032D1
:106C8000002AF7D105B354E8002F42F4007244E81B
:106C90000023002BF7D1FF212046FFF707FF54E820
:106CA000002F48EA020244E80023002BF7D13046C7
:106CB000A5602782BDE8F041FBF7FEBC4FF4807170
:106CC0002046FFF7F3FEDDE74FF400712046FFF7A3
:106CD000EDFEE0E773B5064601200C46FEF720FC0A
:106CE000002305461A46009321463046FFF7B3FFBE
:106CF0006B6863B14FF480712046E2F75DFF55E8A1
:106D0000003F43F4007345E80032002AF7D1FBF757
:106D1000CDFC05462046FEF71CFC28B103881BB1BC
:106D20004FF40070E9F7A2FB284602B0BDE87040BE
:106D3000FBF7C2BC38B505460C46FEF7F1FB83688D
:106D40004BB1022120460022984721462846BDE843
:106D50003840FFF7BFBF38BD012938B505460C469E
:106D600008D0CC1E012C03D801460120FFF7E2FF1A
:106D7000012038BD2221FEF74BFC20462946FFF7B3
:106D8000D9FF0020F5E708B5FEF7CAFB006800F060
:106D9000F00008BD10B5014604460120FFF7F3FFDF
:106DA00020B92146BDE81040FFF7EDBF10BD70B51A
:106DB00006460C4601460120FEF7B2FB3146054669
:106DC0000020FEF7ADFB2B680268014643EA020093
:106DD000C0051ED49B0502F4007203D49AB94FF08B
:106DE000FF3070BD2B8A1B1B98B27AB1098A091B30
:106DF00089B28842A8BF08464FF6FF73984208BF81
:106E00004FF0FF30EDE74FF6FF70EFE74FF6FF7101
:106E1000EFE70120E5E72DE9F34104460191014642
:106E200001201546FEF77CFB214606460020FEF7B2
:106E300077FB80462046FEF77CFB810606D501A83D
:106E400006F0E2FA0C2002B0BDE8F081FBF72EFC60
:106E5000336807469A0503D4D8F800309B0509D556
:106E60000199301D8D6006F0B6FB3846FBF724FC17
:106E70000020E8E7FBF720FC20460199A847E2E75D
:106E800038B5014604460120FEF74AFB05460C30A2
:106E900006F0BAFA281D06F0B7FA21460020FEF7E0
:106EA0003FFB04460C3006F0AFFA201DBDE8384029
:106EB00006F0AABA70B5014605460120FEF730FB80
:106EC0000646043006F01DFB044670B14FF4007115
:106ED0003046FFF7EBFD21462846A368984720B1CE
:106EE0002046BDE87040FBF7B3B870BD0023826058
:106EF000C0E90031704708B50B4601461846FEF759
:106F00000FFB0068C0F3402008BDFFF725BFCB1E74
:106F1000012B70B504460D46164606D81A21FEF719
:106F200077FB40212046E2F747FE324629462046BD
:106F3000BDE87040FFF710BF38B504460D46FEF7B8
:106F400053FB28B1012D04D122212046FEF760FB1E
:106F5000002038BDF8B50C468B7907460B44D3F8B2
:106F60000D60D3F811303246E3F7BAFA0921204612
:106F7000FFF7EFFD2046E4F783FCA579E4F7A6FBD5
:106F80000C3566F0FF0625440640C5F80160E4F7BD
:106F90009DFB3846C5F805102146FFF7D8FD0221B4
:106FA0003846FFF7BEFDF8BD70B50E4605460146F2
:106FB0000020FEF7B5FA012E044603D0022E11D0B0
:106FC000012070BDC16828468B7919440D31FEF748
:106FD00081FBE068FBF73CF800202946E060FFF702
:106FE00079FEEDE7C068FBF733F80023E360E7E7DD
:106FF00038B50D46044601460120FEF791FA012DF1
:1070000008D100F112012046FEF764FB2146284614
:10701000FFF760FE012038BD08B5FEF78AFAC0F31D
:10702000C00008BDF8B50C460546FFF7F5FF80F037
:107030000107FFB229463846FEF772FA0646C068D5
:10704000012C837903D0022C20D00120F8BD0C3311
:10705000C41823892846E288A188FEF713FC6188BA
:10706000627849005200284689B2FEF79DFAF0681E
:10707000FAF7EEFF002328464FF48031F360FEF765
:107080005DFA29463846FFF725FEDEE7FAF7E0FF0E
:1070900000234FF480312846F360FEF74FFAD4E71F
:1070A00008B5FEF74EFA00F0010008BD38B50C46F1
:1070B00002210546FEF747FA0C212046FFF749FD5D
:1070C0002046E4F7DDFB4FF0FF3383700223C370EB
:1070D0000D2343706FF02F03037105232146437185
:1070E0002846BDE83840FFF732BD042910B50446F4
:1070F00001D0002010BDFFF78FFFC0F10200E4F7C0
:107100008BFA0028F5D106F043FB014608B90220AE
:10711000F0E72046E4F7CEFE0028F8D10120E9E7A9
:1071200008B5FEF706FAC0F3C00008BD2DE9F0412E
:107130000F4604469046FFF7F3FF80F00105EDB2DD
:1071400021462846FEF7ECF9012F064603D0032F0F
:107150000FD001200BE02046FEF762FE22212046E0
:10716000FEF756FA28462146FFF7E4FD0020BDE869
:10717000F081C068FAF76CFF00232046F360FEF749
:107180004FFE20465FFA88F1FEF742FA20462021A2
:10719000E2F712FD21462846FFF7CCFDD9E737B5C7
:1071A00004460D46FEF7CDF903054CD5022006F046
:1071B000EFFA0190002848D0204645B3FFF7B0FF12
:1071C00050B105210198FFF7C4FC0198E4F758FB82
:1071D00020460199FFF7BBFC20462946FEF72BFE0F
:1071E0002046FFF79DFF78B94FF400612046FEF777
:1071F000A5F906210198FFF7ACFC0198E4F740FBE4
:1072000020460199FFF7A3FC002003B030BDFFF733
:1072100087FF68B10199032306222046FFF7ADFCE2
:107220002046FEF7FDFD21462846FFF783FDEBE7EC
:1072300001A806F0E9F820463D21FEF74FFD204663
:10724000FEF7EEFDE0E70C20DFE70720DDE7F7B50E
:10725000014604460020FEF763F9054600F11207D7
:107260004FF48060E4F7D8F950B92046E2F78EFC7D
:107270003A46698B80B203B0BDE8F040FFF7D8BA58
:107280002046E2F783FC064620466D8BFEF74FF959
:1072900000220346009229463A46B0B2FFF7E7FAC9
:1072A00003B0F0BD83781A2B09D81B2383700288A2
:1072B000B2F5A47F07D24FF4A473038007E0FB2B41
:1072C000F5D9FB23F2E744F290239A42F5D87047B0
:1072D000F0B50446CA798B7987B043EA0223ADF84A
:1072E0000C308B8803A88DF80E30CA788B7840F666
:1072F000480543EA0223ADF810300B8805A98DF844
:107300001230FFF7CFFF04A8FFF7CCFF2046FEF7AF
:1073100015FD0B212046FEF7CBFC44F290230028FC
:1073200018BF1D46BDF80C709DF80E30BDF81460F6
:10733000BDF810209DF816009DF81210AF42D4BF82
:1073400000970095FB2BA8BFFB23B242A8BF324693
:107350008142A8BF01462046FEF707FB07B0F0BDFB
:1073600037B5144605461046FFF7F3FB2046E4F711
:1073700087FA01A904462846FEF7E0FC0B212846BF
:10738000FEF796FC6FF004036370002344F2902232
:10739000A37040F64803002818BF1346A4F8033032
:1073A0009DF80630A4F80530BDF80430A4F8073085
:1073B00003B030BDFFF7D0BC022973B505460C46BB
:1073C00003D00024204602B070BD0521FEF741FC29
:1073D0000028F6D0E2F73AFF1B28F2D94FF400401C
:1073E000E4F71AF90028ECD106F0D2F90646002895
:1073F000E8D0284601A9FEF7A1FC314628469DF8B1
:107400000630BDF80420E5F729F80028D9D1012479
:10741000D8E730B190FAA0F00123B0FA80F08340B1
:10742000D8B2704770B50646FEF78BF880F040047E
:1074300002060546C4F3801406D408213046FEF740
:107440001DFC08B144F00204EB0506D40B213046C4
:10745000FEF714FC08B144F00404204670BD2DE989
:10746000F843044691460F46FEF76BF8C0F340150B
:107470002046FEF70AFB214680462846FEF750F8D4
:10748000494606462046FEF7C3F898F801103846EC
:1074900001F00F0100F0F4F9062814BF01460021A5
:1074A0002A462046FEF795FA21462846FFF712FCA9
:1074B00020212046FEF74AF856E8003F43F4805367
:1074C00046E80032002AF7D1BDE8F883F8B50E4649
:1074D00004461546FEF735F8032EC0F340170DD0CD
:1074E000042E16D0012E12D122212046FEF790F84C
:1074F00038462146FFF71EFC0020F8BDEAB2002105
:107500002046FFF7ACFF21463846FFF713FC012069
:10751000F3E70C22F3E7012910B504460BD1FEF77F
:1075200010F82146C0F34010FDF7FAFF0022817CDD
:107530002046FFF794FF012010BD2DE9F7430F46C9
:107540000546FDF7FEFF00F02009C0F3401828466D
:10755000FEF79BFABB790C333B445E789B781E4068
:107560000378C3F3030000EA13103040FFF751FF24
:10757000044648B9B9F1000F06D12846FFF752FF7B
:107580003040FFF746FF04462846FEF781FAE5F74C
:10759000E1FEA04223D01CB302212846FDF7E9FFFB
:1075A000002106462846FEF70BF918213846FFF75A
:1075B000D0FA3846E4F764F9B6B2394644708470BC
:1075C000A0F803602846FFF7C2FA23462246294660
:1075D00040460096E4F77CFF03B0BDE8F08300244A
:1075E0002646E2E770B504460D46FFF7D3FB28B9FF
:1075F00029462046BDE87040FFF79FBF4028294636
:107600002046BDE870404FF0160314BF2A22232203
:10761000FFF7B3BA38B505460C46FDF792FF83066F
:1076200004D42046BDE83840FAF712BD214628466A
:10763000BDE83840FFF781BF73B58C7906460C343E
:107640000C440D46FDF77DFFA278C0F34010032ADD
:1076500014D0052A28BF00226378032B10D0052BF5
:1076600028BF0023B4F8031000913146E4F730FF3F
:10767000284602B0BDE87040FAF7EABC0022EBE70A
:107680000023EFE708B58B790B441B7B162B03D047
:10769000172B05D0002008BDFFF7A4FF0120FAE753
:1076A000FFF7B8FFFAE708B58B790B441B7B162B65
:1076B00003D0182B05D0002008BDE4F733FF0120CC
:1076C000FAE7FFF7B9FFFAE770471FB54A1E042A29
:1076D00003460C465FD8012902D1008804B010BDD2
:1076E000022905D100885B88984238BF1846F5E723
:1076F0004A00014601A805F0B6FA032C07D1002381
:10770000ADF80A304FF6FF73ADF80C3001E0042CF1
:10771000F8D0BDF80620BDF80430934284BFADF820
:107720000630ADF80420BDF80A30BDF80C209342B5
:1077300088BFADF80A20BDF80A2088BFADF80C302C
:10774000BDF80430934288BFADF80A30BDF806207A
:10775000BDF80C309A4288BFADF80630BDF808205D
:10776000BDF80630934284BFADF80830ADF806206E
:10777000BDF80A30BDF808209A4288BFADF808303D
:10778000BDF80820BDF806309A4238BFADF8083081
:10779000BDF80800A2E74FF6FF709FE7830705D406
:1077A00010F0040F14BF032001207047022070471F
:1077B000012804D0022804D030B9E6F73FBAE6F732
:1077C0002DBA0020E5F7A6B8704710B1012803D004
:1077D00070470120E5F79EB80020FBE7F7B51F468C
:1077E0008B1E012B05460C46164613D8FDF79DFA55
:1077F0000023CDE90005F01A18BF01201A463946CA
:10780000FDF7A3FA80B1022C0BD12846E3F72AFE3C
:10781000002004E00029F8D0012902D0FF2003B0A5
:10782000F0BD2846E3F762FE0120F8E770B50D468B
:1078300000219DF810600446817106F10C0141732E
:10784000111E18BF012103F00F00237B40EAC11075
:1078500003F04003184320732B469DF8141004F1E5
:107860000E00FFF7BBFF237B0E3660F386132373F6
:107870002B686361AB882383A3793344E37170BDC4
:10788000022808D0042803D0012818BF062070471A
:1078900001F00101C81C704708B5E6F7E5FFBDE837
:1078A00008400020E7F708BAC94350E8003F0B4002
:1078B00040E80032002AF8D17047E8F795BB0A2863
:1078C00002D80130C0B27047242801D80230F9E74D
:1078D000252805D0262805D0272818BFFF20704767
:1078E000002070470C20704708B5E6F75FFDBDE843
:1078F00008404FF00060E8F7B9BD08B5E8F77AFB3B
:1079000020B1BDE808401020FFF7EEBF08BD70476A
:107910007047704770477047002070477047704746
:107920007047704770471046194670470020002185
:10793000704704F0C3BCF3F71BB804F077BD08B57B
:10794000E6F736FF20B1BDE808400420FFF7CCBFC2
:1079500008BD10B504460846E5F71EFDB4F9082039
:10796000824203D02081E7F7ADF9608110BDF0B508
:1079700087B00D4616468DF8070002B9A3B3294615
:107980009DF80700FDF7E7F90446B8B929469DF8C8
:107990000700FDF7E6F940BB16B39DF80710003964
:1079A00018BF012128460DF10F02E7F7A7FBF8B930
:1079B0009DF80F40013418BF012416E004AF0122E6
:1079C00039460DF10700FDF7CAF904464EB19DF89E
:1079D0000730191E18BF0121002818BF3D46E1E7F6
:1079E0000124FDF7A5F900B90124204607B0F0BD38
:1079F0004FF0FF34DEE7CB08C25C012301F0070142
:107A00008B401A4214BF0120002070477047704716
:107A1000024619460020E7F74FBA002070470020C1
:107A2000704707B500214FF0FF336A4608460093C0
:107A30008DF80430E7F7E4FB03B05DF804FB38B5DC
:107A40000546006805F072FB0446287900F01F0027
:107A500005F06CFB2044C0B2012894BF0020012037
:107A600038BD70477047914270B50D4614461E46AA
:107A700009D2FFF722FF641B013490FBF4F303FBF0
:107A800014000544ACB23480FFF717FF338801338C
:107A9000B0FBF3F202FB1300049B188070BD70472B
:107AA0007047012810B50C4607D002280DD088B9C0
:107AB000BDE810400846E7F777BCE5F7FDFB8442D8
:107AC00008D1BDE81040E6F7CFBE0846BDE810403B
:107AD000E7F752BD10BD002337B505460C4601A897
:107AE00041210193E6F748FD019830B1E5F75EF9D1
:107AF000072805D001A805F087FC002003B030BDA1
:107B00002A4620460199E7F7E3FDF7E7042810B578
:107B10000C4608D10320FFF7DEFF40B92046BDE840
:107B20001040E7F729BDBDE81040E8F79FB910BD48
:107B3000032838B504460D460ED0042810D0053869
:107B40004FF0010118BF0120E4F7D8FF2946204675
:107B5000BDE83840E8F78AB9BDE83840E6F7FAB83A
:107B6000FFF7B9FF10B92846E7F706FDBDE8384032
:107B700001210846E4F7C2BF70470120704713B5E2
:107B80000C4601A9E0F744FC10B9019BC4E90030A0
:107B900002B010BD08B5202000F0ABFE003818BFC1
:107BA000012008BD08B5FFF7F5FF20B1BDE808408A
:107BB000202000F0A6BE08BD73B506460D4614464B
:107BC000D2B100F093FEA84218D8304600F0A3FED0
:107BD00001460190A0B100232A46204605F00AFC88
:107BE00001A805F011FC2246022052F8041B00F007
:107BF0003FFE002002B070BD2220FBE72120F9E704
:107C00002D20F7E708B5F9F74FFF08B1012008BDAF
:107C1000E0F7DEFBF9F750FF0028F7D1EBF748F863
:107C2000003818BF0120F2E708B5E8F779FB002813
:107C30000CBF0420012008BD0020704730B5044669
:107C4000154687B00846FEF701FF122200210DF10C
:107C5000060004F0D8FFA368ADF804500293E3686F
:107C60000393E38BADF81030238CADF81230FFF79F
:107C7000E3FF029B8DF8140043F41053029300F0CD
:107C8000A6FD18B1029B43F00403029301A8E3F799
:107C9000D5FC10F0FF0516D1A38C0DF10201ADF853
:107CA0000030E38C6846ADF8023000F01FFDE8F7C5
:107CB00027FCFEF7C9FE012104F00AFAEAF7C6F82C
:107CC000284607B030BD40F20C40FAE7E8F728BC80
:107CD000C160704741EA002008B540F49020FCF7ED
:107CE0008CFA014640B110F1880F05D0BDE808407C
:107CF00040F20740ECF7BCBF08BD0120704770B5EB
:107D00000C46064611461D46E8F7D2FC58B144EA37
:107D100006206FEA40406FEA50402A46BDE87040B6
:107D200080B2E8F719BC40F2064070BD8379014685
:107D30001A0703D506220020E8F74ABD9B0602D5A4
:107D400006220120F8E74FF0FF3070478379532B6C
:107D500001D1E8F76FBDFFF7E9BF70B506461446DD
:107D60001D46E8F7A5FC10B90024204670BD41EA85
:107D700006206FEA40406FEA50402A46214680B212
:107D8000E8F708FC0028F0D0EEE710B5EBF7CAFCE6
:107D9000044628B10124204610BD436ADB06F9D40D
:107DA000EBF78EFA0028F8D1F5E70020704753284A
:107DB00038B505460C4604D1BDE838400846ECF716
:107DC000DBBF0620FAF7DAFA68B96379142D03F0FD
:107DD0003F03637104D0722D08D163F03F036371D8
:107DE0000020A57138BD40F20740FBE72120F9E7EC
:107DF000002303608380837170471FB550F80C4BDC
:107E0000ADF80A3094F87040069BADF806108DF876
:107E1000082040F2035101AA8DF80440039305F0B5
:107E200028FA10B906A805F0EFFA04B010BD2DE944
:107E3000F0414FF0000886B004460E461546CDF8D6
:107E40000C8000F1440712B303A805F0DDFA3846B0
:107E500005F0DAFA84F81C800023324600931821DA
:107E60002B46204600F0CDFE05F58855204650F8FB
:107E70000C3B40F2055193F8703004AA8DF8103095
:107E8000059505F0F6F9002006B0BDE8F0814369DC
:107E90001A0710D4A846384605F0D4FA03460390D2
:107EA000C0B903A805F0B0FA384605F0ADFA0023D2
:107EB000237755B1D0E723F00803436103A805F009
:107EC000A3FA384605F0A0FA2577204600F015FF02
:107ED0000025CBE79979204601F10C021A44B2F84B
:107EE00001600531B2F803209971314601F097FD28
:107EF000CDF80C800028CED00546D2E72DE9F84F0A
:107F00000E4691469A4605469DF828B010B1037C6E
:107F1000012B60D0284601F09EFA304601F015FC96
:107F2000002231468046284601F07FFC0746304655
:107F300001F001FF42F6052398421CD118F0300FE2
:107F400026D1BBF1000F33D018F0200F3FD0BA0775
:107F50003FD5EB8B002B38D153464A463146284655
:107F600000F0FDFE0446E8B940F20A412846EE83DF
:107F700001F07FFA16E0284601F022FB0028DDD050
:107F8000284601F032FB0028D8D041F2121409E053
:107F9000B907D6D03146284601F0E3FC0028D0D0FE
:107FA00000F58854284601F05BFA2046BDE8F88FBA
:107FB00018F0100F0BD0FB070BD553464A4631463D
:107FC000284600F0A9FE0446ECE70524EAE7212450
:107FD000E8E70224E6E70724E7E72DE9F047002574
:107FE00086B09DF8389090F81CA004460F46904645
:107FF0000F9E0577B9F1000F09D00A464B4651464E
:10800000009600F0FEFD284606B0BDE8F087BAF104
:10801000080FADF8169026D145893246043DADB221
:108020009D424FF002014FF00900A8BF1D4600F02D
:1080300079FD0222814605A93046ADF8147005F09D
:10804000A5FC2A464146304605F0A0FC0546831CA7
:108050003146204689F80130EAF7CEFFADF81650D8
:10806000BDF81600D0E7BAF10A0F0DF116020CBFE9
:108070000B210D21CDE9016200930122434600F05E
:10808000E4FD1A28ECD111233A4651462046CDF89A
:108090000090ADF8169000F0B4FDE1E7F0B50025D2
:1080A00089B01746012204460E460393ADF81650D8
:1080B00001F0EAFB8DF81500002846D1304601F0AA
:1080C00060FA10B1304601F01CFB304601F04DFB68
:1080D000B8B103A805F098F9204650F80C2B237F7F
:1080E00092F8702040F202518DF8182006AAADF8DF
:1080F0001A608DF81C30ADF81E7005F0BAF809B0A2
:10810000F0BD0DF115030DF116023146204601F0C8
:1081100058FC9DF8153002465BB9BDF81630BB42DD
:1081200035BF0723DB1B8DF81530D21928BFADF8FA
:108130001630039B314601939DF81530204600937D
:10814000BDF81630FFF749FFD9E72A46F1E770B5C9
:1081500004460D46164601F014FA40B933462A4645
:10816000214601F05CFC08B100F5885070BD41F279
:108170000310FBE71FB550F80C4BADF80A3094F82C
:108180007040069BADF806108DF8082040F20151B2
:1081900001AA8DF80440039305F06BF810B906A806
:1081A00005F032F904B010BD1FB550F80C4BADF816
:1081B0000A3094F87040BDF81830ADF806108DF80C
:1081C000082040F2045101AA8DF80440ADF80C30AB
:1081D00005F04FF804B010BDF0B5122785B003923A
:1081E0000777022205460E4601F04EFB044668B1B1
:1081F00003A805F009F900232B77002332460093EA
:1082000012212346284600F0FCFC0FE0039A30467A
:1082100093790333937101F0A8FA48B1039B3A466E
:108220000093314623462846FFF7E7FD05B0F0BD31
:1082300042F6293001F0E6FCB04220D1039830B973
:1082400003A805F0E1F800230D242B77D5E705F00E
:1082500060F980B20128F3D1039B28469A79134430
:10826000197B01F0E8F9044603A805F0CDF80023D6
:108270002B77002CC1D1284600F006FDD6E7224618
:1082800031462846039B01F0CAFB0446EFE72DE97F
:10829000FF410392042204460D4601F0F5FA074619
:1082A00028B103A805F0B0F804B0BDE8F0814FF0A4
:1082B0005208039A284693790333937184F81C80FB
:1082C00001F053FA064640B1039B4246009329460B
:1082D0003B462046FFF791FDE6E742F6293001F0E4
:1082E00091FCA842039B0BD19A7920461344197B39
:1082F00001F0A1F903A805F087F800232377D3E75D
:1083000032462946204601F08AFBF6E72DE9FF4177
:108310008B7904460C330B44B3F801700E46384693
:10832000B3F8038001F009FA002858D00222394638
:10833000204601F0A9FA0546E8B9384601F015FAD9
:1083400068B116222277B37939460533B3712046D6
:1083500043460096FFF751FD04B0BDE8F081F9F700
:108360001FFE33461B680135EDB2002BFAD10635EE
:10837000A8421DDC092504F1440005F045F82B4610
:108380003A4616212046009600F03BFC092DE3D129
:10839000204650F80C3B40F2055193F8703002AA89
:1083A0008DF8083041F20913039304F062FFD3E71C
:1083B0000121304605F0B5FA01460028DAD004F173
:1083C000440005F008F9B37942460533B3713946E4
:1083D0003346204604B0BDE8F04100F064BC0125FE
:1083E000C9E713B5044641B9443005F00DF82046FD
:1083F00002B0BDE8104000F080BC1822436902774B
:1084000013F0080306D0002319460093FFF7F5FC8C
:1084100002B010BD1A46194602B0BDE81040FFF781
:1084200006BD7FB5C58B04462DB342F6052001F08D
:10843000E9FBA84207D10021204601F0DDF863697D
:1084400023F001036361002640F20A41204601F057
:1084500016F829460DF10E022046ADF80E6001F027
:10846000E4F9BDF80E200346009229460222204678
:10847000FFF79AFEE68304B070BDF7B504461F46C9
:108480000E46154600F0E7FF237C012B58D0237FD2
:10849000182B2CD063691B0713D5217F16292DD0EB
:1084A00008D8122914D00225204600F0D9FF28460A
:1084B00003B0F0BD18291AD05229F4D10023237734
:1084C00013E0304601F051F90028E6D12125EBE711
:1084D0000023237735B1009332462B46204600F027
:1084E00090FB02E0204600F0CFFB0025DCE72A46A7
:1084F00031462046FFF79BFC0546D5E7002323774E
:10850000002DE8D105211720BDF82430089A0095E8
:1085100000F02CFB20B91123324612210095DDE733
:1085200000F0E1FA6269034642F008026261827972
:108530003146053282713A46204600F0B4FBD4E75A
:108540000725B1E72DE9F041054688B042F6052040
:1085500001F058FB064604A8EBF7D6FC102205F103
:1085600021010DEB020004F024FB50B1012128464B
:1085700001F042F8284601F0F7FB6B6923F0010394
:108580006B6142F60303022003A9ADF80C30EBF750
:1085900003FE012407464FF0000820463A464FF6F6
:1085A000FF7101F0F4FA044610B908B0BDE8F0819B
:1085B00001F0C3F80134A4B20028EED0A64203D1E2
:1085C00031462846E8F768FD214628460DF10E029F
:1085D000ADF80E8001F029F903460028DDD0BDF882
:1085E0000E202146009228460122FFF7DDFDD4E748
:1085F00008B5EBF777FC0020E9F7DCF9002008BDAF
:1086000010B90120E9F7CABA70470220E9F7BCBAED
:108610000020E9F7B9BA38B50C460546E2F7DAFCAE
:108620004379C47523F0030343F003034371092323
:10863000837104F10C03C371A0F81550153038BDD7
:108640002DE9F3410D4616468046E2F7C3FC05F1DD
:108650000C03C3714379044623F0030343F003037F
:108660004371092301908371A0F8158000F115076B
:10867000304604F04EFF33460544E5753BB901A88A
:10868000314604F0A8FF384602B0BDE8F0815A79BF
:1086900022F0030242F002025A711B68EEE708B5AD
:1086A000E2F79EFC83790C33184408BD08B5E9F75E
:1086B000C3F9ECF709F9E8F7F7FBEBF7E7FABDE8E0
:1086C0000840FFF7A5BF38B505460C46E9F760FB43
:1086D00028B928462146BDE83840F9F769BB284645
:1086E0002146F9F765FBFFF790FFEFE773B50E46FC
:1086F00005F0F4F9044600BB42F6072001F082FAC7
:108700000546D0B10A22B6F900300021002BCBBFBC
:108710000533053BB3FBF2F393FBF2F35BB28DF849
:10872000073001230DF10702184605F05CF900221D
:1087300003462946104601F072F9204602B070BD8A
:10874000430803F05503C01A00F03303C0F385005B
:1087500000F03300184400EB101000F00F007047D9
:10876000002110B5421D441E14F8010FFFF7E8FF69
:1087700094420144F8D1084610BD0078EAF7BCBC29
:1087800013B50C460DF107020DF1060100F0D1FB07
:1087900030B19DF80600031B5842584102B010BD8D
:1087A0000120FBE77047EAF7A7BF704708B5EBF772
:1087B00041FE002008BDECF7E9B9EAF76FB8704751
:1087C000704770477047E7F791BF704770470020C8
:1087D0007047704770477047F8B504460F46164615
:1087E00013680A461D0A0021043504F00CFAEDB2A4
:1087F00021222046394604F055FD2046294604F042
:10880000DAFDA27933681444E360F8BD704770471D
:10881000704770477047704702464FF482712020BE
:10882000FFF7CAB9014608B500F03800EAF778F951
:1088300078B1D0E901324078C1F3074110F0020F5E
:1088400008BF1346043B53F8040F10B102788A4264
:10885000F9D108BD38B505460C4604B938BD013C10
:1088600055F824301B69002BF7D09847F5E770477F
:108870007047F8B543780546DB0701D4EAF78EF96F
:1088800000266B786F6823F00C0343F002036B70D3
:1088900057F826402CB9202005F10C01F9F722FCED
:1088A0000FE0A3680136002BF2D098470446002859
:1088B000EED031463846FFF7CDFF6B7823F0020348
:1088C0006B702046F8BD4078C0F340007047437895
:1088D00013F00E0F0CBF01200020704710B5EAF70F
:1088E000C7F90446EAF7DCF9204610BD4FF4827060
:1088F000704708B5EAF714F9C068003818BF0120BE
:1089000008BD08B5EAF70CF920B1BDE80840C06819
:1089100004F0ABBD08BD38B5EAF702F9044650B122
:10892000F9F7C4FE054604F10C0004F08BFD044683
:108930002846F9F7C1FE204638BD37B58379019046
:1089400003440446D86800F03800EAF7E9F8054621
:1089500028B901A804F058FD022003B030BD20461C
:1089600004F05CFDF9F7A2FE0446019905F10C0044
:1089700004F031FE2046F9F79FFEE7F7DFFC002008
:10898000EBE72DE9F04104461F462502C4F3072317
:1089900005F4E06524F47F441D4324F0C704EE1978
:1089A00044F080048B7944EA16243602B6B20C33C4
:1089B0003443084601EB0308CC501146FFF7BDFFD6
:1089C00020B94544EF704046BDE8F0814FF0000803
:1089D000F9E7427810B50432044601F00400D2B23F
:1089E000002140F0290004F094FF18B18379226837
:1089F0000344DA6010BD10B50021FFF7EAFF04461A
:108A000008B9002010BD0179FFF797FF0028F8D1C1
:108A1000A3790C33E018F5E72DE9F04117461A4623
:108A2000036801F004011C0204F4E064C3F30723AB
:108A30001C4341F02905043406463B46214628469E
:108A400004F0D1FF804650B1E1B204F01DFD3B4679
:108A50002A4641463068BDE8F041FFF792BFBDE8C5
:108A6000F0812DE9F341002401F004010768064676
:108A700041F02905106829461460019004F0CEFCED
:108A8000019804F046FD390201F4E061C7F30727BD
:108A9000394380460122043101A804F0B6FE30B10A
:108AA00001A804F0B1FC204602B0BDE8F0814346C5
:108AB0002A4601993068FFF764FFF5E7A0F86E10C9
:108AC000704701238B4090F87110194380F87110A2
:108AD000704708B50120F9F77BFAC0B208BD837969
:108AE0000C33184470471438704710B50446A1F190
:108AF000140004F00EFD201A20EAE07080B210BDD0
:108B000070B51C460D461646FFF7EFFFA04207D38F
:108B100022463146A5F1140004F038FF012070BD53
:108B20000020FCE770B506460D4614467AB90A46A1
:108B30002046082104F0EDFE044690B92A4608219B
:108B4000292004F0E6FE044658B9204670BD1046C0
:108B500004F05AFC204604F00FFE08231D44A371C4
:108B6000E571A3790C331C442670EEE72DE9F04142
:108B70001646069A074688461D46FFF7D3FF044669
:108B8000F0B114382A463146069004F0FFFE8542C3
:108B900017D9069B06A81C7904F0200404F034FCC5
:108BA00074B942460821292004F0B3FE2A46314612
:108BB000069004F0EBFE854206D906A804F024FCDA
:108BC00000242046BDE8F081069A93790C33D4182E
:108BD000D754F6E711B11439EAF70EBA1A207047E4
:108BE00038B5002204460D4602200321FFF79AFF04
:108BF000014608B1A0F801502046BDE83840FFF713
:108C0000E9BFF8B504460F46164605210120069A2D
:108C10001D46FFF787FF014638B147704680057152
:108C20002046BDE8F840FFF7D5BFF8BD38B50D4682
:108C3000032104460846FFF775FFA0F801500146DE
:108C40002046BDE83840FFF7C5BF73B50546084666
:108C500011466C891A46641ABDF81830A4B29C42B9
:108C600028BF1C46079B089E00932346FFF77EFF04
:108C7000014630B12846348002B0BDE87040FFF7AD
:108C8000A9BF1A2002B070BD012110B50022044610
:108C90001320FFF747FF014620B12046BDE81040F2
:108CA000FFF798BF10BDF7B54489054618460F4633
:108CB0001646019304F02DFC053CA4B2844203DA6D
:108CC000011B01A804F0C7FC0521019804F064FD14
:108CD000014628B901A804F097FB1A2003B0F0BDA3
:108CE00083790C33C2181720C8542846A2F80170A3
:108CF000A2F80360EAF780F9F0E7012110B500223D
:108D000004461920FFF70EFF014620B12046BDE8BA
:108D10001040FFF75FBF10BD73B50E4600214489B8
:108D20000546033CA4B2A342009128BF2346032179
:108D30001B20FFF71BFF014670B1012210F80F3C0A
:108D4000A0F8016062F3071300F80F3C284602B058
:108D5000BDE87040FFF73EBF1A2002B070BD73B58A
:108D60000E46002144890546033CA4B2A34200916B
:108D700028BF234603211D20FFF7F8FE014638B126
:108D8000A0F80160284602B0BDE87040FFF722BF9E
:108D90001A2002B070BD4B88042B07D1836C088861
:108DA0005B8998428CBF00200120704700207047EB
:108DB00010B50446806920B10021EAF759F8002374
:108DC000A36110BD07B501228DF807100DF1070151
:108DD00004F0DCFD03B05DF804FBF7B505464FF485
:108DE00028500C4600F00EFF064600F0A6FCB0B37B
:108DF000022C02D8002003B0F0BD002731460DF14F
:108E000005030DF106023846ADF8067000F0D9FDF5
:108E1000BDF80620631E934206461EDC072C1AD9B5
:108E2000023CADF806400824BDF80630002BE1D026
:108E30000133D9B22846FFF7C5FF21462846FFF780
:108E4000C1FF31462846BDF8062004F09FFDBDF85D
:108E500006000230CFE7ADF806700924E4E74FF0D2
:108E6000FF30C8E702292DE9F34104460D461746B5
:108E7000184603D8002002B0BDE8F08100F0C2FE21
:108E8000064600F05AFC0028F4D04FF000083146A6
:108E90000DF105030DF106024046ADF8068000F025
:108EA00090FDBDF80630BDF820200646934228BF4D
:108EB0001346AB4228BF2B469DF80500ADF806309F
:108EC000C0B9002BD7D001339AB29542D3D9D9B2C9
:108ED0002046FFF777FF39462046FFF773FF3146FC
:108EE0002046BDF8062004F051FDBDF80600023012
:108EF000C0B2C0E74046BEE707B501A9EAF75EF990
:108F000030B9019B586AC0F3C02003B05DF804FB80
:108F10000020FAE7002008B5EAF7D2F908B9FF20E7
:108F200006E0C37B012BF7D1436ADB06F4D500785A
:108F300008BD73B50E4601A91546EAF73FF990B989
:108F4000019A546A14F010030FD0C4F30034347043
:108F5000D37B5A1E042A02D8D81E18BF01202870BD
:108F6000012002B070BD0020FBE71846F9E738B5D4
:108F7000436A04465B0705D5002300781A46194664
:108F8000EBF780FC636A9D0706D52046EAF72AF9CD
:108F9000636A23F002036362636A18070DD52146F2
:108FA000E27911F8010BC2F3C002EBF709FC0546A8
:108FB000E8B9636A23F008036362204600F024FAEC
:108FC0000546A0B9626AD10611D5D30404D520465E
:108FD000FEF7EBFE40B11BE01206E37B09D4E37B16
:108FE000626A023B012B15D9616A48071FD42846E3
:108FF00038BD03F0FB03012BF6D021692078EBF795
:1090000005FC636A256123F0800363620028E6D0D3
:109010000546ECE7D305E7D561692078EBF714FC4A
:1090200000236361636A23F480736362D2E7E37BA6
:10903000A28D012B03D1A2B1802A28BF802211F07A
:10904000400F94F830304FF0010118BF0123207811
:10905000EBF718FC0028DBD1636A23F0040363629A
:10906000C5E74022EBE7F7B50E4601A91546EAF73A
:10907000A5F8F8B9019C2F689EB904F1100004F01E
:10908000C3F9606A276140F080000023606210F03D
:1090900010002B600ED0204603B0BDE8F040FFF773
:1090A00066BF04F1140004F0AFF9606A676140F430
:1090B0008070EAE703B0F0BD37B50D4600210446E5
:1090C00001915BB92046294601AAFFF7CCFF04466F
:1090D00001A804F099F9204603B030BD084604F019
:1090E00082FC01900028EDD11A24F4E7002010B58D
:1090F000EAF7E6F8044600B910BD636ADA060BD554
:109100005B0409D42046E9F7C3FF636A204643F0B5
:1091100006036362FFF72BFF2046E9E713B50C4611
:1091200001A9EAF74BF850B9022C07D802462146AC
:10913000019802B0BDE81040EAF7E6B8212002B07D
:1091400010BD13B50C4601A9EAF738F860B96307FA
:109150000CD0019B93F83120A24205D05A6A83F8C3
:10916000314042F002025A6202B010BD2120FBE7FA
:1091700090F8393037B55B0704460D462AD4E9F735
:1091800087FF6B1E042B14D8032D12D0E379142B08
:1091900022D0A3696BB96846FEF72AFEE7F7FEFE08
:1091A0006946E9F7DBFD18B91A25284603B030BD3A
:1091B000A061636AE57343F016036362E7F794FE08
:1091C0002046FFF7D4FE05460028EED02046FFF7E4
:1091D000EFFDEAE70225E8E72125E6E707B501A963
:1091E000E9F7ECFF30B90198C17B03B05DF804EBFF
:1091F000FFF7BEBF03B05DF804FB37B50C4601A90D
:10920000E9F7DCFF18B9052C019D02D9212003B034
:1092100030BD286904F07DF91F28F7D8686904F08B
:1092200078F91F28F2D8012CF0D0231F012BEDD99B
:10923000214628466B6A23F482536B6203B0BDE873
:109240003040FFF795BF13B501A9E9F7B7FF78B92B
:10925000019C636A204623F0500343F004036362D9
:10926000FFF7A6FD204602B0BDE81040FFF77FBE25
:1092700002B010BD37B5FFF74DFEFF28044613D0EE
:1092800001A9E9F79BFF78B9019D6B6A284623F095
:1092900010036B62FFF78CFD204605F1340103B02B
:1092A000BDE83040E8F732BE03B030BD002337B52B
:1092B00080F8723040F6FF73A0F86E308368044681
:1092C000DA040D46C16010D443F480636A46A3609B
:1092D00040F203212046CDE9004503F0CAFF0021FA
:1092E0002046E9F7C5FD03B030BD90F87600FFF7E2
:1092F00075FFA36823F48053E8E773B56E46044610
:109300004A7930460D460631E7F78CFE96E80300B1
:10931000A4F85010090C11F0800FE06484F852108A
:1093200004F1530312D00122184605F11201E7F7A8
:1093300079FE0C352846FFF713FA28B10122294699
:1093400004F15A00E7F76EFE02B070BDB4F8501099
:1093500094F85220C4F8530099809A71E9E71FB538
:1093600090F87420044602F0010301908DF8083053
:109370000BB102F002038DF8093094F875302046E5
:109380008DF80A30039101F0FAFB4FF4017101AA44
:10939000204603F06EFF2046E9F7F6FD04B010BD4D
:1093A00010B50446E7F7FAFD2146BDE81040E9F79D
:1093B000D5BCE9F735BDFFF78CBB0A460021EBF7BA
:1093C0004DB813220121EBF749B8826838B5C2F3D2
:1093D00080320446B0F86E000D46EBF7E5F820B990
:1093E000A3681DB143F40053A36038BD23F40053B8
:1093F000FAE783791A0705D413F0100F0CBFFF208A
:1094000001207047002070470020704710B50446C7
:1094100060B1806C50B1EAF747FCA06C0028FAD12B
:109420002046BDE810400321E9F722BD10BD438965
:1094300007B58B420CD050F80C2B40F2014192F84A
:109440007020ADF806308DF8042001AA03F011FF5A
:1094500003B05DF804FB436943F0040343617047C4
:10946000436923F00403436170474069C0F38000FF
:10947000704747F2305300220068F8F75BBC006881
:1094800003F086BE38B5436904469B070D4603D5F5
:1094900040F20941FFF7F3FFE9F7CCFD08B1A369FA
:1094A0001D702046BDE8384040F20941FFF7E1BF9A
:1094B00007B5027C012A09D00122027440F2094258
:1094C000914206D040F20A4291420ED003B05DF8BC
:1094D00004FB4FF4816150F80C3B01AA93F8703003
:1094E0008DF8043003F0C5FEF0E750F80C3B01AAFC
:1094F00093F870308DF80430F4E738B522F000436B
:109500000D46114640F20322934204461AD0B3F5A9
:10951000017F09D240F20122934213D040F202228D
:10952000934209D0002038BD6FF481621344012BAF
:10953000F8D8FFF7BDFFF5E700F020F92046FFF768
:1095400001F8EFE763699B0704D540F20941204623
:10955000FFF795FF2846FFF759FFE3E708B5E9F75E
:1095600049FC00B1806C08BD08B500B10068E9F79E
:109570004FFC08B9034602E0836C002BF7D0184675
:1095800008BD10B5044642F62A3000F03BFB031B31
:109590005842584110BD022806D142F62A330888A5
:1095A000C31A5842584170470020704710B504460E
:1095B00042F6293000F026FB031B5842584110BDEB
:1095C00090F8200000F0010070471FB5044668467F
:1095D000EAF79AFC1022694604F1210003F0E9FA47
:1095E000B0FA80F0400904B010BD08B5FFF7EDFFF8
:1095F000B0FA80F0400908BD70B5044600F12105BD
:1096000091B92846EAF780FC236893F97500E7F7DB
:109610004FF878B120682B46BDE8704010220D212C
:1096200090F97500FEF76BBB10220021284603F06D
:10963000EAFAE9E770BD38B50446002390F8202027
:1096400041FA03F0C50703D442FA03F0C0071ED461
:109650000133082BF4D101F0010523682A4384F873
:10966000202093F97500E7F723F840B1234653F81B
:10967000200B01220C2190F97500FEF740FB0DB97B
:10968000002038BD00212046FFF7B6FFF8E7132081
:10969000F7E768B13F290AD800EBA10090F8310044
:1096A00001F003014900084100F003007047002069
:1096B000704710B50368044693F97500E6F7F8FFA4
:1096C00050B12346BDE8104053F8310B10220B2156
:1096D00090F97500FEF713BB10BD10B590F874300B
:1096E000DB0706D490F97530013314BF0F20052035
:1096F00010BD847CEBF712FA844234BF0C200020AA
:10970000F6E730B5044685B06846EAF7FDFB102160
:10971000684604F07DF92046EAF708FE6B46C26809
:1097200004AD06321C4603CCAC42106051602346A7
:1097300002F10802F6D105B030BD08B5EAF7F6FD32
:1097400008B1EAF7C7FDC0B208BD013810B580B254
:10975000EAF7ECFD044608B9002010BD408800F08F
:109760007CFB0028F8D0207BF7E708B5EAF7DEFDA0
:1097700018B1007AC31F5842584108BD70B505465C
:1097800055F8213B044693F97500E6F791FF20B99F
:109790002846BDE87040EAF7B7BB234653F8310BC3
:1097A00010220B2190F97500FEF7D7FA234653F8E3
:1097B000200B01220C2190F97500FEF7CEFA2068EB
:1097C0002B46BDE8704010220D2190F97500FEF780
:1097D000C4BA01302DE9F04185B228460E46EAF7B9
:1097E000A5FD42F60217044642F603089CB1204646
:1097F000EAF770FD78B1204600F03EFBB84205D193
:109800000EB123883380607BBDE8F081204600F0F4
:1098100033FB404502D14FF0FF30F5E70135ADB2E3
:109820002846EAF783FD0446E0E72DE9F0470746BE
:109830000E4690460D4642F6021942F6030A0135DD
:10984000ADB22846EAF772FD044678B1EAF742FD68
:1098500060B1204600F010FB484505D1237A072B64
:1098600004D10320BDE8F0875045E8D14146304699
:10987000FFF7AFFF431C014604D03846BDE8F04770
:10988000FFF707BF0020EDE770B50546084616460E
:10989000EAF74CFD044608B9012070BDEAF71AFD4D
:1098A0000028F9D0F00713D4B10734D4720702D5D9
:1098B000A3885B0732D516F0060F31D116F400608D
:1098C000EBD0A38813F4006F14BF00200620E4E758
:1098D000A388DA0743D513F0700F0AD1980610D485
:1098E0005806E1D52B6893F975300133DCD1082097
:1098F000D3E72868FFF7F1FEA388990608D500286A
:10990000CBD12A6892F874209207E9D40520C4E7E5
:109910000028C2D1E4E7A3889907C7D40320BCE795
:10992000A38813F4E06F09D198050FD45B05C5D562
:109930002B6893F975300133C0D1D8E72868FFF759
:10994000CCFEA388990507D50028A6D12A6892F8ED
:1099500074209207EAD4D9E700289ED1E6E70220D6
:109960009BE738B504460846EAF7E0FC054608B927
:10997000012038BDEAF7AEFC0028F9D0AB8813F41B
:10998000E04F0CD1980412D413F48040F1D0236836
:1099900093F97500431C58425841C000E9E720681C
:1099A000FFF79BFEAB88990408D50028E1D1226817
:1099B00092F874209207E7D40520DAE70028D8D17E
:1099C000E2E72DE9F0474FF00009044683F80090E4
:1099D0000846A2F80090884616461D46EAF7A6FCFF
:1099E000074620B9012300202B70BDE8F08774B131
:1099F000EAF770FC0028F5D04046FFF7D7FD30B1FC
:109A0000012385F8009004F120003380EDE72B4618
:109A1000324639462046BDE8F047EAF701BA2DE95B
:109A2000FF4107460846884616460393EAF77EFC40
:109A3000044638B903A803F0E7FC0125284604B022
:109A4000BDE8F0811FB1EAF745FC0028F2D0237A87
:109A5000072B05D8DFE803F017262F381C1717212E
:109A600026BB0398002835D13246257A022D62D0D4
:109A7000032D64D0012D3BD0002F7FD1002503A8FA
:109A800003F0C2FCDAE703A803F0BEFC0325D5E728
:109A900003A803F0B9FC0625D0E703A803F0B4FC43
:109AA0008025CBE7E3685D88B54209DA03A803F0B7
:109AB000ABFC0725C2E7E3689A88B242F6D35D881B
:109AC000039840B9024609E0022EEFDC039868B91A
:109AD0000246CAE7354603F01CFD82B29319AB4239
:109AE000C3DD03A803F090FC0D25A7E70225F2E7EC
:109AF000E068063000230399304403F07BFC002F1C
:109B0000BCD0237A032B39D103A803F07DFC0021BC
:109B10002046EAF7C5FB68B30588617B3846FFF746
:109B2000B8FD0122034629463846CDF80080FEF7ED
:109B30003BFB002582E7E068B3188380D9E7039BED
:109B40009A79D979891AC9B2481E012810D81344C4
:109B500002291A7B04BF5B7B42EA0322237B32EAA1
:109B600003038CD101233846617BEAF72FF9C6E75E
:109B70000D2584E708F1FF35ADB2CEE7039B4146E2
:109B80000093384633463A7FFEF7F4FAD1E788422D
:109B900070B504460D46164611D8012838BF012479
:109BA0002046EAF7C3FB10B14388B34208D0013422
:109BB000A4B22046EAF79EFB08B1A542F0D20024E9
:109BC000204670BD70B50C4616461D460146B8B11C
:109BD000B3B1022C01D0102C12D1E0B2EAF7DCFABA
:109BE0004FF6FF718842024602D141F20A1070BD61
:109BF0003046FFF7CCFF0028F7D028800020F6E79A
:109C00002120F4E7002307B50122ADF80400ADF8E8
:109C1000063002210DF1060301A8FFF7D3FFBDF8BE
:109C2000060003B05DF804FBF8B50F461646441C69
:109C3000A4B22046EAF77AFB10B9013CA0B2F8BD05
:109C400000F01AF90546304600F0F2F820B1284637
:109C500000F0EEF80028F0D1304600F0E2F820B134
:109C6000284600F0DEF80028E7D10134A4B22046EF
:109C7000EAF740FB08B1BC42DBD94FF6FF70DEE7E4
:109C80002DE9F04F9A4687B08B880D460C888146A7
:109C900004A90220ADF810309046EAF77DFAAB68CF
:109CA0000090A888AF89059300F0BBF838B1102F59
:109CB00005D105A8EAF756FA022808BF02274FF691
:109CC000FF7B33E02046009AFFF761FF064680B332
:109CD000AA886988FFF7A8FF04463046FFF72DFDE4
:109CE00000B30DF10F03314648460DF11202FFF7A4
:109CF00068FE9DF80F302BB1A8F80060184607B039
:109D0000BDE8F08FBDF81220BA420BD13A46059952
:109D1000019302F04EFF019B20B9A8F80060AAF859
:109D20000040EBE75C4504D00134A4B26988A1424D
:109D3000C8D80A23E2E708B5EAF7F8FABDE8084010
:109D400000F09AB838B505460846EAF7EFFA044637
:109D500010B94FF6FF7038BD0DB96088FBE7EAF720
:109D6000B9FA0028F9D1F4E770B5044642F60520A7
:109D7000FFF748FFB0B10021FFF72BFD0546014674
:109D80002046FFF786FC06461022002104F1310030
:109D900002F039FF324629462046BDE870400023D4
:109DA000EAF714B870BD7FB504460D4610220021B5
:109DB000684602F028FF0026AB575A1C1BD03146DC
:109DC0002046FFF766FC1946002BB8BFD91C04AA31
:109DD00002EBA10100F00302584200F0030003F07F
:109DE000030358BF43425B0002FA03F311F8102C3F
:109DF000134301F8103C0136402EDDD16B4604F1CF
:109E0000310504AE1A4603CAB2422860696013469F
:109E100005F10805F6D1204604B0BDE87040FFF713
:109E200048BCA0F5205001288CBF002001207047BD
:109E300042F60303C31A58425841704708B5030459
:109E400009D4EAF775F9A0F5205080B201288CBF3B
:109E50000020012008BD0020FCE7020408B507D45B
:109E6000EAF766F942F60303C31A5842584108BD9F
:109E70000020FCE7C00B70470346B3F9023040886E
:109E8000002B01DBEAF754B90020704708B5FFF753
:109E9000F3FFA0F5205080B201288CBF00200120E4
:109EA00008BD13B58B7904460B441B7B0A4613F09F
:109EB000010001910AD01D2B0AD101211E20FEF7BD
:109EC00031FE01462046FEF785FE012002B010BD9E
:109ED00001A803F099FAF8E710B504468069143038
:109EE00003F092FAA069BDE81040183003F08CBA74
:109EF0002DE9F0410F46144605461E46FFF7ECFFDC
:109F000023463A4608210020D5F8188003F06BFD5F
:109F1000AA69C8F81400536923B10020548116823D
:109F2000BDE8F0811A20FBE770B50446084603F04F
:109F3000F0FAA16986B28A894D8912B1521B964204
:109F40000CDA6389581E80B225B90A78082A04BF42
:109F5000043B98B2831B5842584170BD0020FCE777
:109F600030B5044654F80C0B8DB09DF8405090F875
:109F7000700042EA01428DF804001946029203A8DB
:109F80002A46079502F06FFE40F20241204601AAE0
:109F900003F06FF90DB030BD10B550F80C4B86B022
:109FA00094F87040ADF80E10ADF8102040F2064164
:109FB00003AA01938DF80C40059303F05AF910B9E8
:109FC00001A803F021FA06B010BD37B504460D46CE
:109FD000FFF782FF204640F20941FFF750FA0022C6
:109FE0002046A36940F207411A7050F80C3B6A46BC
:109FF00093F8703001958DF8003003F03AF903B012
:10A0000030BD13B501910021044601F037FB042255
:10A01000002320460DEB0201FFF76AFF02B010BDDE
:10A02000F0B504460F461E46154685B052B9836901
:10A030001B78072B30D0082B14BF15460925002E9E
:10A0400018BF0D250A9803F064FAA3699A894AB1EA
:10A050005B8981B2D21A914204DD92B2891A0AA8B0
:10A0600003F0F9FA204650F80C3B40F2054193F812
:10A07000703001AA8DF804300A9BADF806708DF897
:10A080000850ADF80A60039303F0F3F810B90AA87A
:10A0900003F0BAF905B0F0BD0B25D0E7B0F80AC05F
:10A0A0002DE9F041ACF1020C9C4505460E461746E1
:10A0B0001C4603DDBDE8F04101F08DBA83692246FC
:10A0C000198100233946FFF713FF044658B9AB69DD
:10A0D0000246314628460E3301F096FA044610B186
:10A0E0002846FFF7F9FE2046BDE8F0812DE9F04350
:10A0F000202A8FB0054617461C4603910BD941F222
:10A10000041421462846FFF760FF03A803F07CF9FA
:10A110000FB0BDE8F083002B46D10846A2F1060837
:10A1200003F0F7F94FF6FF765FFA88F81FFA80F927
:10A130004C4510D3AB69DA88B24239D942F60203F2
:10A14000ADF814300223711C0093284605AB89B288
:10A1500001F0EAF925E023463A46039906A803F000
:10A1600049F9AB69BDF818609A88B242C7D8DA8855
:10A17000B242C4D3BDF81A10BDF81C20B8F1000FCC
:10A1800009D02846CDF800800DF11E033C44FFF7AE
:10A19000E7FEA4B2CCE728469E8019815A8101F0DF
:10A1A000DCF904460028B0D041F20A139C42A8D141
:10A1B0000024A6E72DE9F0471C4696B0836901927A
:10A1C0001B780646062B03D0102B60D001A81CE09C
:10A1D0000129104614BF4FF010084FF002080392F7
:10A1E000002C4CD103F095F94FF6FF7508F10209E8
:10A1F00087B2A7420ED8B369DA88AA4237D80024BA
:10A2000021463046FFF7E1FE03A803F0FDF816B043
:10A21000BDE8F08723464A46039904A803F0EAF80C
:10A22000B369BDF810509A88AA422DD8DB88AB429A
:10A230002AD39DF81330282BE1D0B2465AF80C3BB4
:10A24000424693F870300DF112010DA88DF83030B0
:10A25000ADF83250CDF844804C4402F004FD40F299
:10A26000044150460CAA03F004F8A4B2C1E7691CEB
:10A27000304689B201F028F904460028C4D041F2E2
:10A280000A139C42BBD0BBE741F20414B8E7012992
:10A29000104614BF12270427049284BB03F039F937
:10A2A00042F602184FF6FF7185B2A5420DD8B36988
:10A2B000DB888B4221D901314FF6FF72304689B2DB
:10A2C00001F002F90446A0B119E023463A46049988
:10A2D0000CA803F08FF8BDF83220BDF830104245CD
:10A2E0009DF8333007D1B269022330460A32FFF7B6
:10A2F000D5FE04A889E7282B06D141F20A1421468D
:10A300003046FFF762FEF4E73C44A4B2CDE7F0B577
:10A31000836987B003911B780546022B144653D1FD
:10A3200008460491002A47D103F0F3F84FF6FF7670
:10A3300087B2A7420DD8A869C288B2422BD80024A0
:10A3400021462846FFF741FE04A803F05DF807B058
:10A35000F0BD04220499234605A803F04BF8AA692E
:10A36000BDF814109088BDF81660814229D3D388B7
:10A37000994226D8864224D39E4222D85069927AA6
:10A38000837904340C330092034432462846FFF7A5
:10A39000E7FDA4B2CDE743694089711C019098792B
:10A3A00089B20C300344009328464FF4205301F047
:10A3B0009FF804460028C7D041F20A139C42BFD13F
:10A3C000BDE741F20414BBE703A8BEE7F0B587B0D0
:10A3D000054617461C46039153B9FFF7A5FD38B152
:10A3E000012322462846039900F084F807B0F0BD07
:10A3F000A9690B78082B05D8062B44D8032B0FD05E
:10A4000003A83DE00E2BFBD1039B0593002C6DD1DF
:10A41000002B6BD0224628460989FFF7BDFD59E085
:10A420000398059018B3ECB9102683794A890C3348
:10A430000989034400962846FFF792FDAB69998885
:10A44000DA88914217D242F60203ADF810300223A7
:10A450000131009328460DEB060389B201F064F840
:10A46000044660B141F20A139C4204D101E0002C81
:10A47000F8D141F21F0421462846FFF7A6FD05A8A2
:10A4800002F0C2FFB2E7039805907CBB70B303F003
:10A4900040F80FB386B2B7421ED2394605A803F082
:10A4A00014FA38B905A802F0AFFF1A212846FFF7C1
:10A4B0008CFD9BE78379F61BC21802339189837167
:10A4C000AB6900225B89B6B200902846FFF7A8FD71
:10A4D000B742E2D92146E9E7AA692846538911899A
:10A4E000059A00920022FFF79BFDF3E705A802F012
:10A4F0008BFFEFE7F0B585B006461F461446039183
:10A5000032BB084603F005F8054608B3B1690B787D
:10A510004A89082B0BD8062B0BD9039B0989304697
:10A52000009313462246FFF77BFD039401E00E2BB8
:10A5300019D0B1694B89EA1892B2B2F5007F4A810D
:10A5400017D82FB13046098901F018F8044628B110
:10A550000022234611463046FFF738FF03A802F0D9
:10A5600053FF05B0F0BD3046039B0989FFF714FD8A
:10A57000DBE741F20414EBE773B5836901911B78C3
:10A580000446082B15460ED8062B0ED9019E2046F0
:10A590003146FFF7C9FC2A46034631462046FFF7FD
:10A5A000A9FF02B070BD0E2BF0D001A802F02CFF65
:10A5B000F7E730B5836987B003911B780546092B0F
:10A5C000144611D105915AB9134600910F22214624
:10A5D000FFF726FD21462846FFF7F7FC07B030BD00
:10A5E00005A802F011FFF5E703A802F00DFFF5E75B
:10A5F0002DE9F04F87699FB003913F780546052FFD
:10A6000016461C4604D8032F16D810D003A867E0BE
:10A61000082FFBD108461391002B00F0C28013A82D
:10A6200002F0F2FE21462846FFF7CFFC01E0FFF7DB
:10A630005DFD1FB0BDE8F08F202A0846049148D880
:10A64000002B40F0A880571F02F063FF4FF6FF7801
:10A65000FFB21FFA80FA0DF11C0BA24506D8AB69B8
:10A66000DA88424500F28780002434E023463246EF
:10A6700004990BA802F0BEFEAB69BDF82C809A8845
:10A68000424526D8DA88424523D35969F1B9A9460B
:10A6900059F80C1BBDF82F2091F870109DF82E3042
:10A6A0008DF84C10ADF84E200DF131013A4615A849
:10A6B0008DF85030199702F0D6FA40F2034148461F
:10A6C00013AA02F0D6FD3444A4B2C6E75A89102A70
:10A6D00009D941F2041421462846FFF776FC04A864
:10A6E00002F092FEA5E70023584602F083FEAB6914
:10A6F0000DF13101102FCDE9051B93F80A902BD1F4
:10A70000B9F1020F34D105A8E9F72CFD0228DAD1FE
:10A710004A46DDE9051002F04CFA0028D3D12B4659
:10A7200053F80C0BBDF82F1090F870009DF82E20F8
:10A730008DF84C00ADF84E108DF8502059464A4621
:10A7400015A80293CDF8649002F08DFA029B40F2B6
:10A750000341184613AAB4E7022F09D1B9F1100F2B
:10A7600006D106A8E9F7FEFC0228ACD13A46D0E7AC
:10A770003A465846CFE742F60303ADF84C30022381
:10A7800008F101010093284613AB89B200F0CCFE1A
:10A7900004460028A3D041F20A139C423FF464AF60
:10A7A00099E759B900210023AA692846938153816A
:10A7B000118113993246FFF709FE3AE702F0A9FE2C
:10A7C00016B180B28642EDD1139A9379D118023333
:10A7D00089899371E7E72DE9F0431C468FB08369BF
:10A7E00003911B780546012B17465BD1084605915E
:10A7F00002F08FFE202F0BD941F204142146284687
:10A80000FFF7E3FB05A802F0FFFD0FB0BDE8F08302
:10A81000002C42D1059802F07CFE4FF6FF76A7F19E
:10A8200004081FFA88F81FFA80F95FFA88F8A14532
:10A8300005D8AB69DA88B24220D80024DEE7234687
:10A840003A46059906A802F0D5FDAB69BDF8181087
:10A850009A88BDF81A609142CED3DB889942CBD852
:10A860009642C9D39E42C7D832462846CDF80080CA
:10A8700007AB3C44FFF774FBA4B2D8E74FF4205376
:10A88000ADF810300223711C0093284604AB89B246
:10A8900000F088FE04460028B4D041F20A139C421E
:10A8A000CBD0ABE703A8AEE783691B780A2B02D0B5
:10A8B0000F3B012B01D8FFF788BB7047F0B585B07F
:10A8C0000193836917461A7804460A3A0A9E072AB2
:10A8D00042D8DFE802F004413041410441290198A7
:10A8E000039002F016FE85B203A802F08DFD26B19A
:10A8F00031462046FFF785FB0FE0A1697A194B89A5
:10A9000092B293420BD90A8201F10E0320460989C3
:10A9100000F07AFE01460028EBD105B0F0BD012120
:10A92000204600F0ABFEF5E72EB91A8A0198BA422C
:10A930000BD04FF48166019B03A8039302F064FDE2
:10A9400031462046FFF741FBE7E7DA89596902F013
:10A95000EBFD0028EDD1EEE701A802F055FDDCE7A4
:10A9600038B58269044613780D460D2B12D00F2B93
:10A9700001D00A2B12D1536933B1997902F1140035
:10A980000B44DD6802F040FD29462046BDE8384012
:10A99000FFF78ABFBDE83840FFF717BB38BD07B5E2
:10A9A000002300921B22FFF73BFB03B05DF804FB82
:10A9B00007B583695980009200231D22FFF730FB01
:10A9C00003B05DF804FB4B88052B05D108880E28E1
:10A9D0008CBF00200120704700207047F8B5054665
:10A9E0000F46164604210A22002002F092FF02467A
:10A9F000B8B1847905210C3403194FF0060C0020FE
:10AA00009970D87002F804C013241C7102245F717D
:10AA10005870D8719C7128461E81BDE8F840E7F750
:10AA200035B9F8BD73B50546104601920C4602F0E3
:10AA300070FD042186B2019802F0AEFE024628B9EC
:10AA400001A802F0E1FC1A2002B070BD83790190E8
:10AA50000C33C1184C80C65221462846E7F716F938
:10AA60000020F1E72DE9F04106468846174604210B
:10AA70000A22002002F04DFF0246B8B18579002479
:10AA80000C354319052106209970DC7050550120C2
:10AA9000187102205C70987183F805803046DC7173
:10AAA0001F81E7F7F3F82046BDE8F0811A20FBE7A5
:10AAB000002070470020704707B501A8019202F0FE
:10AAC000A3FC03B05DF804FB7047002070470F2023
:10AAD00070470F207047704710B588B0E8F78AF9C3
:10AAE0000446002847D090F87200022845D1A36898
:10AAF00013F4407F2AD094F87330012B2FD194F9AE
:10AB00007500E5F7D5FD10B9A368DB0527D594F8E6
:10AB1000743013F0010322D1CDE90133CDE90433C0
:10AB2000CDE90633ADF80C30A36813F4807F01AB98
:10AB30000ED0A06AE16A228E03C31A802046BDF8B7
:10AB4000042004AB0DF10601E9F7FEFC08B010BDCE
:10AB50000A22022194F97500FDF7FFF8EEE70023C1
:10AB600045F217021946204600F03CF9B0FA80F091
:10AB700040094000EAE72120E8E70220E6E738B58F
:10AB800045F21B020C460B460021054600F02AF94F
:10AB900030B92CB121462846BDE83840EAF74AB81A
:10ABA00038BD00F04EB900F066BC00F06FBC10B5C7
:10ABB00004464C30FDF7CAF884F875002046BDE81D
:10ABC000104000F033BC10B50446FDF796F802289B
:10ABD0000DD194F8733094F97000012B14BF052146
:10ABE000032184F83210BDE8104000F06CBCA3686B
:10ABF00043F40073A36010BD00F054B938B5037876
:10AC000004463E2B0D4604D18378052B02D0ED2B54
:10AC10000FD038BDB0F80300E8F7DEF820B1B4F883
:10AC20000D10621D00F0A4F92846BDE8384002F07E
:10AC3000EBBBB0F80300E8F7CFF80028F4D0B4F885
:10AC40000D1004F10F03621D00F095F9ECE7CB0441
:10AC500048BF41F48061C160704710B5044645F2B9
:10AC60001A0102F095FA2046BDE8104047F2305331
:10AC7000002245F21A01F7F75DB810B50A460446FE
:10AC80000821002002F045FE10B1837903441C73B3
:10AC900010BD38B505460C460D201121FFF7EDFF1C
:10ACA000024688B12146837903440D3304F1100034
:10ACB00051F8044B814243F8044BF9D12846BDE8D2
:10ACC00038400621FFF7AEBE38BD38B505460C4604
:10ACD00004201121FFF7D1FF024688B12146837974
:10ACE00003440D3304F1100051F8044B814243F842
:10ACF000044BF9D12846BDE838400621FFF792BE43
:10AD000038BD38B505460C4603201121FFF7B5FFC5
:10AD1000024688B12146837903440D3304F11000C3
:10AD200051F8044B814243F8044BF9D12846BDE861
:10AD300038400621FFF776BE38BD37B500220546FC
:10AD40000821104602F0E5FD0446C0B10C230122A3
:10AD50000DF107018DF8073002F018FE296C202252
:10AD60005431204602F012FE296C20227431204614
:10AD700002F00CFE224606212846FFF753FE03B0E0
:10AD800030BD08B5D0B2E8F735F828B190F8773083
:10AD900003F07F0380F87730012008BD70B50546C9
:10ADA000EAF73AF80C4606460A46284645F20101FB
:10ADB000B0472B6C03B11C60324628462346BDE8E1
:10ADC00070404FF4A041184770B51546044638B19D
:10ADD000EAF722F82A4603462046BDE870401847A5
:10ADE000022070BD114608B51A4621F00041FFF758
:10ADF000EBFFB0FA80F0400908BD10B4C4691CB97B
:10AE00005DF8044B0180704700235DF8044B1A463F
:10AE1000F9F75CBD08B50B4601461846F7F7AEFAE0
:10AE2000003818BF012008BD10B50446006838B1CD
:10AE30001A2102F0FBFD206802F031FE002323609E
:10AE400010BD30B58BB00D46002201A9EAF796F986
:10AE5000044620BB01460D220DF10B0001F0D3FE8C
:10AE6000B5F803206B79ADF8082006A9019A02A86D
:10AE70008DF80A30E9F7E8FF40F20343BDF81820E7
:10AE8000002818BF1C469DF81A30102102A82A80FD
:10AE9000AB7002F0CBFD102106A802F0C7FD2046E2
:10AEA0000BB030BD10B50446E9F794FF04F134004F
:10AEB000FFF7BAFFA3685A0606D523F04003002126
:10AEC0002046A360E6F7B0FE236C63B1D3F894008C
:10AED000F9F793F90421206C02F0A8FD206C02F030
:10AEE000DEFD0023236410BDF7B50D466946164606
:10AEF000EAF744F9044698B929461022009801ABB4
:10AF0000F9F7DAF907461021284602F081FD2FB142
:10AF10001021284602F08AFD40F2074406B137604E
:10AF2000204603B0F0BD38B50446C51C03212846B1
:10AF3000FFF770FFC8B9E27863797AB922791A43CA
:10AF4000F4D003F07F0343F0400363715323A371F4
:10AF50002146BDE83840FF20FFF773BFFF2AF0D13C
:10AF600022791A40FF2AE1D0EBE740F2074038BDD2
:10AF70000021E6F759BEF8B51D46836804465B0616
:10AF80000F4616462DD41A2002F087FD0146606355
:10AF900020B92046BDE8F840E6F746BE034623F850
:10AFA000027B326805F11001C0F8022072685A6015
:10AFB0002A46636B0A3352F8040B8A4243F8040BA7
:10AFC000F9D11021284602F031FDA36843F0400278
:10AFD00013F4407FA26004D02046BDE8F840EAF7B1
:10AFE000C7B9F8BD2DE9F0419CB0154608AA1C462A
:10AFF00006460B469046239F01F1200E94461868A2
:10B0000059680833ACE8030073456246F6D1202145
:10B01000404602F0FDFC10AB2A469C4605F1200E8E
:10B020001D4610685168083203C572452B46F7D19A
:10B030006046202102F0ECFC18AA9446229B03F102
:10B04000100E154618685968083303C573452A461B
:10B05000F7D16046102102F0DBFC04AA2346154616
:10B0600004F1100C144618685968083303C463458A
:10B070002246F7D11021284602F0CAFC6B46502226
:10B0800041462846E9F7D8FF04461021284602F039
:10B09000CDFC5021404602F0C9FC34B108213046B5
:10B0A000EAF766FA1CB0BDE8F081039B38463B60C6
:10B0B000042102F0ADFC6846102102F0B7FC2246E4
:10B0C00045F214013046FFF77FFEEBE72DE9F0472C
:10B0D00096B01D46DDE9229705AB06460C469E4616
:10B0E000DDF8908002F1100A9C4610685168083221
:10B0F000ACE8030052456346F6D17046102102F0D9
:10B1000087FC09AA2B46944605F1100E15461868CF
:10B110005968083303C573452A46F7D160461021A4
:10B1200002F076FC0DAA94461E9B03F1100E154604
:10B1300018685968083303C573452A46F7D1604635
:10B14000102102F065FC9DF87C30D9F800008DF8E4
:10B1500044309DF8803006218DF845309DF88430CC
:10B1600012908DF8463099F8063012A883F0080343
:10B17000C3F3C0038DF84730B9F80430ADF84C3054
:10B1800002F046FCBB79062183F00803C3F3C00339
:10B190008DF84E303B680DF14F00CDF84F30BB8835
:10B1A00004F11007ADF8533002F032FC01AA234637
:10B1B0001546144618685968083303C4BB42224632
:10B1C000F7D11021284602F023FC4346412205A96D
:10B1D0002846E9F731FF04461021284602F026FCF4
:10B1E000412105A802F022FC34B108213046EAF7DB
:10B1F000BFF916B0BDE8F0874046102102F008FC08
:10B20000224645F213013046FFF7DEFDF1E72DE956
:10B21000F3411D46089B04468846164690F8737015
:10B220005BB110211046FFF7F5FD30B10821204633
:10B2300002B0BDE8F041EAF79BB9236C013EDA1C8D
:10B24000681E133312F8011F16F801CF9A4281EAE3
:10B250000C0100F8011FF5D10023404601A901931C
:10B26000E9F740FF48B10198F8F7C7FF08212046E9
:10B27000EAF77EF902B0BDE8F08129462846019A36
:10B28000E9F7E2FD0028EED1022F0CBF00230623D0
:10B2900004F159022B4404F15F0012F8016F197890
:10B2A000904281EA060103F8011BF6D1022F14BF78
:10B2B0000023062304F152022B4404F1580012F833
:10B2C000016F1978904281EA060103F8011BF6D15B
:10B2D00029462846019AE9F7B7FD05460198002D51
:10B2E000C2D1F8F78AFF2A4645F210012046FFF73F
:10B2F0006BFDBFE72DE9F04196B0154605AA1C4647
:10B3000006460B4690461D9F01F1200E9446186894
:10B3100059680833ACE8030073456246F6D1202132
:10B32000404602F075FB0DAB2A469C4605F1200E07
:10B330001D4610685168083203C572452B46F7D187
:10B340002021604602F064FBAEB3336C93F85D31AC
:10B35000013B022B2FD89DF8703043F0800301AAE7
:10B360008DF854301546234604F1100C1446186825
:10B370005968083303C463452246F7D11021284693
:10B3800002F046FB3B46412241462846E9F754FE7F
:10B3900004461021284602F049FB4121404602F0B4
:10B3A00045FB54B11EB108213046EAF7E1F82046CA
:10B3B00016B0BDE8F0810023D1E71021384602F035
:10B3C00027FB002EF3D0224645F211013046FFF74D
:10B3D000FBFCECE7EBF7B2BEB1F5A04F70B504464D
:10B3E0000D4616460AD045F20603994216D032465B
:10B3F00029462046BDE87040EAF7F0BE836843F076
:10B400008003836090F87330012B03D1BDE8704056
:10B41000EAF704BDBDE87040EAF732BF9379134400
:10B42000597C41F49051E9F705FCE0E7002310B5A1
:10B430000364044690F97500431C13D0E5F70CFD36
:10B44000082204F11003114694F97500FCF785FCFD
:10B4500094F91330012B07D194F8743043F00203B0
:10B4600084F87430002010BD022BFBD194F87430A6
:10B4700043F00A03F4E74B88062B05D108884128DE
:10B480008CBF0020012070470020704707B58B79E2
:10B490000A460B440191197C4B1E0D2B04D801F573
:10B4A000A0410131FFF790FC01A801F0ADFF03B00E
:10B4B0005DF804FB08B5D8F759F9002814BF14202B
:10B4C000002008BD7047704770B504460E4615460B
:10B4D000052100220420FDF725FB014618B1A0F844
:10B4E0000160A0F803502046BDE87040FDF772BB34
:10B4F000F7B51D460023044600930F461646072164
:10B500000620BDF82430089AFDF730FB014628B12B
:10B51000A0F80170A0F80360A0F80550204603B021
:10B52000BDE8F040FDF756BB73B515461A4600233B
:10B53000044600930E46082005219DF81830FDF7BB
:10B5400015FB014618B1A0F80160A0F80350204691
:10B5500002B0BDE87040FDF73DBB38B5002204469F
:10B560000D460A200321FDF7DDFA014608B1A0F8D7
:10B5700001502046BDE83840FDF72CBB70B50446AD
:10B580000E461546052100220C20FDF7CBFA014698
:10B5900018B1A0F80160A0F803502046BDE8704043
:10B5A000FDF718BB73B515461A46002304460093F1
:10B5B0000E46102005219DF81830FDF7D7FA0146F8
:10B5C00018B1A0F80160A0F80350204602B0BDE811
:10B5D0007040FDF7FFBA73B50E4600214489054659
:10B5E000033CA4B2A342009128BF234603211220AA
:10B5F000FDF7BCFA014608B1A0F80160284602B088
:10B60000BDE87040FDF7E6BA2DE9F34105469846DE
:10B6100083690F465869164601F07BFF6C8980B23A
:10B62000053CA4B2844228BF0446A86921461430D0
:10B6300002F04BF9009048B105220821002002F0E9
:10B6400068F9019030B9684601F0DEFE1A2002B0B8
:10B65000BDE8F081009901A801F0BDFF1620019A14
:10B6600093790C33D118D054A8F800402846A1F89B
:10B670000170A1F80360FDF7ADFAE8E738B50022E4
:10B6800004460D4618200221FDF74CFA014600B190
:10B6900045702046BDE83840FDF79CBA70B5857905
:10B6A00004460C35461901F034FF625D431E013A31
:10B6B0009BB21C2A10D8DFE802F0110F160F180FEA
:10B6C000290F2F0F400F400F400F330F250F0F0F83
:10B6D000390F250F3E0F3E00002070BD042B14BF14
:10B6E00001200320F9E7022BF9E743B37278022A1D
:10B6F0000AD0012A23D10222013B0232B3FBF2F12C
:10B7000002FB1133002BEAE71022F5E713F0030FD9
:10B7100014BF01200320E0E78BB17278013BEDE715
:10B720006BB17278032A0AD9013BE7E7042B34BFD7
:10B7300001200320D1E7022BF9E70320CDE7012008
:10B74000CBE74369406CDA1C1438B2FBF0F203EB30
:10B75000C203CA1D0333B2FBF0F2B3FBF0F30132B4
:10B76000023301EBC20100FB0310704738B5446996
:10B7700005462146FFF7E5FF6A6CE31D143AB3FB6B
:10B78000F2F3013304EBC304204438BD73B506461D
:10B790000D460024F36B012201A928195B69984723
:10B7A000019B013309D10434736C62195B426A4016
:10B7B0001A42EFD0204602B070BD0024FAE770B5FF
:10B7C00005460C46D8F7FCFAEB6B2046DB68BDE873
:10B7D0007040184770B5002586B004460562E369DD
:10B7E000AB4202D8206A06B070BD666C05222068A4
:10B7F00001A9E36B06FB05005B69984701A800F00F
:10B8000010FC00F033FC10B1236A013323620135D0
:10B81000E5E738B50446456C006804F1400305FBD4
:10B820000101E06B00F02FFC05462046FFF7D2FF38
:10B83000284638BDF0B5054687B00026EC69013CC6
:10B84000B44203D80C46204607B0F0BD01B14C1EEF
:10B850006F6C0522286801A9EB6B07FB04005B698C
:10B86000984701A800F0DDFB00F000FC0028EAD1B9
:10B8700001362146E2E7F0B5044687B0466C0D4636
:10B8800000680522E36B01A906FB05005B69984788
:10B8900001A800F0C6FB00F0E9FB20B101A800F010
:10B8A00097FB07B0F0BD29462046FFF7C3FF676C42
:10B8B0000646E36B206805225B6901A907FB0600C9
:10B8C000984701A800F084FB431CEAD0B54238BF7A
:10B8D0000130E6E72DE9F043D0F824804FF6FF79F8
:10B8E00087B004460E46C84514BF454600250027CC
:10B8F000E369BB4202D807B0BDE8F083E26B01A95F
:10B900002368606CD2F814C0052200FB0530E047C4
:10B9100001A800F086FB022806D0C8450CD1721C95
:10B9200029462046FFF775FF0135E3690137B5FB6E
:10B93000F3F203FB1255DBE729462046FFF79BFF96
:10B94000B0F1FF3F14BF024632460132E8E7036818
:10B95000F0B5CC1A436C87B006460025B4FBF3F46F
:10B96000F36937685A1E706C954208D3706C33685F
:10B9700000FB043007B0BDE8F04000F082BB0134AA
:10B9800001A9B4FBF3F203FB1244F36B05225B69DC
:10B9900000FB0470984701A800F043FB00F066FB31
:10B9A0000028E3D10135DBE710B423F003049B0743
:10B9B000436C2244C3F100030A4418BF043282EAF4
:10B9C0000104234203D05DF8044BFFF7C0BF1046CB
:10B9D0005DF8044B70472DE9F041D0E90A3686B096
:10B9E00004469E4228D1C3691422456802FB1355C0
:10B9F000284606B0BDE8F081206801A9676C331ABB
:10BA0000E26BB3FBF7F3D2F8148007FB03000522C7
:10BA1000C04701A800F005FB012804D0636C1D4459
:10BA2000013B3340ED1A31462046FFF790FF0646B2
:10BA3000A36AB342E0D1DBE70025F9E7F0B50025C2
:10BA400087B004462E46E369B34202D8284607B0C1
:10BA5000F0BD636C0522276801A903FB0677E36B41
:10BA600038465B69984701A800F0DBFA00F0FEFA5F
:10BA700058B1384600F005FB01462046FFF786FE28
:10BA8000636C143B834208BF01350136DBE708B520
:10BA900008301346D1E90012EEF794F8012008BDF2
:10BAA00013B50C46002121760093134661682246A7
:10BAB000ECF712FE18B1E37D03B1A07EA075A07D66
:10BAC00002B010BD73B500F1080516460C460DF125
:10BAD00007020968284600F0A1F9032E06D1636821
:10BAE000834203D12168284600F07FF9012002B08B
:10BAF00070BDD01E009B42424241187E824211D14D
:10BB00001A688A420ED85A688A420BD35A6901329F
:10BB10005A61D3E9030282423FBF986840F822107D
:10BB200001321A6101207047032A10B5029C07D127
:10BB3000A26A5340626C5242134201D100F055F99F
:10BB4000012010BD08B5C36800209847BDE8084033
:10BB5000D8F73EB9012870B514BF04200220002494
:10BB600042431C70CC7D101D02F002024CB91AB188
:10BB7000012220F003001A7000F1080348681844FD
:10BB800070BD1AB1012220F003001A700C7E002350
:10BB900001F12005DAB2944201D80020F0E735F82F
:10BBA00033205E1C824206D901EBC30300F1080278
:10BBB000D8691044E4E7801A3346EBE773B590F890
:10BBC000426005461C460DF103033046FFF7C2FFF5
:10BBD000EB6B012E5B690DD1324601A998479DF8A8
:10BBE000033013B1BDF806300193BDF80430236073
:10BBF00002B070BD0122214602B0BDE87040184776
:10BC0000F0B50546002487B04868EB6B27460E4622
:10BC100001225B6902A908300294984795F84230E6
:10BC2000012B40F08480632C02D9029807B0F0BD4C
:10BC3000612C08D805AB224631462846FFF7BEFFE7
:10BC40009DF814301BB305AB2246314628468DF8CB
:10BC50001070FFF7B3FF95F84230012B059B55D1CB
:10BC60004FF6FF72934200F09680082205A904A8BF
:10BC700000F05EF9059B9DF81010C3F30722914276
:10BC800040F08980DBB2029A1A44029283E095F870
:10BC90004230012B30D103AB224631462846FFF714
:10BCA0008DFF04AB621C31462846FFF787FF05ABCA
:10BCB000A21C31462846FFF781FF102208230DF110
:10BCC00007000DEB02018DF8073000F031F910226A
:10BCD00005A90DF1070000F02BF9039BDAB2002A49
:10BCE00052D19DF80720B2EB132F4DD1DDE904327C
:10BCF00003EB0243029347E0302C2BD944E09DF83C
:10BD00000720B2EB134F3FD1049BF3E7013342D03E
:10BD1000102205A90DEB020000F00AF9059B9DF821
:10BD20001010C3F30742914235D19BB2ABE7312CDF
:10BD30003FF67BAF87D005AB224631462846FFF75A
:10BD40003DFFBDF81430002B7FF47DAF95F84230F5
:10BD5000012BA0D003AB224631462846FFF72EFF29
:10BD600004AB621C31462846FFF728FF102320222F
:10BD70000DF107000DEB03018DF8073000F0D8F846
:10BD8000039B9AB2002ABAD095F84230012B14BF17
:10BD9000012302231C44013440E713B5002401941D
:10BDA000049C0094EDF72CF802B010BD13B50124EB
:10BDB0000194049C0094EDF723F802B010BD30B557
:10BDC000002344684FF0FF329C4202D100230372EB
:10BDD00030BD016801EBC30541F8332001336A60CF
:10BDE000F2E7C0E90012FFF7EABFF0B500234568AB
:10BDF0009D4210D00468DF0054F8332004EBC306E2
:10BE0000B2F1FF3F08D0C2F31302914204D14FF0C8
:10BE1000FF33E3517360F0BD0133E9E7F0B5002370
:10BE200045689D4202D14FF0FF300EE00468DE000D
:10BE300054F83340671C09D0C4F31307B94205D145
:10BE4000240D1470036833445868F0BD0133E8E7EB
:10BE500013B50023044601461B220DF107008DF89F
:10BE6000073000F065F822689DF80730B3EBD26F19
:10BE70000CBF0120002002B010BD13B50023044602
:10BE8000014620220DF107008DF8073000F050F830
:10BE90000DF107001A22211D00F04AF862689DF892
:10BEA0000730B3EB926F0CBF0120002002B010BD31
:10BEB0000068431C584258417047006810F07E0FDC
:10BEC0000CBFC0F3C160002070470068C0F3D310FE
:10BED0007047006800F07F0001288CBF002001201F
:10BEE0007047036813F07E0F14BF042008207047CA
:10BEF000036813F07E0F03D1406820F07C40704748
:10BF000013F078001CBF03F07F03D81F7047006850
:10BF100000F07F007047032809D0022803D1C1F147
:10BF20000201C8B2704700290CBF072000207047EB
:10BF30001F2A0B689EBF4FF0FF3191408B43590879
:10BF400001F055315B1A03F033319B0803F03333B2
:10BF50000B44017803EB13130A444FF0013103F053
:10BF60000F334B43A2EB13620270704737B501F1F8
:10BF70000C04054643696946012220469847BDF8EE
:10BF80000030012201A901932046AB69984703B014
:10BF900030BD37B501F10C044369012269460546FD
:10BFA00020469847009B4FF6FF7299B291420DD1FF
:10BFB0001B0C012201A920461B0443F4254343F036
:10BFC000A5030193AB69984703B030BD0020FBE7A0
:10BFD00037B5044600251B22011D0DF107008DF821
:10BFE0000750FFF7A5FF60689DF80720B2EBD06F00
:10BFF00003D120F0784003B030BD0DF107001B22C3
:10C0000004F108018DF80750FFF792FFA0689DF832
:10C010000730B3EBD06F01D1C043EAE74FF0FF30F8
:10C02000E9E703684BF29A22B2EB134F10B50446CE
:10C0300013D19BB2012B13D1FFF7CAFF01300CD0F3
:10C04000E0684FF6FF72B2EB104F4FEA104309D190
:10C0500080B2C01A18BF012010BD2368013303D07D
:10C060000420F9E70220F7E70320F5E701288CBF59
:10C07000002001207047033801288CBF00200120D8
:10C080007047143070472DE9F04105469846036922
:10C0900008460E4617469847044638B943463A467E
:10C0A00031462846EDF76AFE044618B13146284667
:10C0B000FFF75CFF2046BDE8F081022070470020BA
:10C0C000704701207047002070470020704770477C
:10C0D00037B504460D4601A8EFF7FCFE01A8FFF7AF
:10C0E000F6FF204601A98DF80650EDF747FF03B093
:10C0F00030BD08461146012200F021B800F0D7BA41
:10C1000000F0DEBA00F065B87047431E012B03D97A
:10C11000031F5842584170470120704700F0BCBBD4
:10C120004FF4C472002100F06EBD10B5044600212A
:10C1300000F05EF82046BDE81040EFF719BE10B5DC
:10C140000C461146EEF778FFF0F798F8012801D178
:10C15000002010BD002CF7D10420FAE7EFF7CEB98C
:10C16000EFF7D2B9408B70470A7838B505461046CC
:10C17000FFF7CBFF60B14C782046FFF7C6FF38B120
:10C180002243530704D42846BDE83840EFF7DCB912
:10C19000012038BDFFF7E8BF10B504460878FFF767
:10C1A000B4FF58B14A781046FFF7AFFF30B1042A08
:10C1B00004D02046BDE81040EFF7FCB9012010BDC7
:10C1C000FFF7EABFEEF7B8BE0846F0F76FBBEFF730
:10C1D00063B870B504460D461646EEF7E3F830B97D
:10C1E000324629462046BDE87040F3F711BC70BDC9
:10C1F000F0F71EB838B5044600200D4600F04EFB9F
:10C20000D4F8D4302BB929462046BDE83840EFF7A2
:10C21000A3BA022038BD38B5044648880D4600F060
:10C220003DFBD4F8D4302BB929462046BDE8384030
:10C23000EFF7F6B9022038BD00F032BB00F080B94C
:10C24000F1F72ABA38B505460C46F6F728FA6B6BB3
:10C250001C402B6B23432B63F6F725FA211E18BFD6
:10C2600001210020490238BD00F0F6B9EEF778BF91
:10C2700000F0A5B900F0C4B908461146F0F78CBD2E
:10C28000EFF7D0BB00F070B938B50446154609B1D8
:10C2900000F0D4F915B12046EFF7B2FC002038BD0C
:10C2A0000846F1F7D5BA10B5044600F08BF820B96E
:10C2B0002046BDE81040EEF755BA10BD00F027BB90
:10C2C000F1F7E4BC2DE9FF41984604460E461746B7
:10C2D000F6F7ECF905462046FFF7E5FF0A9B3A46DC
:10C2E000029300233146CDE900832046EEF788FA19
:10C2F00004462846F6F7E0F9204604B0BDE8F08190
:10C3000038B50446F6F7D2F905462046FFF7CBFFCD
:10C310002046EEF753FA04462846F6F7CDF9B4FA6C
:10C3200084F0400938BD38B50446F6F7BFF9054634
:10C330002046FFF7B8FF204600F053F80446284691
:10C34000F6F7BAF9204638BD38B50446F6F7AEF927
:10C3500005462046FFF7A7FF204600F048F80446B0
:10C360002846F6F7A9F9204638BD70B504460E46B2
:10C37000F6F79CF905462046FFF795FF3146204623
:10C38000EEF78CFA04462846F6F796F9204670BD7B
:10C39000134607B500228DF807100DF10700194666
:10C3A00000F047FA03B05DF804FB084611461A4650
:10C3B00000F03FBA002070470120704700F0D4B968
:10C3C00000207047EEF708B910B5F6F76FF904468C
:10C3D00000F015F8EEF726F92046BDE81040F6F714
:10C3E0006BB9024608B5EEF7F7F8507D08BD024676
:10C3F00008B5EEF7F1F8507D80F0010008BD00F0BF
:10C4000086BAEEF7F7BF00F071B8437C03B1084776
:10C410000220704710B50446F0F798F82046BDE8B2
:10C4200010400321EEF7E2BDFFF7F4BF437C0BB1F0
:10C43000F0F768B802207047437C0BB100F070B988
:10C440000220704738B5447C0D46BCB1053C012C38
:10C450008CBF002401244968224600F063F9286853
:10C4600090FAA0F0000AF1F7B3FFA97A28892246D2
:10C4700081F00101F0F7A4F8002038BD0220FCE7AC
:10C480001FB5ADF808309DF81830CDE900126946A7
:10C490008DF80A30FFF7D6FF05B05DF804FB30B425
:10C4A000BDF810409DF81450CDE9044530BCF0F7BC
:10C4B000B9B800207047002070477047836B03F0C5
:10C4C0006003402B0DD0602B03D0203B58425841D5
:10C4D000704749B10B68012B06D9486940F001004B
:10C4E000704740F201107047002070470220F1F7BA
:10C4F000B7BBD0F8C8304BB11A68022A06D993F8F6
:10C50000250028B11B6AB3FBF0F07047FFF726BE89
:10C510007047D0F8C8207AB11368022B0CD9536A3F
:10C5200013F47F4FC3F3072106D0126ADBB25343E3
:10C530008B42B3FBF1F201D2FFF712BE10467047F7
:10C540000346D0F810010860B3F8143100208B8046
:10C55000704790F810310C2B14BFC07DFF2070473E
:10C560004FF48071F4F72ABAF8B506460D468F8865
:10C57000EEF7D0FF767C0446053EF6B2012E01466A
:10C580008CBF00200120F2F7B3FEFB00012E98BF04
:10C59000033318440323AB717CB1B0F5803F0CD852
:10C5A0004FF22442630902FB00332409B3FBF4F386
:10C5B00000202A68D21A2A60F8BD0220FCE73F2B2F
:10C5C000084610B5114619D9B3FA83F3C3F119021D
:10C5D000D2B2062A01D8192B0ED0062A28BF06226D
:10C5E0000124931DDBB29C40A4B2A14228BF214686
:10C5F000F0F7C8F9204610BD0022F1E70024F9E762
:10C60000138808463F2B10B516D9B3FA83F3C3F14C
:10C610001901C9B2062901D8192B0BD0062928BF48
:10C62000062101238C1DE4B2A3401380F0F7CAF960
:10C63000002010BD0021F4E70120FAE7EEF7CEBBA1
:10C6400010B5144608460121F1F768FD2046BDE803
:10C6500010400121F1F762BD38B50D46EFF70EFE2F
:10C660000128044609D12846D8F71EF8054610B916
:10C67000D8F758F82C46204638BD0224FBE7F8B519
:10C6800004460E461746F6F70AF83A46054631467E
:10C69000204600F0E9F904462846F6F704F820465B
:10C6A000F8BD0220704703207047F1F7D1BA10B5EA
:10C6B000EFF790FC044608B9F3F794F9204610BD53
:10C6C00038B504461D46EFF785FC28B929462046B3
:10C6D000BDE83840F3F76EBA38BD70478021F4F7F3
:10C6E0006DB938B50546EEF79BFC04462846EEF7D3
:10C6F00075FC072811D1D5F8C43024F47F41DB69DB
:10C7000021F0080103B15B7841EA032141F02001E7
:10C710002846BDE83840EEF789BC24F02001F7E751
:10C7200003207047D0F8203170B58B4204460D4687
:10C73000164603D190F81C31202B0ED032462946E4
:10C740002046EFF717FE202384F81C310023C4F89D
:10C750002051C4F82431EFF731F9324629462046FA
:10C76000BDE87040EFF740BE0120704738B5054680
:10C7700010460C46F0F72EF8D5B1D5F8C430BBB151
:10C780005B69ABB1421ED2B2FD2A13D90A680132ED
:10C7900004BF6FF001020A600A68FF281A6007D11F
:10C7A0006268013202D16FF00102626062685A6011
:10C7B000002038BD0128F2E72DE9F74F01251C467E
:10C7C0009DF83030064601930368174603F00703CF
:10C7D00006339D4005F1FF380B46A1B1416804EADC
:10C7E000080BA5EB0B0A41F00059524509EB0B0170
:10C7F00014D95246184600F036FA49467A1B5A4474
:10C80000504400F030FA019B2BB13C4448EA050843
:10C8100004EA0804F46003B0BDE8F08F1846F0E7BE
:10C8200037B5002514460095FFF7C6FF204603B034
:10C8300030BD70B50E461546044608B9002070BDDF
:10C840000378042B18D02078F0F78EFCB0B9237849
:10C850000C2BF3D10EB1FF233370CDB1FF232B701E
:10C8600016E020780130C0B203282070EBD8F0F732
:10C870007BFC0028F5D0E6E70020F5E71EB1207824
:10C88000F0F7D0FC30701DB1207800F036F8287039
:10C890000120D4E7EFF7A2BC0020704700207047CA
:10C8A00000207047704730B549000446056812B152
:10C8B00002291FD90339C90395B9E1B1B1FA81F34E
:10C8C000C3F12003C3F10F00012838BF012003F09A
:10C8D0001F03D940A94201D901384908216030BD60
:10C8E000B5FA85F339B1B1FA81F29B1A002BE9DC74
:10C8F0000F20EFE700210F20F0E7012805D90238CB
:10C9000018BF4FF0FF30C0B270470120704708B524
:10C91000F1F7E6F9BDE80840F1F70ABA38B5044680
:10C92000FFF7F5FF0546FFF7F2FF431BA342FAD3DB
:10C9300038BD38B50D460446F1F7D2F935B1844219
:10C9400000D90139204601F0030138BD844238BFC7
:10C950000131F7E708B50121FFF7EBFFBDE808401B
:10C96000F1F7E6B90B0CB3F5384FF7B506460D46AF
:10C970008FB216D04BF60102934214D04BF602024E
:10C98000934212D0B3F5304F14BF04240324D6F8D9
:10C99000C4300BB1196851B9D6F8C0309BB92868BA
:10C9A0000FE00024F3E70124F1E70224EFE7234638
:10C9B00068463A46F1F700FA9DF804300098002BDB
:10C9C000EAD103B0F0BD19680029E8D023466846D3
:10C9D0003A46F1F7F1F99DF804300098002BDED1CA
:10C9E000EFE7D6F721BE00F03003202B10B513D1AE
:10C9F00010F4E02FC0F302440AD0C0F3C423B3FB09
:10CA0000F4F410F4C01F18BF6400052C0ED864089D
:10CA1000F1F74EFC604310BD6FF01204C0F38213B7
:10CA20001C4104F00104C4F10204F1E70424EFE71F
:10CA300008B51C20D7F7E6FB4FF0B042936813F01F
:10CA4000080F4FF0010302BF9268C2F30312934034
:10CA5000B0FBF3F008BD4FF0384359699A6903F50C
:10CA600000530A405A617047F7B505460F466846BD
:10CA70001146F1F7F5FC064698B197B1DDE90031B2
:10CA80001B0A43EA0163A5FB0343090A05FB0135C1
:10CA9000FFF7A7FF0023024629462046F3F798FF39
:10CAA0003860304603B0F0BD03207047F3F70CBB8D
:10CAB000F3F70ABBF3F708BBF3F706BBF3F704BBC6
:10CAC00000228A4202D14FF0FF30704750F82230E6
:10CAD00093FAA3F30BB90132F3E7B3FA83F000EB57
:10CAE00042107047002070470A220021F4F790B9E5
:10CAF0002DE9F8430746884614460026D4E90195F7
:10CB0000B9F1010905D52468002CF7D13046BDE8FC
:10CB1000F883AB89012B07D9B5F90E30013303D067
:10CB200029463846C04706436835E9E710B50C4644
:10CB3000B1F90E10F4F71AFB0028ABBF636DA3899F
:10CB40001B1823F48053ACBF6365A38110BD2DE98E
:10CB5000F0411F468B8905460C46DB05164605D578
:10CB600002230022B1F90E10F4F7EEFAA38932463F
:10CB7000B4F90E10284623F48053A3813B46BDE848
:10CB8000F041F4F705BB10B50C46B1F90E10F4F7FF
:10CB9000DBFA431CA38915BF606523F4805343F47B
:10CBA0008053A38118BFA38110BDB1F90E10F4F713
:10CBB000BBBA0139024410B5904201D1002005E012
:10CBC000037811F8014FA34201D0181B10BD0130AA
:10CBD000F2E7884210B501EB020402D984422346F1
:10CBE00007D8431EA14208D011F8012B03F8012FEA
:10CBF000F8E7024401468A4200D110BD13F8014D06
:10CC000002F8014DF7E702440346934200D1704712
:10CC100003F8011BF9E710B56AB10139841810F85F
:10CC2000012B11F8013F9A4203D1A04201D0002A02
:10CC3000F5D1D01A10BD1046FCE70139034610B5F6
:10CC400032B111F8014F013A03F8014B002CF7D132
:10CC50001A440021934200D110BD03F8011BF9E7EB
:10CC60007047704770470A44431E914200D1704795
:10CC700010B511F8014B914203F8014FF9D110BDE5
:10CC8000034613F8012B002AFBD1181A013870470C
:10CC90002DE9F0471F468E6882460C46BE429046FC
:10CCA0000B682DD8B1F90C2012F4906F26D065696D
:10CCB000096905EB4505A3EB01097B1C05EBD5755F
:10CCC0004B446D109D4238BF1D46530527D529465C
:10CCD000F6F721FF064660B34A462169FFF7C3FF16
:10CCE000A38923F4906343F08003A38126614E441B
:10CCF0006561A5EB090526603E46A560BE4200D9E8
:10CD00003E46324641462068FFF763FFA368002095
:10CD10009B1BA360236833442360BDE8F0872A4649
:10CD2000F6F7FFFE06460028E0D121695046F6F7E7
:10CD3000F5FE0C234FF0FF30CAF80030A38943F012
:10CD40004003A381E9E79368013B002B936010B493
:10CD500008DA9469A34201DB0A2903D15DF8044B88
:10CD600000F098B91368581C1060084619705DF8F7
:10CD7000044B7047F8B506460F461446D518AC422A
:10CD800001D1002007E03A4614F8011B3046FFF7B6
:10CD9000DAFF431CF3D1F8BD2DE9F047164698465B
:10CDA0008A6807460B690C46DDF820909342B8BFAD
:10CDB0001346336091F843200AB10133336023688E
:10CDC000990642BF336802333360256815F00605C3
:10CDD00006D104F1190AE36832689B1AAB422BDCD6
:10CDE00094F843302268003B18BF0123920630D4E8
:10CDF00004F1430241463846C847013023D0236836
:10CE00001A3454F80A2C03F00603042B0ABF54F812
:10CE10000E5C002533684FF0000608BFED1A54F889
:10CE2000123C08BF25EAE5759342C4BF9B1AED1872
:10CE3000B5421AD1002008E0012352464146384647
:10CE4000C847013003D14FF0FF30BDE8F08701350E
:10CE5000C1E7E1185A1C30200233224481F8430014
:10CE600094F8451082F84310C2E701232246414658
:10CE70003846C8470130E6D00136D9E7B1F90C2071
:10CE80002DE9F041170705460C4656D44B68002B98
:10CE900002DC0B6C002B3DDDE66A002E3AD000234D
:10CEA00012F480522F68216A2B6025D0626DA3890D
:10CEB000580705D56368D21A636B0BB1236CD21A7D
:10CEC000216A0023E66A2846B047411C24D000238B
:10CED000636023692360A389DA0400D56065616B10
:10CEE0002F60B9B104F14403994202D02846F6F705
:10CEF00015FE002363630DE001232846B047461C5E
:10CF00000246D4D12B68002BD1D01D2B01D0162B7B
:10CF10002AD12F6000202EE02A68B4F90C3042B1EB
:10CF20001D2A01D0162A21D10023636023692360C2
:10CF3000D5E7626022692260CEE70F69002FE9D051
:10CF400093070E680F600CBF4B690023A6EB070820
:10CF50008B60B8F1000FDDDD43463A46216A284672
:10CF6000A66AB047002808DCB4F90C3043F040034F
:10CF70004FF0FF30A381BDE8F0810744A8EB000823
:10CF8000E7E738B50B6905460C4613B90025284676
:10CF900038BD18B1036A0BB9F3F7D0FFB4F90C3000
:10CFA000002BF3D0626ED00704D4990502D4A06D93
:10CFB000FFF757FE28462146FFF760FF636E0546E0
:10CFC000DA07E4D4A3899B05E1D4A06DFFF74AFEFC
:10CFD000DDE770B50C46B1F90E1096B01546002984
:10CFE0001E460CDAA389002113F0800F14BF4023E2
:10CFF0004FF48063002031602B6016B070BD6A462C
:10D00000F4F7A0FC0028EDDB019901F47041A1F5D3
:10D010000053594259414FF48063EBE78B89F7B5D0
:10D020009D0706460C4607D504F14703236023619C
:10D030000123636103B0F0BD01AB6A46FFF7C9FF8E
:10D04000009F054630463946F6F765FD48B9B4F904
:10D050000C309A05EED423F0030343F00203A381BE
:10D06000E2E7A389206043F08003A381019BC4E928
:10D0700004075BB1B4F90E103046F4F775FC28B123
:10D08000A38923F0030343F00103A381A3891D4374
:10D09000A581CFE7F8B50E461446054618B1036AD8
:10D0A0000BB9F3F74BFFA369A360A3891A0701D556
:10D0B000236943B921462846F4F7EEFB18B14FF037
:10D0C000FF373846F8BD2368F6B222693746981A0A
:10D0D0006369834205DC21462846FFF752FF00289A
:10D0E000EDD1A368013BA36023685A1C22601E7027
:10D0F000431C62699A4204D0A389DB07E1D50A2E5A
:10D10000DFD121462846FFF73CFF0028D9D0D6E7DB
:10D11000C9B20346024410B59342184601D100201B
:10D1200003E0047801338C42F6D110BD430803F0CC
:10D130005533C01A00F03333800800F03330184400
:10D140004FF0013300EB101000F00F305843000E89
:10D15000704710B5044688B1836A016A7BB1806864
:10D160009847002394F8240023621028636005D8B0
:10D170002146F4F71DFF112384F8243010BD002947
:10D18000EFD08368002BECDB084600F088FCE8E772
:10D19000002307B51A46019101A9F4F75BFD03B01E
:10D1A0005DF804FB002330B587B004939DF834305C
:10D1B000DDE90A4503930C9BCDE900450293F4F7A2
:10D1C000C7FC07B030BD072330B585B003930A9B79
:10D1D000DDE908450293CDE90045FFF7E3FF05B01F
:10D1E00030BD30B500230024002585B0CDE90045D1
:10D1F0000293FFF7E8FF05B030BD03680B600160E4
:10D2000070472DE9F0410E46174600240546006898
:10D2100008B9BDE8F081D0E90083B3420BD183683F
:10D22000BB4208D154B9C5F80080C368DB0701D5FB
:10D2300000F035FC204604464046E9E7C4F800808B
:10D24000F3E7D1E90112FFF7DCBF002370B51A46FE
:10D25000194605460468F4F7FDFC0CB92C6070BD56
:10D26000E3682668DB0702D5204600F018FC344648
:10D27000F3E72DE9F8430E461746054610B900209E
:10D28000BDE8F8830468002CF9D0D4E900893B4656
:10D2900032462946A068C8470028F1D14446F2E743
:10D2A0003020704738B5054614460A460021FFF77E
:10D2B000AAFC24F01C046B7944F0100443F004032E
:10D2C0002C716B7138BD2DE9F74F1F469DF830303A
:10D2D0008A4680460093002850D0002967D00C6809
:10D2E000002C66D04FF0000BE679A179761AF6B2E1
:10D2F000BE4208D30C31394408EB020945462144AB
:10D30000F61BC84537E02068A346BF1B002835D070
:10D310000446E9E7AB19994538BFA9EB0506324643
:10D320002846FFF7A0FC009B002B3DD0E279A079B6
:10D33000F3B237BB1844A071E279A37927689A4207
:10D3400032D1DAF80030A34208BFCAF80070BBF14E
:10D35000000F01D0CBF800702046F4F779FE3C4670
:10D3600035444CB10027A379E67903F10C01F61A94
:10D370002144F6B24D45CDD3A5EB080003B0BDE87E
:10D38000F08F121AD2B2F918914209DA0C30204407
:10D39000D21BD21A014438440193FFF71AFC019BB7
:10D3A000E279D31AE371C7E7A3462468D8E70846B1
:10D3B000E4E72046E2E710B5C4790246C4F145032C
:10D3C000D8B2884228BF08460444D47110BD38B58D
:10D3D0000546C079C0F14504E4B2944288BFD4B296
:10D3E0000C3022462844FFF73EFCEB7920462344CC
:10D3F000EB7138BD1FB503910021009103A9FFF720
:10D4000062FF05B05DF804FB38B50446206800B93A
:10D4100038BD0568F4F71CFE2560F7E7034610B534
:10D4200001F0EC0103B910BD1A7902F013020A43AE
:10D430001A711A1A544254415A7964F300025A710B
:10D440001B68EFE710B558B1016802685AB113685C
:10D4500023B15C79E40704D5002414600360084616
:10D4600010BD0360F1E71346F8E7034658B100200A
:10D47000DA7999791B68521A50FA82F01BB15A79FD
:10D48000D207F5D57047704770B50D460446E8B130
:10D4900086798E4203D3751A8571012070BDC279D9
:10D4A00006F145039B1ADBB299420FD806F10C0135
:10D4B0000144921BA81BD2B20844FFF78AFB002349
:10D4C000A371E3791D44AD1BE571E6E70020E5E7B4
:10D4D00010B50C4698B191B18979E279C379521AA5
:10D4E000C3F14503D2B2DBB2934208D30C312144DD
:10D4F000FFF76DFF2046F4F7ABFD012010BD0020C3
:10D50000FCE70346006818B102681A600023036054
:10D5100070470346002003B97047DA7999791B6890
:10D52000521A50FA82F0F6E72DE9F84F8946144670
:10D530008246FFF7EEFF05464846FFF7EAFFA542A1
:10D54000074601D3A04208D2BD4208D10024A34619
:10D55000A046264647B9384604E02746F6E738D2C3
:10D560004FF0FF30BDE8F88F5EB99AF806809AF860
:10D570000760A6EB080608F10C08D044DAF800A012
:10D58000F6B2BBF1000F0BD199F8064099F807B03D
:10D59000ABEB040B0C344C44D9F800905FFA8BFBD6
:10D5A0005E45354628BF5D46BD4228BF3D46214603
:10D5B0002A464046FFF7FDFA0028D3D1A8442C4460
:10D5C0007F1BEDB2761BABEB0505F6B25FFA85FB70
:10D5D000C0E70120C6E703680BB9016070471A462F
:10D5E0001B68002BFBD111607047036803B10B600F
:10D5F0000160704739B10B461A461B68002BFBD1FE
:10D60000036813600160704770B5046806460D46F4
:10D6100044B12046FFF77DFFA84211D8236813B913
:10D62000E379A37170BD20463360F4F711FD3468CF
:10D63000F4E7ED1A236820463360F4F709FD3468F7
:10D64000002DEFD0A279E3799B1ADBB2AB42F0D97F
:10D650002A44A271E6E7F8B5066805460C4646B1CD
:10D660003046FFF756FFA0421DD8336813B9F3794F
:10D67000B371F8BD30462B60F4F7EAFC2E68F4E78E
:10D68000064638460768002FFAD1C2798379D31A43
:10D69000DBB2A34202D9121BC271EAE7E41AF4F723
:10D6A000D7FC3EB13760002CE3D028680028E0D0DA
:10D6B0000026E7E72E60F6E7F8B504460F46BC42C1
:10D6C00000D1F8BDA179E5796D1AEDB2C5F1450635
:10D6D000B6B20EB92468F2E749B10C312A462144AA
:10D6E00004F10C00FFF775FA0023E571A3712368BC
:10D6F000BB42EFD05A79D207ECD49979DD79A07981
:10D700006D1AEDB2B54228BF3546E2790C301044AF
:10D710000C312A4619442044FFF7A5FAE379206822
:10D7200053FA85F3E3718379761B53FA85F5C37950
:10D73000EDB2AB42B6B2857103D103682360F4F752
:10D7400087FC002ED3D1C5E738B50C46016809B96E
:10D75000046038BD0D4609680029FBD1236823B158
:10D760002046FFF7A9FF2C60F3E721462846FFF784
:10D77000AFFE0028EDD1F6E748B1002302794360FF
:10D78000036083604379027143F00403437170477F
:10D7900000221146F4F7B8BC38B504460D46FFF731
:10D7A00073FE98B984B12079FFF7F2FF58B163791D
:10D7B0004279C3F3400363F3410245235D1B0460D8
:10D7C0004271C371857138BD0120EDE72046FAE74B
:10D7D00038B5036804460D469BB11879FFF7D8FFAA
:10D7E00088B12368427903605B79C3F3400363F334
:10D7F000410245235D1B4271C37185712060002089
:10D8000038BD0120EAE71920FAE738B50C4605468D
:10D8100040B3006830B309B9002038BD4AB9C9B275
:10D82000FFF732FE0028F7D12B689A799871A41A75
:10D8300006E0452918D8C9B2FFF726FE0028EBD12B
:10D84000442C07D8002CE7D02846E1B2BDE8384088
:10D85000FFF7BEBF45212846FFF7BAFF0028DCD1FD
:10D86000453CEDE72220D8E72120D6E72DE9F84313
:10D8700090F8078090F806900446A8EB0907FFB2DD
:10D88000B9420D4602D30020BDE8F8830079FFF7C6
:10D890007FFF06460028F6D0A17980790C317F1BE6
:10D8A00029440C30BAB221443044FFF7DCF9F37953
:10D8B00001203B44F371E37999444D442368A5EB7F
:10D8C0000805E57133602660DEE7F8B507680646AF
:10D8D0000D463C46002305B12CB90BB100221A605D
:10D8E00034603846F8BDE379A2799B1ADBB2AB42CB
:10D8F00007D8E379A2799B1ADBB2ED1A2346246894
:10D90000E9E72046E9B2FFF7B1FF0028F1D1074669
:10D91000E7E75318452B02DCC9B2F4F7F5BB00204A
:10D920007047F7B5002605460F4601960DB9019CD4
:10D9300009E0002238461146F4F7E6FB044628B910
:10D9400001A8FFF761FD204603B0F0BDAB798371FC
:10D95000EA79C27168796179D21A60F30001617164
:10D9600069796079C1F3400161F34100607103F1AD
:10D970000C002918D2B22044FFF775F9019B03B9B6
:10D98000019406B1346026462D68CFE72DE9F843AF
:10D990000D461446064610B319B3DAB1034699464C
:10D9A0001B68002BFBD12746C8463A46294640460D
:10D9B000FFF70DFDC145A7EB0007054418BFC9F8E7
:10D9C000008037B10022B1793079F4F79DFBC14670
:10D9D00018B9E41B2046BDE8F8838046E5E7044615
:10D9E000F8E70C46F6E737B51546C9B200221C46E3
:10D9F000F4F78AFB019040B122462946FFF7C6FFA3
:10DA0000844202D901A8FFF7FFFC019803B030BDA2
:10DA1000034610B501391A1A914200D810BD445C72
:10DA20001A7803F8014B42540139F4E7002301440A
:10DA3000884200D1704700F8013BF9E738B5054648
:10DA40000C4604B938BD013C55F834305B68002BF6
:10DA5000F7D09847F5E72DE9F0410446002654F841
:10DA600036302BB904F10408B34203D100250FE08E
:10DA70000136F4E754F833205F1C12685AB158F8A5
:10DA800033009047054630B139462046FFF7D6FFB0
:10DA90002846BDE8F0813B46E6E7F4F73FBCF6F7E1
:10DAA00008B838B50446F9F7B8FF054658B9C82094
:10DAB000E1F742FAC82202212846E1F7FDF9844243
:10DAC000A8BF044624B22046E1F736FAF9F7A5FFCD
:10DAD000BDE83840C8220221E1F7EEB9B0F90020D4
:10DAE000B1F900302DE9F0479A4204460D4648DC72
:10DAF000F4F7DCFD8046DCF795FA00283ED1E1F72B
:10DB0000D1F98246F9F789FFC8220221E1F7D4F959
:10DB100047F6FF73B5F9002081469A4202D1E1F73A
:10DB2000E5F9288047F6FF73B4F900209A4202D144
:10DB3000E1F7D6F92080B5F90000FFF7B2FFB4F99C
:10DB4000003007468342C8BF2080B4F90000E1F7E7
:10DB5000D3F9F7F7A2FC064658B15046E1F7CCF9E5
:10DB60004846E1F7E9F94046F4F7A6FD3046BDE83E
:10DB7000F087E1F797F920802F80F4E741F20C0657
:10DB8000F1E72126F2E7000000000000000000009D
:10DB90000000000000000000000000000000000085
:10DBA000F8B500BFF8BC08BC9E467047F8B500BF8A
:10DBB000F8BC08BC9E4670475FF800F0D1270020F3
:10DBC0005FF800F06D2800205B435D20002E2E2FB3
:10DBD0004253502F6273705F626C7565746F6F741F
:10DBE000682E630025733A2564203A25733A200095
:10DBF0007363203D3D20534C5F5354415455535F54
:10DC00004F4B00417373657274696F6E20272573E3
:10DC100027206661696C65643A20005B453A2030D4
:10DC200078253034785D204661696C656420746FB6
:10DC300020736574206164766572746973696E67B8
:10DC400020646174610A005B453A203078253034E5
:10DC5000785D204661696C656420746F207374611F
:10DC60007274206164766572746973696E670A0004
:10DC700073746172745F61647600082008002E2E50
:10DC80002F6170702E630073630053746174757339
:10DC90003A202573203D203078253034782000410B
:10DCA0007373657274696F6E206661696C65640078
:10DCB000557064617465642041445620496E7465F2
:10DCC0007276616C3A202564206D732028256C756E
:10DCD000207469636B73290D0A00557365722049BE
:10DCE0006E707574203E20004D454153003E3E202D
:10DCF00050686174206869656E206C656E68204D9F
:10DD00004541532E20476961207472693A20256489
:10DD10000D0A003E3E2050686174206869656E20DF
:10DD20006C656E68204144562E20476961207472EC
:10DD3000693A2025640D0A003E3E204C656E68203D
:10DD40006B686F6E6720686F70206C652028556E59
:10DD50006B6E6F776E20436F6D6D616E64290D0A77
:10DD600000437573746F6D4144560066696C6C5F57
:10DD70006164765F7061636B657420636F6D706C56
:10DD8000657465640D0A0053746172746564206182
:10DD900064766572746973696E670D0A00736C5FEF
:10DDA00062745F6F6E5F6576656E74007570646136
:10DDB00074655F6164766572746973696E675F69C3
:10DDC0006E74657276616C006170705F696E697403
:10DDD000004252443431383042002E2E2F736C5F93
:10DDE000676174745F736572766963655F64657695
:10DDF0006963655F696E666F726D6174696F6E2EBF
:10DE0000630041303300382E322E3000736C5F6770
:10DE10006174745F736572766963655F6465766962
:10DE200063655F696E666F726D6174696F6E5F6F57
:10DE30006E5F6576656E740058DE03001B001B0084
:10DE400048E003000E000E0038E00300010001006E
:10DE50000100FFFFFFFF0000010000000108FFFFBD
:10DE60000000000008E00300020002000108FFFFBC
:10DE70000500000020000A0003000A000008FFFF60
:10DE8000010000007A2A002004000D000308FFFFB3
:10DE90000300000002000000050002000108FFFF6F
:10DEA0000500000002000B0006000B000108FFFF48
:10DEB00001000000842A0020070002000108FFFF83
:10DEC000050000000A000C0008000C000308FFFF1A
:10DED000010000009A2A0020090000000108FFFF4D
:10DEE000000000000CE003000A0002000108FFFF30
:10DEF000050000000A0003000B0003000308FFFFF9
:10DF000001000000A22A00200C0002000108FFFF0F
:10DF100005000000020004000D0004000108FFFFDE
:10DF20000000000010E003000E0000000108FFFFE9
:10DF30000000000014E003000F0002000108FFFFD2
:10DF40000500000002000500100005000108FFFFA9
:10DF50000000000018E00300110002000108FFFFAC
:10DF60000500000002000600120006000108FFFF85
:10DF700001000000B62A0020130002000108FFFF84
:10DF80000500000002000700140007000108FFFF61
:10DF900001000000C42A0020150002000108FFFF54
:10DFA0000500000002000800160008000108FFFF3D
:10DFB00001000000CE2A0020170002000108FFFF28
:10DFC0000500000002000900180009000108FFFF19
:10DFD00001000000DA2A0020190000000108FFFFFC
:10DFE0000000000026E003001A0002000108FFFF05
:10DFF00005000000080000801B0000800208FFFFF1
:10E0000007000000000000000200011802000018D4
:10E010000200000002000A180C0053696C69636F6B
:10E020006E204C6162731000F01921B4478FA4BFB9
:10E03000A14F63FDEED6141D636032E0375EA48805
:10E04000534E6DFB6435BFF7002801280328002AD2
:10E05000012A292A242A272A262A232A052A2A2B82
:10E06000292B0229050000000000000000C2010069
:10E07000000500000010000000000000000000008B
:10E08000433A2F736176652F54485F494F542F737D
:10E09000696D706C69636974795F73646B5F763204
:10E0A0003032345F365F325F3030312F6170702F25
:10E0B000626C7565746F6F74682F636F6D6D6F6ED2
:10E0C0002F696E5F706C6163655F6F74615F64661A
:10E0D000752F736C5F62745F696E5F706C616365EE
:10E0E0005F6F74615F6466752E630064656C61794F
:10E0F0005F74696D65725F636200736C5F62745F09
:10E10000696E5F706C6163655F6F74615F64667593
:10E110005F6F6E5F6576656E74003F002800292092
:10E120000000000013B779FAC925DDB7ADF3CFE0E1
:10E13000F1B614B80102000000000000FFFFFFFF6D
:10E1400020000000010000000000000000000000AE
:10E1500000000000000000000000000000000000BF
:10E1600000000000000000000000000000000000AF
:10E17000000000001E000003572703005327030080
:10E18000312703002F2703007D3D01006127030095
:10E19000413D01002C0000000204050300010200C3
:10E1A000000801B448E203000008015A04E2030039
:10E1B00000080040C0E10300000000000000000073
:10E1C0000000FCFEFFFF000000000000FFFF000059
:10E1D00000000000FFFF000000000000FFFF000043
:10E1E0000000000040001806F4D200002C00B0022D
:10E1F0003DBE00001700F2000C7C00000C00410046
:10E200009E4200006400FCFEFFFF000000000000D2
:10E21000FFFF0000000000005A00F306A554FEFFB7
:10E220002100A301A1FEFFFF1100A600832700002B
:10E230000A006100DC26000006003B00F820000018
:10E2400003001500AD130000C800FCFEB4008B08ED
:10E250007BC0FBFF4D00E402E756FFFF2C00A2014C
:10E2600083EBFFFF1A000301B31A00001100A300A3
:10E27000552900000A005E005A28000006003A00F6
:10E28000212200000400180073160000747C5864FA
:10E29000E81024FFFFFFFFFFFFFFFFFFFFFFFFFF6F
:10E2A000FFFFFF0000000000012000000020000030
:10E2B000FFFFFFFF00000000FFFFFFFFFFFFFFFF6A
:10E2C000BCE6FAADA7179E84F3B9CAC2FC63255118
:10E2D0000126000004000000000000000001000012
:10E2E000000000000B0000000B0000000200000016
:10E2F0000000202000000000030000008C8C3C0087
:10E3000000000000000000000000000000000058B5
:10E310001200000000000000FFFFFFFFFFFFFFFFF3
:10E32000010410400100000005000200000300008D
:10E33000B4E5030090E5030004E5030024E50300D1
:10E3400038E50300DCE5030074E5030060E5030045
:10E3500000000000C8E5030000000000A4E5030081
:10E360000000000098E40300000000004CE50300FA
:10E370000000000054E503000000000018E5030061
:10E38000C4E30300F0E50300C6E3030088E50300EF
:10E39000000000000000000000000000000000007D
:10E3A0004E0C0000000000000000000038DE0300FA
:10E3B0000000000000000000040000000000000059
:10E3C000E2FF500001000400FB000000000000001C
:10E3D00015880100141400001C2030401C2000008F
:10E3E0001C203040505341004B45590000010102B0
:10E3F000010202030102070B0B0701160C000001CA
:10E4000008080000050108FFFF02FFFF08080202DC
:10E4100004FF010022FFFFFFFFFFFF030404FFFFD3
:10E42000FFFF2AFFFF1419191B011C1512040048D5
:10E430000C1404131510801A80128080000102044D
:10E4400004000000F4010000FA0000009600000043
:10E45000640000004B000000320000001E000000BD
:10E4600014000000000000000101500040000800FE
:10E470005000240004009001500240009001AE01C1
:10E4800010000F0E0C080C080D1810424C455F537D
:10E490005441434B00000000610B020000000000EB
:10E4A0000049725314497207FF000102030405FF7B
:10E4B000145300724907CDF6F11F0200391F020004
:10E4C00001360200A58703001788030011880300A6
:10E4D0008D390200FDAB0300CB87030013880300D6
:10E4E00015880300BF8703000D880300191A020076
:10E4F000018603006D1B020001020C0000000400F5
:10E5000000000800040000000000000000000000FF
:10E5100000000000000000007B87030000000000F6
:10E52000A0010401560000000000000000000000EF
:10E5300000000000000000000500000000000000D6
:10E54000000000000000000000000000DD1F0200CD
:10E5500000000000A787030000000000A0130500D2
:10E560000A000000000000000000000000000000A1
:10E570000000000009000000000000000000000092
:10E580000000000000000000AD8703000000000054
:10E590000F0000000000000000000000000000006C
:10E5A00000000000B787030000000000000000002A
:10E5B000000000000100000000000000000000005A
:10E5C0000000000000000000252202000000000002
:10E5D000A0010107A00001040204080006000000D9
:10E5E0000000000000000000692302003123020047
:10E5F0009923020000000000A0030601A0090609FB
:10E60000A0020608A0050607A0050606A007060545
:10E61000A0020604A0010610A00A0602A00D060032
:10E62000000004020503060107010108090A0000B1
:10E63000A0015C02A0035C01A0025C00A0020F0923
:10E64000A0030F04A0030F03A0050F02A0010F01F8
:10E65000A0050F00A0040108A0030106A0120100FC
:10E66000010102042001040AF51E02002002040434
:10E67000B11E0200200C0403851E020020000401CC
:10E68000CD1E020020025602C11F020020025601C8
:10E69000951F0200200356005D1F020020010605A1
:10E6A000E925020020040A04E521020020050A02EF
:10E6B000B521020020000115F52202006267617099
:10E6C000695F627566666572730001000200000092
:10E6D00000000000030000000D0003000200010024
:10E6E00005006761747420636F6E6E656374696F93
:10E6F0006E00000000FB349B5F8000008000100073
:10E700000000000000000000C7A90300978D03006F
:10E71000A7AB0300B1AA0300E69D350E480103CC68
:10E72000DBFDF4AC1191F4EFB9A5F9E9A7832C5EF8
:10E730002CBE97F2D203B020008BD28915D08E1C4C
:10E74000742430ED8FC24563765C15525ABF9A32FD
:10E75000636DEB2A65499C80DC006C888391AAF587
:10E76000A53860370BDB5A6083BE00000001000152
:10E770000005010005020203000200000000000283
:10E780000501000500000100010000010001020276
:10E7900003000200000000000202010002BF01FBB2
:10E7A0009D4EF3BC36D874F5394138684C8BD2890C
:10E7B00015D08E1C742430ED8FC24563765C1552E3
:10E7C0005ABF9A32636DEB2A65499C80DCE69D3521
:10E7D0000E480103CCDBFDF4AC1191F4EFB9A5F9BF
:10E7E000E9A7832C5E2CBE97F2D203B0203F49F6F6
:10E7F000D4A3C55F3874C9B3E3D2103F504AFF6059
:10E800007BEB40B7995899B8A6CD3C1ABD000000E3
:10E81000A0010A05A0030A04A0080A03A0070A022F
:10E82000A0060A01A0070A00A0030906A006090520
:10E83000A0070904A0040903A0050902A006090114
:10E84000A00309000202030000000000AD9E0200C8
:10E85000F59E0200959E0200019F0200E99E0200C3
:10E86000C5C2030001C3030027C3030049C303005B
:10E870006BC3030039B40200E9B30200F5B3020030
:10E88000E1B40200EDC40300BBC00300BFC003003D
:10E89000CBC00300C3C00300C7C0030000000000DA
:10E8A00088010000880B00200080640001000080C7
:10E8B000FF7F00000080FF7F0C025241494C0000A6
:10E8C000A0000000E1A9020050000000C1AA02005F
:10E8D000000000010000010100010101ADAD0200D6
:10E8E00091AD02004DE6020079E7020011E7020057
:10E8F00001010203000000011F150F15150F151F60
:10E90000FFFFFFFFFFFFFFFFFFFFFFFFFFFFFFFF17
:10E91000FFFFFFFFFFFFFFFFFFFFFFFFFFFFFFFF07
:10E92000000102020303040506080C0C0C0001029E
:10E9300003040707C8C8C8C8C8C8C8C8C8C8C8C862
:10E9400000B801B802B800B0840504009C050400BA
:10E95000B4050400CC050400030404080805000005
:10E9600000000000000000000000000000000000A7
:10E97000040700004870AC0F44706E0E3070D61360
:10E980000298F6173870940F3470BA0F3070A010D8
:10E990002C70A010287028122470401220709E0F36
:10E9A0001C70E8121870641314709A0FB11008608C
:10E9B00001D80A7104B87F78020C7E78641000C612
:10E9C000881F00A01DB8707803B018600F3027B3FF
:10E9D0000F330111C0480698780229B0086001D8A9
:10E9E000087109DD047109BB11101660A0480860A8
:10E9F00004100112FF3221500860D04808600088DE
:10EA00000698901400C42C1F00A000BA03DF1071F8
:10EA100009DF0672029832031DB8507800A0441333
:10EA2000281441158110086002D8147110880698C6
:10EA30007C1900C014C000B80698EE1B009106981F
:10EA40008E020160B83020D806711EBC637C084D70
:10EA50005412F03240DE0472404804DB08720DDDCF
:10EA60000C72044BEF3014480698FA0400C4E040DE
:10EA700000544412086201322140087C811140D9BF
:10EA80001C72B1123032CF4A013AB1DA107208D892
:10EA9000067104D80871804C237C4470684C441281
:10EAA000FF328722047580B8E84C81D8367140D98E
:10EAB0000472237C084B0698FA0404BA1CB97679D0
:10EAC00000C1204001B835797F216121007906B964
:10EAD00006A901D806710298FE01804C307C02988C
:10EAE000600208D86A7100C1544000B8141110D9EE
:10EAF0005E71584C441280BDA26DFF25784C4412C3
:10EB0000FC22513A2814104C00C20CC101B8241246
:10EB10002814086228140862281408622814304C4B
:10EB2000304C00C11C4000B814111814086100C515
:10EB3000284001B85415FF35047110491814B04C21
:10EB4000441208620132067102980401804C08D810
:10EB50000C7107BA24D8047106BA187004D80C7165
:10EB600001BA40D80E7102BA0A7005BA20D80472F0
:10EB700003BA204C4411C04C1814086118149111A8
:10EB800091150088069836050090DF3151413831E3
:10EB900011429111186110D90472EF3200C108407E
:10EBA00001B8141110311E6111422814A11108611D
:10EBB00018140698D41B181400C1084001B8141189
:10EBC0001861FF31181400C1448001B814111814E1
:10EBD000086118143088024806989003009308DBF7
:10EBE000047101F800A027B00F3000A01088B11107
:10EBF000186180D90A7100C1884000B808110091DD
:10EC000000A000C4684000B8441000A000C08840C4
:10EC1000005004118261041082601050F07200A054
:10EC200054155045127106980A0506989A0407B8BB
:10EC3000707802B841781EBA5B7A5C7A5D7A00C25D
:10EC400020C001B824120698861900C5301F00A004
:10EC50005415511400C3FF010000313D09647F3495
:10EC600006989802015851280475015841280E75DC
:10EC70008111086102D90472FF0FCC7007B8727855
:10EC800000F8EBBD00C02C1F00A00411113D10D9ED
:10EC90001271FF33186300C1781002B8381107B938
:10ECA0007479581000A006988E020D300472044842
:10ECB00009DC0472084800C11CC101B8141100C36A
:10ECC000B81E00A0911504351A7218131CBB08D881
:10ECD00004716C7B04D804716A7B1DBB2F7C5B7B49
:10ECE0001670044B18131CBB08D804716F7B04D832
:10ECF00004716D7B217C0C300260069886040698B6
:10ED0000240C00B8B111186140D906720298600451
:10ED100001BC00C2084001B800DC0A71241502657C
:10ED2000604A0A702C4A241508654C4A043508D9F3
:10ED30000471202400C1241F00A01412008800DCEC
:10ED4000327120D8067101B80C70F0DA0C720CDB4D
:10ED5000087102B806988E04482400C3384101B8EF
:10ED600034138F7B0E7102B9911308DB047203B95F
:10ED700028700C4914111110FD300DDC1C7200C0FC
:10ED80008C1E00A0041080D8107100C0448001B80F
:10ED90000410E5200475804900C3884000B8FFB81E
:10EDA000012011410871014118130824014200C1DA
:10EDB000284000B8141101411C6551419115009083
:10EDC00000DC06710698360520351E655141181382
:10EDD0002813481300C3844000B8341003D81671B8
:10EDE000073005DC1071B1108F780A7200C384C43B
:10EDF0000350217B1DB8507800B800C1241F00A02B
:10EE000014121C602150F0300152281100A040243F
:10EE1000076400C0FFFF0100013C17B00220015849
:10EE20004028067518AC01EC00A0208800C020C066
:10EE300001B8041217B4211304123052F871196486
:10EE4000402400C35C1F00A0341014110698560E15
:10EE50001961009211592129067600BB11590698B3
:10EE6000360E8762313B0472215A412A00A000C24B
:10EE7000686000B8B8B91F610D49181200A0308849
:10EE800001B9116100C30000C0FF3110312800BC7E
:10EE9000002D0C75115418AC01EC312DF47019646F
:10EEA00051134155312C009300A0511010D80C7211
:10EEB0000698AA1701D804710E6500A000C3C00F00
:10EEC000FEFF50B2313A014250AA00A006986C07EA
:10EED000FFB0867808715CB86B786E7800C2548099
:10EEE00001B800C0D81F00A004100812B822217A6F
:10EEF000237A52B8417801B80C6021A809B819608A
:10EF00004CA800C0FFD1C1FF4FB2013A00C0002E93
:10EF1000300001424FAA24B86E78ACB9FFB004D8D3
:10EF200004714CB923A90698C20500C013900100D2
:10EF30000698480500A000C0401F00A017B1181097
:10EF400006980A0519B81460FFB28C620F32826A03
:10EF500021400698480549BC21B952B849B207DE9C
:10EF60002A7105DE0871627C607C1D0C617967780E
:10EF700064786B786278657863786078617C010C7E
:10EF8000010C6878020C69786C78020C00C22C8045
:10EF900001B8277A287A267A6A78050C41790A0C12
:10EFA000B11040D806710298DE06784A2B7A327A80
:10EFB000584A247A00C400011100404A00C010845D
:10EFC00000000812508800C584100100FBAD10BD80
:10EFD00001BB8A6B21B9FAA9C44A1812217A227A94
:10EFE00000C01C1F00A00410FCA882644110303037
:10EFF0000129F9A9F8ADFBB08260FBA80330A06538
:10F000002110044820EC237A0410037A184A2411B2
:10F01000DC4A01580029241004753150F8B1115010
:10F0200081632A71514031400812FCB18461FCA90E
:10F030000F310E7117B0112817B111591028FA7637
:10F04000C44AF9B11812217A227AA07000950812E8
:10F05000F8A800C20C8001B8207A844A00B80812CF
:10F06000020CA44A087A020C21B84178784A0B7A3B
:10F07000127A00C2C81F00A0FFB008D80472184A54
:10F08000241000DC0A7140A80422241041A806982C
:10F09000980200C2301F00A02410015100C4FF01DB
:10F0A000000041391150081200A006986C0700BCFE
:10F0B00000C20C8001B8217A52B84978020C487815
:10F0C000020C49B8417852AC21AC204A087A067A41
:10F0D000077A49AC00C0481F00A017B1181000A063
:10F0E00059B840785AB101D9FC72427857B8407883
:10F0F00058B101D9FC72427800A000C20C8001B85E
:10F10000217A227A21B8547852B8BC4A24119979CC
:10F11000127107B915614CA9617800BB03BC0C647E
:10F12000147009B919614CA9417801BB126300C47C
:10F13000002E300000C0FFD1C1FF4FB10139414165
:10F140004FA9E44AC8B8081224AB4CB823A80698C3
:10F15000C20500C0541F00A017B1181000C00490D1
:10F160000100FFB18679047108480698480500C07F
:10F170008009004040A809B8FFB108D9047103B85C
:10F1800053A8B11004D80C7156BB607B57BA627A91
:10F19000607A02D80C7156BB607B59BA627A607A89
:10F1A00004B86E783DB8607800C05638000000C1E1
:10F1B000B08001B814119979087200C0D60400001B
:10F1C00000C124C000B814119F79047208484CA8EB
:10F1D0002EB8FFB108D906714AA804704BA80FB821
:10F1E00034A800C00C5E000046B2014246AA00C12D
:10F1F0002C4001B8141108610631087100B9069855
:10F20000A81106989614B11101D90E710698FA1B2F
:10F2100002D906720698000D0698901451140698AB
:10F220009A0400C0501F00A017B118100698821150
:10F230000698C01700A00698AA1701D80A711CB832
:10F240005B7807B8757800B84CA84AA84BA800C0EE
:10F25000F321FFFF46B1013946A904B86F7800A039
:10F2600000C0441F00A017B11810FABC1964415C1B
:10F27000512C00C0581F00A00410012C06750698E0
:10F280009A040698D80FB110186005D8327140BAA8
:10F290000698661404B86578911004D816711CB8E5
:10F2A0006E7800C0684000B821780698D0110140FF
:10F2B0000A721DB842780698A2140298BE0B1DB8B7
:10F2C000717804B86C7841B8427863784478FFB1BB
:10F2D00004D906720298160A00C004900100FFB11A
:10F2E0008679047108480698480500C3141F00A0D9
:10F2F00000C274C000B82414481300BC48120C4B60
:10F300001C4A2414481300BC4812384B584A241491
:10F31000481301BC48124ABA447A427A4BBA447A3A
:10F32000427AFFB086780472617A4CBA647A657A60
:10F330003DBA607A4DB942B83FBB5B796679617975
:10F34000020C6479050C63796079050C6279657942
:10F350005A7900C2340102B8241305B8196031404B
:10F36000081242B86A78020C4A78020C40BCFFB21C
:10F3700008DA06714ABA06704BBA627A657A677A19
:10F38000667A6A79667B0298F00A00C3141F00A0AF
:10F3900000C274C000B8241448130C4B1C4A241437
:10F3A00048133FBC48121C4A00BC4812384B444A20
:10F3B0002414481301BC48124ABA647A627A4BBAE0
:10F3C000647A627AFFB3867B0472617A4CBA647A9B
:10F3D000657A3DBA607A01D94E71647800C1708057
:10F3E00001B800C08000080008110698E60B42B87A
:10F3F00061784DB97F797E796A7868786278020C95
:10F400007B790F0C7A79140C74794178607875796E
:10F41000050CFFB208DA06714AB804704BB865787B
:10F4200001BC1664407002D93C710698E60B42B8E4
:10F430004DB96878407841787F797E797B790F0C77
:10F440007A79140CFFB208DA087171794ABA067039
:10F4500070794BBA7279657A6A78020C4A78050C31
:10F4600001BC1664020C417940790C0C00C04C01BF
:10F4700002B848100698FA0400C4784000B8007C2E
:10F4800000C08C1E00A0041180D93271911104D9E2
:10F490002C727F201D200411FD310DDD207200C073
:10F4A000448001B80411E521147600C0244001B85D
:10F4B00004118A790871207C104C207C2AB862786B
:10F4C000511400C0581F00A00410012C17B00111E6
:10F4D0008768015841280E7605218769415C412DD6
:10F4E000112D067006989A0400C0541F00A017B191
:10F4F000181042B84DBB7C7B6478020C29B8687840
:10F5000051144044067506989A0442B844782AB8C3
:10F510004278FFB101D90C7100C1548001B8CBB859
:10F52000081100C04C1F00A017B11810911004D88A
:10F53000147100C08C1E00A0041080D8067107B89A
:10F54000537800F807B800C1B41E00A000C220C064
:10F5500001B824122811777800F8B1109478387126
:10F5600006989802E4B911591128067600B80C7073
:10F57000A0B9115901290475A0B8826000C3C01F49
:10F5800000A03413012B341000C3FFFF00FF42B171
:10F590003139114042A800A01DB09178FA7142B8EB
:10F5A0006478020C00BA29AA00C4548001B842B899
:10F5B0004DB900C3C04001B83413977B047240ECCE
:10F5C000020C44785C7953AA0A0C281442B84DB94D
:10F5D000FFB301DB2671244C00C3FF0FFF01381479
:10F5E0005479407841785579020C5B795A79140C3A
:10F5F0005F795E794A784278347002DB147152790F
:10F6000051795079020C5B795A795F795E791E7075
:10F6100004DB1A7100C4FF07000000C3342102B8E4
:10F6200048133FBB467B020C5B795A793DBB407B5C
:10F630004CBB447B457B00C3181F00A03414403CE6
:10F64000207100C068C000B8481028130C4B1C483B
:10F65000341448102813344B4448341448102813E9
:10F660004AAA4BAA04B86D781DB851785CB84B789B
:10F670004E7800A000C074C000B80411108800B912
:10F68000181068480411108801B90B6118102C4833
:10F6900004111088008800C1231C000018104AB80B
:10F6A00064784BB86478260C28B000C1FFFF0FF0D7
:10F6B000113871B90B61114028A828B97379747990
:10F6C00000C21010303045AA54790E0C00C0E8403A
:10F6D00001B8041100C23030101045AA0E0C0410FD
:10F6E000008810880698C20D0091009020888F61D4
:10F6F0008F600698C20D0090886A21400112906ABE
:10F70000035800C13F3F00001138FFBC02244128CC
:10F710001138014245AA28B953794AB844784BB800
:10F72000447800900091181000912C481810009116
:10F730006848181000A09168436091694361115BAB
:10F74000012B112841603128315B00BA3028067640
:10F750003128204A4163302806763128104A416317
:10F76000302806763128084A416330280676312849
:10F77000044A4163302806763128024A4163302822
:10F780000476014A00A0115910D90671086008607A
:10F7900008D90471086004D90471046002D90471A5
:10F7A000026001D90471016000A000BA01D806719D
:10F7B0000148112A1F61016001D8F6720138F67202
:10F7C00000A000C220C001B82412115921291273CF
:10F7D00000210E7100C238C001B824120121212974
:10F7E00000A002B020D8147100C0981E00A0041020
:10F7F00002B945790698CE13EA7003B09F78087273
:10F8000000B806A800F806986C0700C5641F00A0A1
:10F810005088044D1CBC00C09C1E00A0811101D961
:10F820001E71407C009501153C4D5088044DFFBB76
:10F830001863315B041106984E0E3129F87506984D
:10F84000D01A54150698FA1B01D908720698860733
:10F85000067006982C081CBB547B0698AA1701D882
:10F86000067202987A0FFFB901211038F6728112E0
:10F870009B7AF07100C2448001B8241400C0A81E15
:10F8800000A0041001130020041040500C7200B9B5
:10F890000698880F18B90A7018B90698880F00B929
:10F8A00000B806987E0F704A08B806987E0F00C20E
:10F8B000284000B814B806987E0F00C2EC4001B88A
:10F8C0000CB806987E0F202210B806987E0F10887C
:10F8D000308806988607009300910698880F00C02C
:10F8E000AC1E00A00412FFB901212141181000959F
:10F8F00000F8312811280410081200A004B831289B
:10F900001128F8B1181000A00698C2080E700698C9
:10F91000240C0698C2080698CA1206983607911257
:10F92000211900C02C4001B80A78097800F810B9F4
:10F9300001BA06985C14069882110698C01700C593
:10F94000641F00A081109D78FC7200F891120332B0
:10F950001CB900C38C1E00A0341300C4B040005476
:10F960001DB84278707903DE067144783A70717977
:10F97000A11020D806710298AC1080DB1C7102D84F
:10F98000187205B80814A11010300248081400B805
:10F9900008149110086008141DB86278A11000DCEA
:10F9A0000676517900BA911120311D61911004D869
:10F9B0000E7200C1381F00A0141101D90A712088ED
:10F9C0000698A811009200C1204000B801DB187110
:10F9D000084C03DE0471904C441400C3FF1F000068
:10F9E000413BFF233811944900C3384101B8341317
:10F9F000086380DB0C7103BA1862069894100870D3
:10FA00001862069894100C4908790979141021405D
:10FA1000081100A000BD0698720210B903DC047141
:10FA200000B901BA06985C1402D9067100404E7202
:10FA300003B118610F310698D011FFD828728110D8
:10FA400008D8187106DD0A710698720203DC0C7280
:10FA5000069814120698A2140C7006DD1071069810
:10FA60001A12487020B804A806DD10720698C20861
:10FA70000698360701F840B804A800F800C08C1EAC
:10FA800000A00413086301DB2271911001111861B9
:10FA900011381DB910D8087144790298AC1002DBF6
:10FAA000FA72A11328DBF47203BD0698761106984A
:10FAB000C2081DBA7F7A0698FA0400C5681F00A024
:10FAC0000698720200BA03DC1672044DA11002D827
:10FAD00004711C4D00C10CC101B80698B604541540
:10FAE000212D069858050298EC0891100155033510
:10FAF0005150011900A000C1341F00A0141001D8FA
:10FB0000427101480860FE200E75811020D80871EE
:10FB100000C1381F00A0141101D9287100C02C4069
:10FB200001B80412215108610F31186111522810D7
:10FB300000C0084001B80411911221512031115226
:10FB4000211900A0811380DB067201B800A000C358
:10FB500014C001B8341006302E726C4B34121C4B9A
:10FB60003410186002302072811080D8DE71341099
:10FB7000014A08620460803021508C480A717F235A
:10FB80004D233410013000A000BD069876111CB83A
:10FB900047784578437802B8447800A00698C208B0
:10FBA0000698141200C5741F00A054150698580535
:10FBB0000298EC08B1138F7B0A7200C384C403500F
:10FBC000017B0698961400C1384101B814118F7951
:10FBD0000E7100C1B84000B800BA0698941050BA2F
:10FBE000069866140698D011FFD84A71911004D86F
:10FBF0004872811008601CD8407220D938721112E6
:10FC0000FF322151347180218021111400C0C01EA7
:10FC100000A00413FFBA3151113A215111531DB9FB
:10FC200038107B7940440E7200B900C2941E00A0C7
:10FC30001812067004B860780698901400F800B99D
:10FC400000C2A44000541812644A0AB918121CBA1F
:10FC5000507A517A1DB942795F7900A006987202F4
:10FC600007DC1072911000200A750698CA120298DB
:10FC7000C60F0698360701B9911004D8047100B96F
:10FC800010BA06985C1400BA0040347100C08C1E93
:10FC900000A00411086101D9127104D9E272811027
:10FCA000086001D8DA711DB8647800C11CC101B8C0
:10FCB0000698B60401B81160002A047600BA0698C6
:10FCC000CA1200C5781F00A05415212D069886077A
:10FCD00000C57C1F00A000F800BC811108D9167275
:10FCE00080D9207201B910BA06985C1400400E71D8
:10FCF00001BC1070069814120698A21420B804A82B
:10FD000000F80698CA1281110231127100B900C2BE
:10FD1000144000541812244A02B9181206981412FA
:10FD200000C5801F00A054150698581B0298EC08C7
:10FD30000411012114711CBA737A042004122811D1
:10FD4000042004110121F47200A00698FA0401F8BD
:10FD50000698AA1701D81671FFB9012110380E7242
:10FD600081109B78087104B9677900F8911010D858
:10FD7000287100C51CC101B8541106984E0E00C56B
:10FD8000B01E00A054155129EA7507B876781DB841
:10FD9000447801B804A800F8B110186010D82E718A
:10FDA00000C05040005400C3084000B83114984CC3
:10FDB00044113411086101D9FA7144122810086203
:10FDC00028100862281008622810E8700298AC0217
:10FDD00006988E02113804721E6202BB00C1C01E5A
:10FDE00000A0141120390C72911210DA0672417BB6
:10FDF00000A00698961400C28C1E00A0241220DADF
:10FE00000472617B1CBA527A00A01CBA727A811209
:10FE100004DAFC7200A01CB86B7800C0684000B81F
:10FE20002F7800A00698BC110698AA1701D83A713D
:10FE300000C22C4001B824100360911120310151FF
:10FE4000383111501D6008121DB9537900C2448029
:10FE500001B8241200C0A81E00A004101820002021
:10FE6000041020500471737910631EB9637900B9CE
:10FE700002EC00CD114502EC00CC01DB087100BBA7
:10FE800002982E1903B841110731FA211C76062178
:10FE9000911210DA087102DD10721E7020B80698F7
:10FEA000120E3038147208B80698860400C02C4030
:10FEB00000B82978207800F8056020D806710298EB
:10FEC000681602EC00CA05B823DA187104DBDA718F
:10FED00020DAD67110DAD2721EB8617800B801DA71
:10FEE000067202EC00C8911110D9267100C1A01E43
:10FEF00000A014111150FF300C720761A1101150B5
:10FF000002300A7180DB0A720AB89E701DB97C79D2
:10FF10001860911111402111C031114001191EB812
:10FF2000411108D90471667820D904726578A1104E
:10FF300002D80672C0DA1E711EB8273123DD08729E
:10FF400010DB1072607825DD0A7121DD087208DB94
:10FF50000471627803B8411107310872A115203588
:10FF6000AA7102DD2072A11120D9A07102D91672E6
:10FF7000CCDA9872411140D9927206B8054D5A7286
:10FF800002980A1521114049C0D94C71A031411580
:10FF90004035026551410461086308DA1E7204DAD3
:10FFA00036721049A1150235067110DB0E7201344C
:10FFB0000A7108DB22711EB86778CC3211101A3032
:10FFC0000ADC0872CCDE0471FD3100C00D0F0C0D8F
:10FFD000216001D85C7207B80298341500BA41114B
:10FFE00008D90C7102EC00CA05B830DAEC7207349B
:10FFF000F031036101DA0471014900C0F300A3E3A9
:020000024000BC
:10000000216001D8D27100C098144068216040304E
:10001000014440DA0471204C04320262204A11107B
:1000200006301F60014218311D61114202985215BD
:10003000204A00C005170850216011300142208875
:10004000FFBB0DDA507100C1DE1B250180BC04DA54
:10005000107208DA0A7200C120841000E024A02483
:1000600008634143026401DA06711E49024B00C075
:10007000081F00A008633810BC2002DA127101B911
:100080001159A11380DB087100C100FCFF01181099
:100090000298BA1800C48C1E00A0441080D87C714D
:1000A0000092D0DA06710DDA0C711EBD437DEFBDF2
:1000B0000698100304620DDA8672A11105D95C71ED
:1000C00000C24040005424121024281401D90672A2
:1000D00002D9327140D91E7102EC00CA21101832C7
:1000E0000471FA2220D804720822FE22087502EC5C
:1000F00000C8F87001D90E7102EC00C802D906726E
:1001000004DC187200C08C1E00A004101D6001D811
:1001100006711EB8647807B8737802982E1900C06B
:100120008C1E00A0041080300A7100C0AC1E00A01C
:10013000041000A00698AA1701D82E71911010D8AB
:1001400028728110A0D8227203B084781C7200C17A
:100150002C4001B814100DBA487A697A6B7A0811EC
:100160001CB87B7807B8757800A0641000C6881F9B
:1001700000A0C3B80698780200C42C1F00A014BACF
:10018000281400B8011AB1108F780A7200C084C414
:100190000350017891101030011905BA06986614C1
:1001A00002D9067101B804A800C08C1E00A0041377
:1001B00080DB06710298B0141DBA7C7A01DB6A718B
:1001C00000C20C1F00A024111114FF3402EC00C85F
:1001D000FF24FA7608610698220E046111380F3068
:1001E00004611114011141100698220E01D8087201
:1001F00003B8029834151C4A01DB2271241011281F
:100200001128041202300471106200C0FFFF0000C8
:10021000213800C2204000B8FF20081241100860B9
:100220000698220E01D87C7120BC1033767100BB79
:1002300000C1081F00A01415C021112C5112186212
:100240000F320E714088511406985619414300949C
:10025000511208651C620F320E714111511406983B
:1002600056191C6441430865513B00C1C41E00A0DF
:100270001411111231100F30127100BA056101D83A
:100280000471114201600FD8F472311003601E3006
:10029000047201B8003A087204B802983415029842
:1002A000201700C0384101B804118F7914717F20E4
:1002B000692004110861303110DD06711DBA637ABE
:1002C0000698BC1106980E0300F830885088FF3459
:1002D000087102ECFF24F87002EC00CD14105950A4
:1002E00001440421FF22F2720F4C0095009300A0FC
:1002F00000C1901E00A0141100A030880698AA1B0F
:100300008111086102D9067202986E1A1CBB557BD6
:10031000086120D9067102985E1A0088A110186041
:1003200006987C1908211415FC251EBB5C7B5D7B9F
:1003300000C1084001B814110731FE21307608D8F9
:100340002A725113FC23341304DB20711863FF332A
:10035000315B00C110C000B81411086180490C71F4
:10036000FF31302960751EBB7B7B1C707B7B7C7BE7
:1003700000DD04717D7B01BB3815811318634033A8
:10038000067107BB717BEC25541300DF5471042503
:1003900005DF547154152111208806984E0E0092E5
:1003A00051293E7500C1084001B8141102DB0C71DF
:1003B0000731315B31292A760C7004DF0872016144
:1003C00080D91E7206987C1900C010C000B806982B
:1003D000EE1B06987C191411FFD960720298B41AAA
:1003E0000090009300A05415A111186110D9A672B5
:1003F000082508D8A071082510D89A7120882111E5
:1004000006984E0EFC255412112AF82554110C257D
:1004100020D80871F025541110252029047621597F
:10042000181500920298201A07B97179811010D816
:100430000A711CB8447802B841781CB9747904B9BF
:10044000677900F88110A0D808711CB9497900A01B
:10045000086002D8FA7106987C19108806989614DC
:10046000106210DA087108211415F025541100C229
:100470000020FEFF202912750698FA1B01D90A7286
:100480000698C2080698360700941CBB41100C2041
:100490000698BC134111082114100698BC1331288A
:1004A000441111120861FF31FF3201221052107203
:1004B0001861181404244413042438140C701861AF
:1004C000214118140824081402989014404414710F
:1004D00000C1941E00A0141551131C630FDB0C7295
:1004E000196506980A05411500A000C3784000B8B8
:1004F0003413807B0672069836070698961408BB5C
:1005000051140698181B4415FC25541500C3784057
:1005100000B83413807B047100A0029858051CB900
:1005200000C38C1E00A03413086308DB1A7181130A
:10053000A0DB0671497910706979086302DB0872E3
:1005400004B9677900F800A08111086102D910711F
:100550001CB9757906987C191411FF3100A0FFB9F8
:1005600000A0041008211411F421081100A0811129
:10057000106110310E7106987C1908211411F821B0
:10058000141100A0280C040000000000E405040081
:10059000010000000000000000F04902280C0400E7
:1005A0000000000008060400010000000000000038
:1005B00000F04902280C0400000000002C06040092
:1005C000060000000000000000F04902280C0400B2
:1005D000000000000407040001000000000000000B
:1005E00000F0490228070400809C2B8F80841E00A5
:1005F000000000002700FF7F142A002000000000F8
:10060000000000000000000068080400809C2B8FA0
:1006100080841E00000000002700FF7F142A0020B5
:10062000000000000000000000000000A809040015
:10063000809C2B8F80841E00000000002200FF7F22
:10064000142A00200000000000000000000000004C
:10065000A8090400809C2B8F80841E0000002300CA
:100660002300B600142A0020000000000000000053
:1006700000000000A8090400809C2B8F80841E00CD
:100680000000240024009D00142A00200000000027
:100690000000000000000000A8090400809C2B8FCF
:1006A00080841E000000250025007D00142A002003
:1006B000000000000000000000000000A809040085
:1006C000809C2B8F80841E00000026002600530093
:1006D000142A0020000000000000000000000000BC
:1006E000A8090400809C2B8F80841E000000270036
:1006F0002700FF7F142A00200000000000000000F7
:1007000000000000E80A0400809C2B8F80841E00FB
:10071000000000002700FF7F142A002000000000D6
:100720000000000000000000FC1F0103D40D0400C5
:100730003C4001001000000048400100201700006C
:1007400050400100010400005C4002000D0F000059
:1007500001010000B440010003C0010054C00100C9
:100760000E2D09E620400401300000461FC801009C
:10077000002000100080000058400401180005000F
:10078000400800000900000091000A0080400C01B0
:100790008C002C0200000000120012005B808C1BF9
:1007A000000000000002050E1C2F435362696861BF
:1007B0005543320416E4B8C68A674533224A920488
:1007C000EC40070180B0B18C000000006404830796
:1007D0008813C83A9C200A0001612080B756351260
:1007E00010410201A01B0429088840002841010192
:1007F00000000000304109016406660C0C01000095
:100800004CD4E83B04196F300A10161C22282E34F1
:100810003A4010325476980A1D5F80A46841030163
:100820006404830788138200000000003042020144
:10083000000000000008000EA080020170380300D4
:10084000D0000000A8800111F0010000A880013153
:10085000055AFD01AC800111F0010000AC800131AE
:10086000053EFD00FFFFFFFFFC1F0103240E0400F7
:100870003C4001001000000048400100200700003B
:1008800050400100000400005C4002000D0F000019
:1008900001010000B440010003C0010054C0010088
:1008A0000E2D09E620400401300000461FC801005B
:1008B00000200010008000005840040118000500CE
:1008C000400800000900000091000A0080400C016F
:1008D0008C002C0200000000120012005B808C1BB8
:1008E000000000000002050E1C2F4353626968617E
:1008F0005543320416E4B8C68A674533224A920447
:10090000EC40070180B0B18C000000006404830754
:100910008813C83A9C200A0001612080B75635121E
:1009200010410201A01B0429088840002841010150
:1009300000000000304109016406660C0C01000053
:100940004CD4E83B04196F30080E141A20262C32C0
:10095000383E10325476980A1D5F0000684103014A
:100960006404830788138200000000003042020103
:10097000000000000008000EA08002017038030093
:10098000D0000000A8800111F0010000A880013112
:10099000055AFD01AC800111F0010000AC8001316D
:1009A000053EFD00FFFFFFFFFC1F0103740E040066
:1009B0003C4001000000000048400100A00700008A
:1009C00050400100000000005C40020000000000F8
:1009D00000000000B4400100FF4C000054C00100C2
:1009E0000A2D09E620400401000000061FC0000097
:1009F0000060000000D03200584004016402FF0093
:100A000080080000010000001100080080400C0177
:100A10000804000000000000D903220000000000CC
:100A2000000000000102071121374B5A6769625428
:100A30004029150500008020434433332392A42429
:100A4000EC40070190382CAC0000000064048307E0
:100A50008813C83A9D200A00016120804737414A27
:100A6000104102012A144A0289BBC00A284101012F
:100A7000FFFF0000304109016406660C0C01000014
:100A8000E853FA000000080012181E242A30363CF1
:100A9000424821436587A90B0000E0C46841030177
:100AA0006404830788138200C108000030420201F9
:100AB00045966B105C22670EA080020170780300DF
:100AC000D5C00000A8800111F0010000A88001310C
:100AD0000542CB01AC800111F0010000AC80013176
:100AE00005228D00FFFFFFFFFC1F0103C40E040061
:100AF0003C4001000000000048400100A007000049
:100B000050400100000000005C40020000000000B6
:100B100000000000B4400100FF4C000054C0010080
:100B20000E2D09E620400401000000861FC00100D0
:100B3000006000000080000058400401180005001B
:100B400080080000090000009100040080400C01B2
:100B50008C000C00000000001300220000000000C8
:100B6000000000000002050D1C2F425362696860FE
:100B700053402E1F91822084674533221249020080
:100B8000EC40070190382CAC000000005A10080A15
:100B9000D007CA4A51104800F9541E804737414ACD
:100BA0001041020130194A0589BB4000284101016A
:100BB000FFFF000030410901F15004430C01000027
:100BC000E853FA000000080010161C22282E343AC0
:100BD000404621436587A90B0000C0B4684103016A
:100BE0005A10080AD0074104C10300003042020134
:100BF0008993A30F5EC25D0EA0800201707803008E
:100C0000D0000000A8800111F0010000A88001318F
:100C10000542CB01AC800111F0010000AC80013134
:100C2000053EFD00FFFFFFFF0C40020001810100B7
:100C30000041000020400200000000000100000010
:100C40003040030000000000000000000000000031
:100C5000404002000000000000000000A840010029
:100C600007000000B8400300FF4C0000FF4D0000EB
:100C7000FF4D000008C00100000000001CC0011072
:100C800000F807001CC00130F502080020C0050074
:100C900000130000EC80B3034375A80200000000BD
:100CA0002E02000050C001008741300C58C00200E5
:100CB00054060708D1B6020064C0080004300000E2
:100CC00040201006C8F248181FE8F600BD4B721508
:100CD00011A3180510325476980A000088C001004C
:100CE00000000000080001010807000018000101D1
:100CF000AAAAAA00200001010060DA001C4001013C
:100D0000100000003040030100000003000000005C
:100D100000000000684002012941767100000000D7
:100D2000E040020133000000000000000C4101011E
:100D3000B855120024410101000000005441050192
:100D400001000000000000000000000000000000A2
:100D50000000000038420201000000000000000016
:100D60004442010100000000108001010300000066
:100D70003880020111491000010000008880010143
:100D8000000000009C800101EB400200B0800201E5
:100D9000000300023700000188000202000C00047A
:100DA0004C0000009400010200040000D000020288
:100DB0000E00000090029608E40001023D09420482
:100DC000F40001020000000018010102600051025D
:100DD000FFFFFFFF0F000000000080000000000088
:100DE000440F0400140F040000000000802596004A
:100DF0000048E80140420F00010200001149500282
:100E000000000000000000000000000000000000E2
:100E1000000000003D420F00000000000000000044
:100E2000000000000F000000000080000000000033
:100E3000440F0400200F04000000000080259600ED
:100E40000048E80140420F0001080000114950022B
:100E50000000000000000000000000000000000092
:100E6000000000003D420F000000000000000000F4
:100E7000000000000F0000000000800000000000E3
:100E8000440F04002C0F04000000000000478600FF
:100E90000048E80180841E00010100001149500251
:100EA0000000000000000000000000000000000042
:100EB0000000000054841E0000000000000000003C
:100EC000000000000F0000000000400000000000D3
:100ED000440F0400380F040000000000082F8600B3
:100EE0000048E80140420F00010100001149500292
:100EF00000000000000000000000000000000000F2
:100F0000000000002A420F00000000000000000066
:100F100000000000E5BF00001C250000F4010000F7
:100F2000F5DA02001C250000F401000050C30000A7
:100F30007C150000DC05000050C300001C250000EB
:100F4000F4010000193F0106041001000001010630
:100F500000102700000C000000000000000000202E
:100F60002020202020202020282828282820202059
:100F70002020202020202020202020202020208809
:100F8000101010101010101010101010101010046D
:100F900004040404040404040410101010101010BD
:100FA00041414141414101010101010101010101B1
:100FB00001010101010101010101101010101010C7
:100FC0004242424242420202020202020202020281
:100FD000020202020202020202021010101020009D
:100FE0000000000000000000000000000000000001
:100FF00000000000000000000000000000000000F1
:1010000000000000000000000000000000000000E0
:1010100000000000000000000000000000000000D0
:1010200000000000000000000000000000000000C0
:1010300000000000000000000000000000000000B0
:1010400000000000000000000000000000000000A0
:10105000000000000000000000000000000000236D
:101060002D302B2000686C4C0065666745464700B4
:1010700030313233343536373839414243444546CE
:101080000030313233343536373839616263646564
:10109000660062675F6D6573736167652072656383
:1010A0006569766572730062676275660061636C7C
:1010B000006C6C5F636F6E6E656374696F6E006C5D
:1010C0006C5F6164765F736574006761705F636F06
:1010D0006E74657874006C6C5F76616C69646174C1
:1010E0006F72006D6573685F70726F765F64620027
:1010F00062675F6D65737361676500736F66745FC8
:1011000074696D65725F6D65737361676500666FA5
:10111000756E646174696F6E5F636D64006C6C5FA3
:101120006164765F73796E63006C6C5F7363616E8C
:101130005F73796E63006761705F706572696F6479
:1011400069635F616476006761705F706572696F83
:101150006469635F73796E63006C326361705F63AF
:101160006F635F6368616E6E656C006D6573685F69
:1011700070726F765F64625F6170706B6579006D2D
:10118000626564746C735F636F6E7465787400007D
:10119000A7100400AD100400B1100400BF1004003B
:1011A000CA100400D6100400E3100400F01004007C
:1011B000FB1004000E1104001D110400291104008D
:1011C0003611040047110400591104006B1104008A
:1011D0007F11040062676275665F696E0062676214
:1011E00075665F6F75740062676275665F6E6F66C5
:1011F0006C6F770062675F6D616C6C6F63000000FD
:081200009012FD7F01000000C7
:0C12080014120400E028002092000000F6
:10121400380E0020F2000000F52E0100E803000063
:10122400C0EA2101C0EA21010080000000F0490267
:101234000429002000400F0000A000002810002016
:10124400C8000000FE0000000000000078E1030078
:10125400C00A002007CC03002000000000000000AA
:10126400000000000000000000000000000000007A
:1012740081260200000000000000000000000000C1
:101284008D040200000000000000000000000000C7
:10129400350F020000000000000000000000000004
:1012A400DD1D02000000000000000000000000003E
:1012B400BB87030000000000D522020000000000EC
:1012C4000000000000000000812202000000000075
:1012D4000000000000000000D12302000000000014
:1012E40000000000E12C02000000000000FFFFFFEE
:1012F400FF000000CBAA0300CFAA0300D3AA030077
:10130400D7AA0300FFFFFFFF09C103009CE8030005
:10131400FFFFFFFFA8E80300B7C40300B3C4030042
:10132400FFFFFFFFBBC4030020C001B8FFFFFFFFA6
:1013340095DD0200FFFFFFFFFFFFFFFFFFFFFFFF41
:10134400FFFFFFFFFFFFFFFFFFFFFFFF00000000A5
:1013540003000000902300202C2A0020000000003D
:1013640090230020F82300206024002000000000C7
:101374000000000000000000000000000000000069
:101384000000000000000000000000000000000059
:101394000000000000000000000000000000000049
:1013A4000000000000000000F60920000400000016
:1013B4000000000002001000000000000000000017
:1013C400000000000000000000000A00010000000E
:1013D40000000A000D000000456D70747920457806
:1013E400616D706C65000200080000003030303020
:1013F4003030303002000300000030303000020092
:1014040005000000302E302E3000020008000000DD
:101414000000000000000000FFFFFFFF0400E40CD8
:101424000A001700FFFF0C00000000003CFF1F042F
:101434000101BF8FAF7F8700370F10100004040F26
:1014440005140A030101FF0C01FF405AB400000017
:081454006D2401004524010094
:04000003100034F5C0
:00000001FF
