S014000046496E616C5F70726F6A6563742E733337C0
S214012000C00A0020F534010075260300752603007A
S214012010373B03007526030075260300752603006B
S2140120207526030075260300752603007526030032
S2140120307526030024E10300433D030075260300D3
S2140120407526030075260300752603007526030012
S2140120507526030075260300752603007526030002
S2140120607526030075260300818701006D2F010088
S2140120701D2503007526030075260300752603003B
S21401208075260300752603007526030075260300D2
S21401209075260300B93C010075260300752603006A
S2140120A075260300752603007526030075260300B2
S2140120B075260300752603007526030035090300FF
S2140120C0B1CA0300ADCA0300C9000300BDCA0300BC
S2140120D0B5CA0300F9080300B9CA03002DE60200D9
S2140120E0750903007526030075260300752603008F
S2140120F07526030075260300752603007526030062
S2140121007526030075260300752603007526030051
S2140121107526030075260300752603007526030041
S2140121207526030075260300752603007526030031
S2080121307526030007
S214012134F0B5114A114C124E00F00105E3695F0730
S21401214413D40DB9334213D103EA00078F4207D1E2
S2140121540B4A1A40002A0CBF00206FF00100F0BDA4
S214012164013AEBD16FF00200F9E74FF0FF30F6E7E2
S2140121746FF00100F3E700BF80969800000003505B
S214012184020001000B4B70B5D96911F480310DD1F1
S21401219401244FF48072084E084DF46020462C64E6
S2140121A41A61FFF7C5FF3464EC6070BD6FF001007F
S2140121B4FBE700BF0000035000100350002003504B
S2140121C438B541F6713301220C4C0021E569E3630D
S2140121D40B4B05F48035DA6002236061212023610C
S2140121E4FFF7A6FF10B92120FFF7A2FF0122054B36
S2140121F4DA600DB10023E36338BD00BF000003506D
S214012204001003500020035070B5134C6061E3695D
S2140122145B071ED40E4656F8043B8D18A361AE42E6
S2140122240BD10423002121202361FFF781FF58B934
S214012234BDE870402120FFF77BBF08210846FFF761
S21401224477FF10B10423236170BD56F8043BA361E4
S214012254E5E74FF0FF30F7E7000003502DE9F843B8
S214012264154641F67132164B8946DF69DA63012257
S214012274064603F58053DFF8508007F48037DA60AA
S21401228455B9284601220F4BDA601FB10022A3F587
S2140122940053DA63BDE8F88306F5005404EA08043B
S2140122A4A41BAC4228BF2C46494622463046FFF7BB
S2140122B4ABFF0028E6D12644A1442D1BE0E700BF6E
S2140122C4000003500020035000E0FFFF0000000060
S2140122D8002370B5404C05468AB0E36318B1008800
S2140122E823600CF0CFFC3D4829F014FF3C4E3D4BD3
S2140122F8304633603C4B736025F009FB00213046BD
S21401230817F00AFE32A3D3E90023A062C4E9062324
S21401231825F008FBD4E9062319431043C4E906014E
S214012328CDE900014FF0FF334FF0FF32A06A29F0E4
S21401233845FF02224FF0FF31A06A29F044FF012031
S2140123480CF0FCF84FF4007300222849A06A29F023
S2140123588BFFB0F5007F38D100239422CDE90733EF
S21401236809933C23CDE9033205939623A06A03A972
S214012378069317F0B9FE35B3287C0CF023FD054605
S214012388F0B9A06A2AF04CF80CF0CAFC0CF0B8F8C0
S21401239820B14FF48070002109F040F90CF0C0F824
S2140123A820B14FF40060002109F038F925F0E0FB70
S2140123B8012017F007FE0E4A0E49A06A25F0A5FA75
S2140123C828460AB070BDFF20D7E70725F8E700BF03
S2140123D80DD5015520000000300B0020690345EC9F
S2140123E8801D0020C9E30100901D0020801B0020ED
S2140123F8BB780300FB7803000348044B834202D0F2
S214012408034B03B118477047282B0020282B0020C0
S21401241800000000064B0749C91A891048BF013158
S214012428491003D0044B0BB101481847704700BF49
S214012438282B0020282B00200000000010B5064C91
S214012448237843B9FFF7D8FF044B13B10448AFF319
S21401245800800123237010BD8C2500200000000099
S2140124680012040008B5054B1BB105490548AFF332
S2140124780080BDE80840FFF7CDBF00BF00000000A0
S214012488980D002000120400A3F5803A704700BF9B
S214012498174B002B08BF134B9D46FFF7F5FF00218E
S2140124A88B460F461348144A121A2AF0A8FB0E4BFD
S2140124B8002B00D098470D4B002B00D098470020E2
S2140124C8002104000D000D48002802D00C48AFF387
S2140124D800801EF071FE200029001FF0B6FF1EF0D6
S2140124E803FC00BF00000800000000000000000018
S2140124F8C00A0020C00A0020402700200000000073
S2140125080000000037B50C460346C27E002120466F
S21401251810F066FA0546F8B1234C2449206821F0E4
S21401252896F82349206821F092F820F03EF820F02A
S2140125383DF8204B204A009320493623206821F095
S21401254886F81F4A1F49206821F081F82A461E4945
S214012558206821F07CF8FEE70221204610F06AFA8E
S2140125680546F8B1104C1149206821F070F8104959
S214012578206821F06CF820F018F820F017F80D4BB9
S2140125880D4A00930D493C23206821F060F80C4A57
S2140125980C49206821F05BF82A460C49206821F08E
S2140125A856F8FEE703B030BD9C0E00205FDD030041
S2140125B8C8DB030070DC0300CDDB0300E4DB0300AB
S2140125C8F0DB030003DC03001BDC030047DC03002D
S2140125D80146014820F02DB900800550014820F039
S2140125E822B900BF008005502DE9F84300240E46A5
S2140125F80A4600210746A0462AF001FBDFF84C9060
S214012608013EFFF7EBFF0546FFF7E2FF0D2D06D16A
S21401261800233B550C48BDE8F8431FF00CBF0A2DB4
S214012628F6D0082D01D07F2D08D1002CE9D0013C29
S214012638484607F804801FF0FEFEE2E7A642E0D906
S2140126483D550134DDE700BF5EDD03007ADC03009B
S214012658012337B54FF4FA610093164A002316484A
S21401266800F026FE054610B3144C1549206820F0E4
S214012678EEFF1449206820F0EAFF1FF096FF1FF0CE
S21401268895FF114B114A009311495123206820F0F8
S214012698DEFF10492B46104A206820F0D8FF28464E
S2140126A800F0AAFD0D49206820F0D1FFFEE703B02F
S2140126B830BD00BF51240300B00D00209C0E002041
S2140126C85FDD0300C8DB0300C8DD03007EDC030012
S2140126D8E4DB03008ADC030087DC03009FDC0300DD
S2140126E814282DE9F341B8BF14200A23DFF8008126
S2140126F80501074698F80000B5FBF3F510F05EF9FA
S214012708002300932A46294698F8000010F020F97D
S2140127182D4C064608B32D49206820F098FF2C4911
S214012728206820F094FF1FF040FF1FF03FFF294B61
S214012738294A009329496823206820F088FF2849F8
S2140127483346284A206820F082FF304600F054FDC0
S2140127582549206820F07BFFFEE7022198F8000053
S21401276810F068F9064608B31849206820F06FFF8C
S2140127781749206820F06BFF1FF017FF1FF016FFA0
S214012788144B154A009315496E23206820F05FFF05
S21401279813493346134A206820F059FF304600F0A3
S2140127A82BFD1149206820F052FFFEE71FF0FDFEC1
S2140127B81FF0FCFE2B463A460C49206802B0BDE8DD
S2140127C8F04120F044BF00BF9C0E00205FDD0300EF
S2140127D8C8DB0300ACDD03007EDC0300E4DB03009A
S2140127E88ADC030087DC03009FDC0300B0DC0300FF
S2140127F8FD2A002010B51B4890B01FF01CFE1A4891
S214012808FFF7F2FE0422194917482AF000FA58B9C8
S21401281817482AF065F91749024668461EF056FC1D
S21401282868461FF008FE14E0032213490E482AF0F2
S214012838EEF9A0B911482AF053F9044602461049A0
S21401284868461EF043FC68461FF0F5FD2046FFF774
S21401285847FF054810B0BDE810401FF0ECBD094819
S214012868DFE700BFDADC03008D250020E8DC030083
S21401287892250020EDDC030067DD0300912500208A
S21401288813DD030038DD030070B50368A44A23F49A
S2140128987F4323F00703934288B005D0A14A9342A9
S2140128A800F0E88008B070BD0DF10F0104A810F023
S2140128B815F99D4C054608B39C49206820F0C7FECB
S2140128C89B49206820F0C3FE1FF06FFE1FF06EFEC6
S2140128D8984B994A00939949BD23206820F0B7FE82
S2140128E897492B46974A206820F0B1FE284600F003
S2140128F883FC9549206820F0AAFEFEE7BDF814304F
S21401290801465BBAADF818309DF8133008228DF8E9
S2140129181A30FF238DF81B30FE238DF81C309DF8E6
S214012928123018208DF81D30BDF810305BBAADF89E
S2140129381E3006AB10F0A4F8054608B37B4920689C
S21401294820F085FE7A49206820F081FE1FF02DFED2
S2140129581FF02CFE774B784A00937849CD232068E0
S21401296820F075FE76492B46764A206820F06FFEE1
S214012978284600F041FC7449206820F068FEFEE70E
S214012988724E30460FF0CCFF054608B367492068FB
S21401299820F05DFE6649206820F059FE1FF005FE0E
S2140129A81FF004FE634B644A00936449D2232068EF
S2140129B820F04DFE62492B46624A206820F047FE09
S2140129C8284600F019FC6049206820F040FEFEE722
S2140129D84FF4C86200900346114630780FF0B8FFEE
S2140129E8054608B35149206820F031FE5049206851
S2140129F820F02DFE1FF0D9FD1FF0D8FD4D4B4E4A95
S214012A0800934E49DB23206820F021FE4C492B46D3
S214012A184C4A206820F01BFE284600F0EDFB4A4988
S214012A28206820F014FEFEE7072130780FF0B2FF89
S214012A38474B40F2FF220193464B06211B78464836
S214012A480093464B1B881FF0C5FC1FF0AEFD1FF018
S214012A58ADFD4349206820F0FAFD31783E48FFF77E
S214012A6851FD1FF0A2FD1FF0A1FD3E49206820F090
S214012A78EEFD17E7354C022120780FF0C7FF054613
S214012A8810B3294C2949206820F0E1FD284920681F
S214012A9820F0DDFD1FF089FD1FF088FD254B264A35
S214012AA800932649F623206820F0D1FD24492B46B9
S214012AB8244A206820F0CBFD284600F09DFB2249D9
S214012AC8206820F0C4FDFEE7022120780FF0B2FF4F
S214012AD8054600283FF4E6AE134C1449206820F05A
S214012AE8B6FD1349206820F0B2FD1FF05EFD1FF009
S214012AF85DFD104B104A00931049FB23206820F017
S214012B08A6FD0F492B460F4A206820F0A0FD28464F
S214012B1800F072FB0C49206820F099FDFEE700BF23
S214012B28A0000100A00006019C0E00205FDD030046
S214012B38C8DB03009DDD03007EDC0300E4DB030045
S214012B488ADC030087DC03009FDC0300FD2A0020E3
S214012B5861DD0300FC2A0020F1250020782A0020E8
S214012B686BDD030087DD030030B503687C4A23F478
S214012B787F4323F00703934289B040F0EE80082292
S214012B8800211220774B0FF07BFF044610B3764DD9
S214012B987649286820F05BFD7549286820F057FDBE
S214012BA81FF003FD1FF002FD724B734A0093734931
S214012BB85C23286820F04BFD71492346714A286832
S214012BC820F045FD204600F017FB6F49286820F0E5
S214012BD83EFDFEE70146032214206C4B0FF050FF22
S214012BE8044610B3604D6149286820F030FD6049FD
S214012BF8286820F02CFD1FF0D8FC1FF0D7FC5D4B91
S214012C085D4A00935D496A23286820F020FD5C49E7
S214012C1823465C4A286820F01AFD204600F0ECFAA4
S214012C285949286820F013FDFEE7014605221620BB
S214012C38574B0FF025FF054610B34B4C4B49206800
S214012C4820F005FD4A49206820F001FD1FF0ADFC83
S214012C581FF0ACFC474B484A009348497823206844
S214012C6820F0F5FC46492B46464A206820F0EFFC42
S214012C78284600F0C1FA4449206820F0E8FCFEE73F
S214012C880DF10F0104A80FF029FF044610B3364DC5
S214012C983649286820F0DBFC3549286820F0D7FC3F
S214012CA81FF083FC1FF082FC324B334A00933349F2
S214012CB88323286820F0CBFC31492346314A28680B
S214012CC820F0C5FC204600F097FA2F49286820F026
S214012CD8BEFCFEE7BDF8143001465BBAADF8183005
S214012CE89DF8133008228DF81A30FF238DF81B3013
S214012CF8FE238DF81C309DF8123018208DF81D30F3
S214012D08BDF810305BBAADF81E3006AB0FF0B8FE52
S214012D18054610B3144C1549206820F098FC144950
S214012D28206820F094FC1FF040FC1FF03FFC114B7C
S214012D38114A009311499323206820F088FC104912
S214012D482B46104A206820F082FC284600F054FAE8
S214012D580D49206820F07BFCFEE709B030BD00BFB6
S214012D68A0000100D1DD03009C0E00205FDD0300FA
S214012D78C8DB03000CDE0300DADD0300E4DB030036
S214012D888ADC030087DC03009FDC030002DE030005
S214012D9806DE030007B501A801F058FF9DF80530C7
S214012DA8012B27D1214A936DDB0313D4536B23F4EC
S214012DB8FF0323F4FE4343F4BC1343F4A0635363B5
S214012DC8136B23F4704343F440431363136B43F4C8
S214012DD8E06313639DF8043063B94FF000531B6832
S214012DE8134B1B68134B1B68134B1B68134B1B6851
S214012DF8134B1B68134AD2F8803043F00303C2F81A
S214012E08803003F099FD00F049FB20F0D3FB20F059
S214012E1843FB04F06DF800F037FB00F07BFC00F094
S214012E2881FF03B05DF804EB04F096BD00C00050C6
S214012E38004000200080002000C000200000012083
S214012E48004001200080005030B5204D95B00DACF3
S214012E580FCD0FC495E80700032384E80700012473
S214012E688DF84D301A4A1B4B0021CDE903231A4B26
S214012E780E220DF12600CDE9053429F0C0FE4FF4E7
S214012E888021164B0DAACDE907130B238DF82430A4
S214012E980C238DF82530124B07A90A9320230B9390
S214012EA8104B1148009303AB8DF8314003F062FFD5
S214012EB804469DF832304FF4E130002B0CBF032155
S214012EC800211FF0C4FB204615B030BD64E00300A6
S214012ED800800550210005000600040224800550E4
S214012EE80D260020E80D0020380E0020831E012B39
S214012EF810B512D8012922D8114B04221B690521C5
S214012F080020C3F3401301F025FD0E4B1B6818681B
S214012F18A8B1BDE81040436A18478B1E012B0CD890
S214012F2801280CD8BDE810400022054B05211B6975
S214012F381046C3F3401301F00DBD0129E5D910BDB4
S214012F4800C00350E028002008B50449044804F0EE
S214012F58BDFDBDE80840FFF777BF00BFE4280020A5
S214012F685C0E0020014820F009BD00BF380E002085
S214012F78014B1A6A18681047380E0020184B37B5E7
S214012F8883422AD1174B1B783BB3C8B20FF066FDB4
S214012F98054610B3144C1549206820F058FB14490F
S214012FA8206820F054FB1FF000FB1FF0FFFA114BBE
S214012FB8114A009311498523206820F048FB1049DF
S214012FC82B46104A206820F042FB284600F014F9E8
S214012FD80D49206820F03BFBFEE703B030BD00BF7B
S214012FE8640E00202D2600209C0E00205FDD0300C5
S214012FF8C8DB0300EBE0030080E00300E4DB03002A
S2140130088ADC030087DC03009FDC030030B500255B
S2140130180368584A23F47F4323F0070385B0934295
S21401302804460295ADF80C507ED002F580229342F4
S2140130380ED0A2F18272934240F09A804E4B1B78D2
S214013048002B00F0958005B0BDE8304020F068BE42
S214013058B0F805301B2B40F08B80FF2304A91A46D5
S21401306811E903001FF09AFA012814BF41F2FC1572
S214013078414B05F0FC0208BF18701B2120790FF0A0
S21401308815FD054610B33D4C3D49206820F0DFFA92
S2140130983C49206820F0DBFA1FF087FA1FF086FA11
S2140130A8394B3A4A00933A495923206820F0CFFA17
S2140130B838492B46384A206820F0C9FA284600F0D5
S2140130C89BF83649206820F0C2FAFEE7344900909A
S2140130D82379344A0968344800F0EAF80546002896
S2140130E846D0264C2649206820F0B1FA25492068A2
S2140130F820F0ADFA1FF059FA1FF058FA224B234A6E
S214013108009323496223206820F0A1FA21492B461F
S214013118214A206820F09BFA284600F06DF81F49DE
S214013128206820F094FAFEE7B0F80530B7EE047A86
S21401313807EE903AF8EE677AB0F8073067EE877AC6
S214013148013307EE103AB8EEC77A67EE877AB1EE22
S214013158047A67EE877AFAFE677AFCEEE77A17EE64
S214013168903AB3F57A7F38BF4FF47A730C4A1360F6
S21401317805B030BDA00006022D2600209C0E0020BA
S2140131885FDD0300C8DB0300FAE0030080E003000C
S214013198E4DB03008ADC030087DC03009FDC030012
S2140131A8EC280020852F0100640E0020012208B5B6
S2140131B8074B1A700022074B1A700422064B1A7026
S2140131C81F22064B1A7003F035FC054B186008BD24
S2140131D8002B00202E260020FF2A0020FE2A002091
S2140131E89C0E0020024B0349186820F030BA00BF35
S2140131F89C0E00201AE1030070B50C4C0C490646DB
S214013208206820F024FA03F015FC0546206803F030
S21401321805FC3046FFF7E6FF284603F0FFFB20686B
S2140132280449BDE8704020F012BA00BF9C0E002089
S2140132381CE103001EE1030038B505461FF032FA0B
S21401324800230B4A14685CB1AC4206D1A96A6BB17B
S21401325899621FF02DFA012007E02346A46AF2E7D7
S214013268002DF3D01FF024FA204638BD1160F0E790
S214013278A00E002010B50446B0B105F011F820469E
S214013288FFF7DAFF10B194F82C300BB9002010BD07
S214013298064C2368002BF9D01FF004FA2368013B7B
S2140132A823601FF005FAF1E72220F0E7A40E0020BC
S2140132B82DE9F04385B00546914698460E469DF899
S2140132C8307009B9002F5CD12846FFF7D3FF0446B2
S2140132D8002836D185F82C00686305F0EFF8864299
S2140132E833D905F08BF82146844640F2E7304FF48F
S2140132F87A720023E6FB0C011DF066FB4FF0FF32E5
S21401330800231DF061FB2B46E88611462846CDE9C9
S21401331800441D4A20F08CFC044690B9C5E908987B
S21401332885F82D702E631FF0BDF9184A136833B35C
S2140133381A469B6A002BFBD195620023AB621FF0ED
S214013348B7F9204605B0BDE8F08347B12B463146AC
S2140133582846CDE900440C4A05F074F8DCE7304607
S21401336803A905F051F804460028EAD12B46284659
S214013378CDE90077044A039920F036FCCCE71560BE
S214013388DBE72124DDE700BF99330100A00E00200A
S21401339891F82C3013B50C4683B98B8ECA8E93429E
S2140133A80ED243B9CDE9003320460B46124A4FF0F8
S2140133B8FF3120F0FDFBA38E0133A38602B010BDBA
S2140133C852B191F82D3093B101230093D1E9082326
S2140133D82046096BFFF76CFF012384F82C30074B56
S2140133E81A6801321EBF1A6801321A60E6E70846F3
S2140133F804F056FFF0E700BF99330100A40E002041
S2140134082DE9F041154E336833B34FF00008144FD9
S2140134181FF048F905463C6824B92846BDE8F0413E
S2140134281FF046B994F82C30A3B1336884F82C8081
S21401343813B13368013B336094F82D3013B9204635
S214013448FFF7FAFE28461FF033F9D4E9083120467B
S2140134589847DDE7A46ADFE7BDE8F081A40E0020FF
S214013468A00E0020034B1B68002B14BF042001206C
S214013478704700BFA40E0020024B1868B0FA80F00F
S21401348840097047A40E002008B5034820F010F83C
S214013498BDE808401FF00DB81CE30300014820F002
S2140134A807B800BF1CE3030007B508201FF00AF998
S2140134B802238DF80030054B684601931FF08BF800
S2140134C8082003B05DF804EB1FF007B9006A18106E
S2140134D80348044A0449121A92101FF0C8B800BFDC
S2140134E834210100D42201004027002008B500F04D
S2140134F82FF8FFF7EDFF124B12498B4212D300202B
S214013508114B12498B4218D3FEF7C2FF186850F8C0
S2140135182240586840F82240013298688242F5D322
S2140135280C33EAE70022F8E71C6844F82200013267
S2140135385C68A242F8D30833E4E70022F8E700BF44
S21401354808120400141204001412040014120400D1
S214013558124B134A70B59A60D3F88820114D42F47D
S2140135687002C3F888206FF0010205F50054226640
S21401357841F2FF7262660222C3F8D020BFF34F8F72
S214013588BFF36F8F4FF44036032003F025FA03206C
S214013598E66003F013FA2E6170BD00BF00ED00E08F
S2140135A80020010000800044014B1868704700BFE6
S2140135B8F4280020014B1860704700BFF42800204B
S2140135C8084B1B6F03F00703022B04D0032B05D00F
S2140135D8012B05D0FEE7044B18687047034BFBE741
S2140135E80348704700800050F4280020FC2800207B
S2140135F8002D310108B5FFF7E3FF054B1B6FC3F339
S21401360801330133B0FBF3F0024B186008BD00BF6D
S21401361800800050F02800200048704700B4C40419
S214013628014B1868704700BFFC280020054B18603E
S214013638054B1B6F03F00703032B01D1FFF7DABF16
S214013648704700BFFC2800200080005000487047E3
S214013658002D3101174B9868C0F304400C280AD88E
S214013668DFE800F00B0909090909072119091B1DDB
S2140136781F0011487047002070479B6803F040738D
S214013688B3F1807F11D0B3F1007F10D00B4A002B25
S21401369808BF104670470A4870470A4870470A48E4
S2140136A870470A4870470A4870470A4870470A48E8
S2140136B8704700BF0040015A405DC60000093D0042
S2140136C8C0EA210180BA8C010048E801005A62026A
S2140136D80024F40080841E0040420F00014B186845
S2140136E8704700BFF828002000239B6AB3F5903F77
S2140136F803D21968064A914203D0002303708360F7
S2140137087047012202709A689B694260F7E700BF1A
S21401371807B0CD5E00239B6A10B5B3F5903F11D272
S21401372819680A4A91420DD1094C227812F0FD0F08
S21401373801D0002010BDDB6998470028FAD1012383
S2140137482370F6E74FF48170F4E700BF07B0CD5E4B
S2140137582F2600204FF00053014A1A6003F00AB9D9
S21401376802020FF0034B5868C0F30800003818BF70
S2140137780120704700ED00E013B5002429480194A4
S2140137881FF096FE012304220321204601F0E2F8E9
S21401379820461FF030F80122234B0520C3F84424A5
S2140137A801A91FF07BFE002839D1204BD3F8F02061
S2140137B842F00102C3F8F020D3F8FC2042F08072F0
S2140137C8C3F8FC201A4AA3F55D431A60019B194AFF
S2140137D803F5D52303F2FC43B3FBF2F3164A013B88
S2140137E813610223C2F8F0304FF48073C2F8043331
S2140137F84FF06043114AC3F8B02F114AC3F8802E20
S214013808D3F8002E42F48072C3F8002EFF2283F804
S2140138182020D3F8002E22F48072C3F8002E02B0BE
S21401382810BD00BF1CE3030000D0035000ED00E00C
S214013838FF030040F8590D00000004E055CEACC562
S214013848090001004FF06043D3F8802E30B5D20747
S21401385815D501240B4D8440D5F8FC2042F0807222
S214013868C5F8FC20D3F8002E2243C3F8002E53F8DF
S2140138782020002AF0D003F82010002030BD1120A7
S214013888FCE700BF00ED00E02DE9F04F9A46564BE5
S21401389885B01B7806460F461546DDF83C909DF820
S2140138A844B0DDF85080002B00F09780072A00F21C
S2140138B896800E9B002B00F09280B9F1000F00F065
S2140138C88E80129BB3F5006F00F38980012803D11F
S2140138D8109B002B00F08380444B03EB05131B7BE6
S2140138E8002B7ED0424C10220021684629F087F929
S2140138F804EB45141022A7BB3946204629F07FF968
S21401390843F210036380BBF1000F03D1E37843F061
S2140139180303E370364A0E9B02EB451CCCE9019380
S214013928129B6901581E9DF84C30C0F30A0003F03B
S21401393803039B0643EA001E53582E48012E00EA4D
S21401394803004EEA0003CDF800A0535017D0B8F193
S214013958000F2ED19CF8023068F304138CF802305D
S21401396827E00021204629F04AF94FF44473638082
S214013978BBF1000FCED1E37843F03003C9E7132338
S2140139880CF1100ECCF80C309CE80F008EE80F00F6
S2140139986FF00301DCF81C20109B61F39F02012FD6
S2140139A8CCF81C20CCF8143003D1CCF81890CCF8FD
S2140139B8043000270D4A290102EB051342F801805D
S2140139C8159A28465A60694622469F605E7301F03A
S2140139D845F8384605B0BDE8F08F0748FAE70748C6
S2140139E8F8E70748F6E700BF30260020A80F0020B2
S2140139F8A80E00200F80FFF3028000F0018000F07F
S214013A08078000F038B5124B05461B78DBB1E0B1EC
S214013A181EF048FE0F4A00231146147B54B92B604A
S214013A2801251A0101EB03131D738C501EF040FE8D
S214013A38204638BD0133082B02F11002EDD11EF0E5
S214013A4837FE0548F5E70548F3E70548F1E700BFFF
S214013A5830260020A80F0020048000F0028000F025
S214013A68018000F038B51EF01DFE002305460B4AFE
S214013A78147B6CB90133082B02F11002F8D100F05F
S214013A88A9FF074B28461C701EF012FE204603E0CD
S214013A9828461EF00DFE034838BD00BFA80F0020BB
S214013AA830260020058000F00D4B10B51B78044623
S214013AB893B1072812D81EF0F5FD0A4B03EB041341
S214013AC81A7B2AB100241C731EF0F2FD204610BD95
S214013AD81EF0EEFD0448FAE70448F8E70448F6E75E
S214013AE830260020A80F0020068000F0028000F093
S214013AF8018000F0154B13B51868002301908DF866
S214013B0804301EF0CFFD124B1C7824B11EF0D0FDF8
S214013B18104802B010BD01221A701EF0C9FD0E4BE6
S214013B2801A81C731C7783F82C4083F83C4083F863
S214013B384C4083F85C4083F86C4083F87C4008234B
S214013B488DF8073000F062FF2046E2E774E10300D3
S214013B5830260020038000F0A80F00200A4A08B586
S214013B6812785AB107280BD8084A02EB00131B7BB8
S214013B7843B1002100F03CFF002008BD0448FCE7E3
S214013B880448FAE70448F8E730260020A80F002082
S214013B98028000F0018000F0078000F00A4A08B5AC
S214013BA812785AB107280BD8084A02EB00131B7B78
S214013BB843B1012100F01CFF002008BD0448FCE7C2
S214013BC80448FAE70448F8E730260020A80F002042
S214013BD8028000F0018000F0078000F00A4A08B56C
S214013BE8127852B107280AD8084A02EB00131B7B41
S214013BF83BB100F07FFF002008BD0548FCE70548FB
S214013C08FAE70548F8E700BF30260020A80F00208D
S214013C18028000F0018000F0078000F00D4B1B7851
S214013C2893B1072812D889B10B4B03EB00131B7B02
S214013C3873B10A4B1A6D01238340134214BF012343
S214013C48002300200B7070470548704705487047E9
S214013C580548704730260020A80F002000000450B1
S214013C68028000F0018000F0078000F00B4A10B5D2
S214013C7812780C4662B107280CD859B1084A02EBEB
S214013C8800131B7B43B100F047FF2070002010BDD6
S214013C980448FCE70448FAE70448F8E73026002019
S214013CA8A80F0020028000F0018000F0078000F0D5
S214013CB8184B2DE9F0411F6D5B6D1F4000D5FEE7DF
S214013CC801260025144CDFF85880374218D023689F
S214013CD8C8F85060A3B1A168284601316268A1609E
S214013CE89847637B012B0BD150B90C4B03EB45135B
S214013CF81A7B60F341021A731A7F60F341021A773E
S214013D080135082D4FEA460604F11004DDD1BDE859
S214013D18F08100BF00000450A80F0020A80E002064
S214013D2800200450024B1968024B186815F000BDB4
S214013D38002900202029002070B594002246054657
S214013D480E4629F039FF431C0AD058B92246314697
S214013D58284628F02AFF0028034808BF002070BD1F
S214013D680248FCE70248FAE710E000F021E000F01C
S214013D7824E000F010B5044629F01AFF431C10D0C1
S214013D8888B900F08BFF234620F0030020449842B0
S214013D9801D1002010BD53F8042B0132F7D0034897
S214013DA8F8E70348F6E70348F4E700BF0EE000F03B
S214013DB821E000F024E000F008B51EF06CFC014B91
S214013DC8186008BD18170020014B18681EF067BC5C
S214013DD81817002041F67133124A30B5D469124DCE
S214013DE8D3639368A84204F4803423F4401306D8B6
S214013DF893600E4AD2F8183223F002030AE043F41D
S214013E08801393600A4B9842F3D9084AD2F81832BD
S214013E1843F00203C2F8183214B10022014BDA63E8
S214013E2830BD00BF00000350005A620200C00750B0
S214013E3880F0FA022E4B98424AD022D82D4B98424F
S214013E4840D014D82C4B984239D00AD82B4B9842DC
S214013E5832D02B4B98422FD02A4B98422CD0002098
S214013E687047294B9842FAD1284B186F7047284B50
S214013E7898422AD0274B9842F1D1244BD3F8800098
S214013E887047254B98422BD009D8244B984223D00B
S214013E98234B9842E3D11D4BD3F88C007047214B36
S214013EA8984221D003F5740303F510539842D6D1EE
S214013EB8164BD3F898007047144B986D7047134B00
S214013EC8586E7047114B586F7047104B986F704774
S214013ED80E4BD3F8840070470C4BD3F88800704714
S214013EE80A4BD3F890007047084BD3F894007047F4
S214013EF80048E8010024F400C0CF6A0080841E0050
S214013F0800093D0040420F00405DC6000080E00FFA
S214013F18C0EA210180BA8C01007E560380D543028F
S214013F28006CDC020090D00338B5134B0546D3F875
S214013F3820010C4600F0070004281AD8DFE800F034
S214013F4803090D111500012305B1286004B123608A
S214013F5838BDFFF729FB0423F6E7FFF761FB0323C8
S214013F68F2E7FFF777FB0523EEE7FFF76FFB022380
S214013F78EAE700231846E7E70080005037B50C4605
S214013F880021114B0191D3F88031054603F0030354
S214013F98022B0ED0032B11D0012B03D101A8FFF75A
S214013FA8C3FF0D210DB1019B2B6004B1216003B045
S214013FB830BDFFF74FFB05210190F3E7FFF746FBFE
S214013FC802210190EEE700BF0080005038B5104B83
S214013FD80546D3F840310C4603F00303022B0BD0F9
S214013FE8032B0DD0012B0FD11EF04FFB082305B173
S214013FF8286004B1236038BDFFF770FB0723F6E796
S2140140081EF046FB0923F2E701230020EFE700BF75
S2140140180080005038B5104B0546D3F860310C4681
S21401402803F00303022B0BD0032B0DD0012B0FD16A
S2140140381EF02BFB082305B1286004B1236038BDA8
S214014048FFF74CFB0723F6E71EF022FB0923F2E7EE
S21401405801230020EFE700BF0080005038B5144B5D
S2140140680546D3F800020C4600F0070004281BD8C2
S214014078DFE800F003090D111500012305B12860DA
S21401408804B1236038BD1EF000FB0823F6E7FFF7EE
S21401409825FB0723F2E71EF0FBFA0923EEE7FFF7F5
S2140140A8A9FA0C23800AE9E700231846E6E700BFC9
S2140140B80080005038B5144B0546D3F808020C4664
S2140140C800F0070004281BD8DFE800F003090D11EB
S2140140D81500012305B1286004B1236038BD1EF020
S2140140E8D4FA0823F6E7FFF7F9FA0723F2E71EF0F2
S2140140F8CFFA0923EEE7FFF77DFA0C23800AE9E7F2
S21401410800231846E6E700BF0080005038B5104B7C
S2140141180546D3F840320C4603F00303022B0BD0B6
S214014128032B0DD0012B0FD11EF0AFFA082305B1D2
S214014138286004B1236038BDFFF7D0FA0723F6E7F5
S2140141481EF0A6FA0923F2E700231846EFE700BF98
S2140141580080005038B5104B0546D3F800310C46A0
S21401416803F00303022B0BD0032B0DD0012B0FD129
S214014178FFF756FA032305B1286004B1236038BD5A
S214014188FFF7ACFA0723F6E71EF07DFA0623F2E7F7
S21401419801230020EFE700BF0080005038B50C4629
S2140141A805461EF078FA054B9A6A54402C4054404E
S2140141B89C62BDE838401EF072BA00BF00C00050CD
S2140141C8032814D005D8012805D0022809D00020D4
S2140141D805E00F28FBD1084B186FC0F301300130FA
S2140141E87047054BD3F89000C0F30460F7E7024B1D
S2140141F8186FC0F38020F2E7008000501FB5002337
S2140142080193252817D8DFE800F0131A1D272C3646
S2140142183B51565B60656A78161A401616561A2779
S2140142282C27361A5127783B3B3B3B2727275B60D1
S214014238FFF7C6F90190019805B05DF804FBFFF792
S214014248D9F9F7E7FFF7BCF902460220FFF7B8FFEE
S214014258B2FBF0F20192EEE7FFF7CCF90246032033
S214014268F4E7FFF7C7F902460320FFF7A9FFB2FBF9
S214014278F0F25208EEE7002101A8FFF77FFEDAE721
S214014288002101A8FFF750FED5E702934FF0E0237F
S2140142981B695B0705D5FFF7ADF90290029B0193F1
S2140142A8C9E703A902A8FFF791FEF7E7002101A8CD
S2140142B8FFF78CFEBFE7002101A8FFF7ABFEBAE7C0
S2140142C8002101A8FFF7CAFEB5E7002101A8FFF7FC
S2140142D8F1FEB0E7002101A8FFF73CFFABE7094B69
S2140142E8D3F8803003F00303022BA8D0032B01D0A8
S2140142F800209FE7FFF7AEF99CE7002101A8FFF72A
S21401430805FF98E70080005008B50120FFF776FF03
S214014318BDE808400349884294BF012102210320D1
S21401432800F002B880F0FA02032810B50C4627D030
S21401433804D8012804D0022817D010BD0F28FCD1B4
S2140143481EF026FA1EF02CFA124A013C136F23F4CB
S214014358405343EA04331367FFF74CF90021FFF78C
S21401436839FDBDE81040FFF7CFBF0A4A4C1ED2F808
S214014378903023F0F85343EA0463C2F89030DCE740
S214014388044A4C1E136F23F4806343EA842313679D
S214014398D3E700BF008000501FB5002301932528EE
S2140143A821D8DFE800F013202020202A2F454A4F85
S2140143B854595E7120203420204A202020202A20AB
S2140143C84520712F2F2F2F2020204F54314B1B6F44
S2140143D803F00703013B032B05D8DFE803F00C02C3
S2140143E8080A04230193019805B05DF804FB03232A
S2140143F8F8E70623F6E70223F4E7002001A9FFF70A
S214014408BDFDF0E7002001A9FFF78EFDEBE702935B
S2140144184FF0E0231B695B0705D5FFF7EBF80B2385
S2140144280393039BDEE703A902A8FFF7CFFDF8E78E
S214014438002001A9FFF7CAFDD5E7002001A9FFF76B
S214014448E9FDD0E7002001A9FFF708FECBE7002029
S21401445801A9FFF72FFEC6E7002001A9FFF77AFE9C
S214014468C1E70C4BD3F8803003F00303022B03D0CB
S214014478032B05D00023B5E7FFF7BCF80B23B1E7FC
S214014488FFF7E8F80523ADE7002001A9FFF73EFE90
S214014498A9E700BF00800050024A536A23F00103CF
S2140144A85362704700C0075008B5FFF775FF072825
S2140144B80ABF024B4FF6FF70188808BDEA2A00208B
S2140144C808B5FFF769FF03280ABF024B4FF6FF70CE
S2140144D8188808BDE82A002038B50546FFF7AAFC63
S2140144E8204B04465A68012A04D11F494A609A6932
S2140144F89207FCD10020FFF74FFF042803D11EF0D6
S21401450847F91EF04DF9194A24F0407395421FD019
S214014518174A95421FD0174AD16811F0060FFBD1EA
S2140145289068936091684B4013F4F81F16D128469B
S214014538FFF740F80020FFF72FFF042810D1FFF7F8
S21401454859F80021FFF746FCBDE83840FFF7DCBE06
S21401455843F00073DFE743F08073DCE79060E9E738
S21401456838BD00BF00C0015000E0015040420F00B6
S21401457880841E0000000150F8B504460020FFF7AD
S2140145880BFF032800F0818045F60E0302213F4AFF
S214014598C2F880303E4B9962012103F58053996237
S2140145A8936DD903FCD4D4E900131B0543EA0163D0
S2140145B8E17B94F820500B43217BE77E43EA0143D5
S2140145C8617B6D0143EA0133A17B43EA81131361E1
S2140145D89169D4E904031B0643EA806301F00041AC
S2140145E80B43A17E94F823000B43217E43EA014343
S2140145F8617E43EA01239361136AE66923F00D039A
S21401460894F8221043EA870366BB1362966A94F805
S214014618213045EA031326F033052B4343F0010303
S21401462893621C4D194A936D35EA0303FBD10225A3
S214014638174B9D62936D5B00FCD41369A56823F440
S214014648700343EA055313614FF00042104B9A6119
S21401465819B9022203F580539A6278B901220E4BE2
S2140146689A620BE0334343F008031362936A23F01C
S214014678330303432B4343EA4103936294F82430FC
S2140146881BB1024B054AC3F88020F8BD00C0005094
S21401469800D000500300014000E00050F1A7FFFFE2
S2140146A870B5184CFF28A66A2AD8A36D13F4803F64
S2140146B818BF0122144B18BF9A6202229A62A56D8E
S2140146C815F08045FBD1114AA36992F9002023F41D
S2140146D87F03024423F47F4382F3080243EA00235C
S2140146E843EA0243A36131460220FFF757FDA36D53
S2140146F8DB0303D531460120FFF750FD284670BD80
S2140147082125FBE700C0005000D0005031260020CC
S214014718014B93F900007047312600200123124807
S214014728124A816A9362836D03F00303032BFAD15D
S214014738022393620C4A936D5800FCD40C48936D7F
S21401474830EA0303FBD10122084B1A65A3F580530F
S2140147589A6D9207FCD49A6D9007FCD59A6D9207CC
S214014768FCD50320FFF71ABD00C0005000D000504A
S21401477803000100F0B5D0E901434FF4D1560227F2
S214014788164A417805785662154E4F2977604FF0DC
S214014798010728BF4F2106F5805677601669F6038C
S2140147A8FCD441EA052151611B01417B43EA0423FC
S2140147B80B43017B43EA41039360C37B817B1B0167
S2140147C843EA4113417C0B43017C43EA41035360AE
S2140147D8837C13B16FF4D1535362F0BD00000250CD
S2140147E800100250014B1880704700BFEA2A0020CB
S2140147F8014B1880704700BFE82A0020284B9842D2
S21401480842D01AD8A3F5B703A3F55863984237D010
S2140148180CD8244B984225D0234B98422AD0234BB8
S214014828984217D00023224A93607047214B98423A
S214014838F8D1214BD3F8BC301FE0204B984227D043
S2140148481F4B984228D01F4B9842EBD11A4BD3F8EE
S214014858C83012E0184BD3F8A03023F0407343F069
S2140148680073E0E7144BD3F8A03023F0407343F00D
S2140148788073D8E7104BD3F8A03023F04073D2E703
S2140148880D4BD3F8B830F8E70B4BD3F8C030F4E744
S214014898094BD3F8CC30F0E7074BD3F8D030ECE728
S2140148A8C0EA210180841E0000093D0040420F0035
S2140148B80040015A0024F4000080E00F0048E80197
S2140148C8005A620280BA8C010C4A10B51369044674
S2140148D843F00403136103F0C7FA1DF079FF084B90
S2140148E8084AC3F8202430BF1DF073FF03F0DEFA30
S2140148F81CB9BDE81040FEF77DBE10BD00ED00E016
S21401490800E003500000FFFF0A4A10B51369044689
S21401491843F004031361084B084AC3F8202403F044
S214014928A3FA30BF03F0C2FA1CB9BDE81040FEF77F
S21401493861BE10BD00ED00E000E003500000FFFF7F
S214014948034A0179D36E23F030030B43D3667047CD
S21401495800400050F8B504460D461F4616464AB1B3
S21401496801238B403021184A01FB0022F7B141F29E
S2140149781001535004EB4403072D4FF00F014FEA83
S214014988031316D8A80006FA00F281400F48184407
S2140149981DF022FF4EB9012330210B4AAB4001FB23
S2140149A8042277B141F210015350F8BD42F21001CA
S2140149B8DFE7A5F10800800006FA00F28140044806
S2140149C8E5E742F21001EFE700C0035004C00350C8
S2140149D80CC0035008B5152001F0DEFF0022FF21A8
S2140149E8024B5A6599625A6008BD00BF0000045020
S2140149F8044A054B002908BF1346012282401A6063
S214014A08704700BF401004504020045010B50446BB
S214014A18417802780120104B120658609A60A278F5
S214014A28152042EA01429A61FF229A6200229A639D
S214014A381A644FF000425A654FF0FF3203F50053EF
S214014A481A6501F0C9FF1520E17801F0D3FFBDE82A
S214014A581040152001F0B2BF00000450F8B501253A
S214014A68C3B2DFF88CC0D1F800E09D408F7ACB7ACC
S214014A780C46097BCCF850500CF5005C4CF820E04D
S214014A884FF0300E184E1B050EFB006094F80DC053
S214014A9843EA074343EA415322F00302C0F860C0E1
S214014AA8C36502671DF0FEFD104B5D65237A13B1E1
S214014AB8336C2B433364637A13B1B36B2B43B36301
S214014AC82279A37943EA0243094A93616179E37932
S214014AD843EA014305498B61034B55639D64BDE871
S214014AE8F8401DF0E5BD00BF00000450001004505A
S214014AF80020045010B50124C0B284401DF0D2FD38
S214014B08044B5A6D22EA04025A659C62BDE81040BD
S214014B181DF0CEBD0000045010B50124C0B284407B
S214014B281DF0C0FD074BDA6A224208D15B6B9C4335
S214014B380CBF012400241DF0BBFD204610BD002437
S214014B48F9E700BF0000045041F67132034BDA63FF
S214014B58012203F50053DA60704700BF00000350D6
S214014B6841F671320121044BDA6303F50052D16034
S214014B780022DA63704700BF00000350CB784A78FA
S214014B8810B55B010C7843EA82030A79234343EAAA
S214014B9802130C22424302F1B0421363012C02BFF6
S214014BA88A78024B43F8202010BD00BFD0800350FE
S214014BB808B54FF0B0435A686AB958B15B680BB18B
S214014BC81DF01AFE01210D4B59601DF015FE4FF020
S214014BD8B043D96008BD5B680BB11DF00DFE002817
S214014BE8F0D11DF009FE4FF0B0430222DA601DF045
S214014BF803FE0122024B5A60ECE700BF0010005882
S214014C08002000584FF0B0414B6810B50BB11DF0AD
S214014C18F3FD01220B4BC4785A608378934043EA2C
S214014C28840344782343047943EA0413447943EA22
S214014C38C4038B60044B5A600378C3F10203CB604C
S214014C4810BD00BF0020005800100058054B5B69D6
S214014C58C3F38512827003F03F021B0B4270037088
S214014C68704700BF00C0075040F6B732064B5B6876
S214014C789BB293429FBF4FF47A72B3FBF2F3034A97
S214014C88D05C88BF002070470080E00F99E10300E0
S214014C98014B986CD96C70470080E00F0120034BDC
S214014CA89B680A3303F01F03984070470080E00FA3
S214014CB80D4B984208D1A3F50033C3F88411C36D90
S214014CC843F08003C3657047084B984204D1A3F5A7
S214014CD81033C3F89411F2E7054B984204BFA3F5C5
S214014CE82033C3F8A411EAE70080055000C0055038
S214014CF80000065070B5054616461C4619B903202D
S214014D08FFF77CFA0146402C1BD003D8DCB1202CD7
S214014D181BD070BD602CFCD1042303FB06F253089C
S214014D2803EB4113B3FBF2F3094A203B02EAC30340
S214014D38AA6822F06002AA60AA681443AC60EB6114
S214014D48E7E70623E9E71023E7E70823E5E700BFD7
S214014D58F8FF7F00012200F580535A6040F6AA63E7
S214014D6841F20502436100230D498360C365C260B1
S214014D7800F500520361C361C36491640949836500
S214014D88884203D103650023436506E00649884245
S214014D98F8D001F580418842F4D00123536070476A
S214014DA8FFFF01000080055000C0055070B50D4694
S214014DB8FFF7D0FF012300F580567360AB7C0446ED
S214014DC81BB1836843F080438360EB7C1BB12046AC
S214014DD8297DFFF76DFF2A8A6B7B20461343EA89F4
S214014DE81343E3602B7BD5E90112FFF783FF6B7D45
S214014DF81BB1A36843F48033A360AB7D1BB1A368E2
S214014E0843F40043A360EB7D2A7E1B07120502F4D8
S214014E18E00203F0E0431343A365697E1F4A8B1E35
S214014E28012B1F4B1DD8944217D002F5804294429D
S214014E3815D002F5804294420CBF02224FF0FF3291
S214014E4803EB4213022041F2AC520329985020D1B9
S214014E580423F3652B78636170BD0022F0E7012215
S214014E68EEE7944211D00F4A944210D002F58042E0
S214014E7894420CBF02224FF0FF3203EB421302208A
S214014E8842F2AC5201299850E1E70022F5E70122E7
S214014E98F3E7042204F50053DA65DBE700800550E2
S214014EA800C0035000C0055038B50446054D27F02C
S214014EB8BFF90FCC0FC594E80F0085E80F00002056
S214014EC838BD00BF1C17002047F6FF739A42F0B59D
S214014ED872D0022972D83A4B5B5C022B6ED8394DD8
S214014EE8DF0005EBC304A17815F83330012938BF74
S214014EF80121012B13D10025E078401AA84202D8D7
S214014F080844C0B2F0BD431B6668A0EB530336F9EC
S214014F1813609642D4BF1D4603F1FF30EEE7606882
S214014F280028EFD0B0F90040944204DBB0F9024003
S214014F389442B8BF144683883D44FF2B19BFC82244
S214014F484FF0280CB0F90620B0F908C0A2EB04030C
S214014F580CBF0126002693FBFCF333446E781BB284
S214014F689E4201DD002B01DA731E1BB24FF47A7CD8
S214014F7801339BB2071D5D1E2DB24FEAC50E00EB2D
S214014F88C505EA88AD689E4214FB025222EAE2721F
S214014F9802F15C02B2FBFCF204DD37F83350013350
S214014FA89542E8D200EB0E039888904228BF104637
S214014FB8884238BF0846A4E7FF20A3E70020A1E7F8
S214014FC89CE103001C1700200229F0B560D8314B7C
S214014FD8595C02295CD8304B13F83100012816D1E8
S214014FE803EBC1039C78D878012C214638BF0121F0
S214014FF8904294BFC1EB0001C1EB0201001BCAB28B
S2140150088242C8BF00225B6833F91200F0BD002A4D
S2140150183CD003EBC1035968002939D098789042EF
S21401502802D3B1F90200F1E7DC78B1F90000944245
S214015038ECD95C788B88013CA3F1FF06734201F139
S2140150480405E4B2734101F10C07DEB2B44216D886
S21401505805EBC3034FF47A756A43B3F902405B68FC
S214015068D21A04EBD47302EB630292FBF4F2904279
S214015078CCDBB1F902009042C8DC10B2C6E737F8BB
S21401508833C05E1C9445E3D33346DEE70348BDE7E9
S2140150980348BBE79CE103001C1700200CFEFFFF3A
S2140150A80080FFFF08B50448FFF7FEFEBDE808408C
S2140150B8012027F0C1B800BFA0E1030000487047EF
S2140150C8EC2A00207FB50222084B0949CDE90123C5
S2140150D84FF00073CDE90313052301A94FF0FF3004
S2140150E8059327F0D9F807B05DF804FB006A1800A5
S2140150F8000204002DE9F0418CB08846DDE91276FD
S2140151081D460446002847D0002945D0002F43D025
S214015118002E41D013F00F033ED120482049A3604A
S214015128002A08BF0146E361C4E90013404609A9FD
S2140151381DF097FC68BB204609991DF0D6FD294647
S21401514820461DF0D2FD694640461DF038FD00BBDD
S214015158694620461DF0B5FD404603A91DF03AFDF7
S214015168B8B9204603A91DF0ACFD069701272046CD
S21401517845F0005506A9079708951DF0A2FD20469B
S21401518809A909960A970B951DF0A5FD20461DF05D
S21401519896FB0CB0BDE8F0812120FAE70001000477
S2140151A8000101042DE9F0418CB0884616461D46DB
S2140151B80446129F00284BD0002949D0002A47D020
S2140151C8002F45D00B68103B102B41D8214A22FAF4
S2140151D803F3D9073CD500231F4A8360C0E900239F
S2140151E8C36109A940461DF03CFC70BB20460999DD
S2140151F81DF07BFD294620461DF077FD6946404691
S2140152081DF0DDFC08BB694620461DF05AFD4046E8
S21401521803A91DF0DFFCC0B9204603A91DF051FD06
S21401522806960126204606A945F0005507960895D4
S2140152381DF047FD094B204609A909970A960B93C5
S2140152481DF049FD20461DF03AFB0CB0BDE8F08183
S2140152582120FAE7010101000000040410000020E3
S214015268F0B50C4617461E46054695B0002874D07C
S214015278002972D0002A70D0002B6ED0036B0F2B3A
S2140152885BD80023364A3846C4E90023A360E361A5
S21401529811A91DF0E6FB00285BD1204611991DF0E7
S2140152A824FD296B20460F2984BF01F00F01103118
S2140152B81DF01BFD384602A91DF081FC002848D1C7
S2140152C8204602A91DF0FDFC384605A91DF082FC02
S2140152D800283ED1204605A91DF0F3FC0122214BEA
S2140152E8089509920A932B6B05F1100003F00F013C
S2140152F841F000510B900F2B0C920D910E900F92CE
S21401530843F00052109226D90A9B08A923F00053AD
S21401531820460A931DF0D5FC0BA920461DF0D1FCAA
S2140153280123119612930F4B204611A913931DF0D2
S214015338D2FC20461DF0C3FA0BE000F120030190D1
S21401534800930122102339462046FFF7D3FE002892
S21401535897D015B0F0BD0EA9DFE72120F9E700BF09
S21401536800000404100000202DE9F04F9BB00C4605
S21401537890461F460546DDF89090002800F0B2805A
S214015388002900F0AF80002A00F0AC80002B00F066
S214015398A980026B02EB09031B09B3EB121F02F08B
S2140153A80F0600F0978000234F4A8B60C1E900235F
S2140153B8CB61404617A91DF054FB0346002840F070
S2140153C8858006EB090B204617992BF00F0A1DF06E
S2140153D88CFC514620461DF088FC404602A91DF06B
S2140153E8EEFB0346002871D1204602A91DF069FC90
S2140153F8404605A91DF0EEFB0346002866D14FF08E
S2140154080108019005A920461DF05BFC374A204695
S21401541808A90895CDF824800A921DF052FC46F09A
S2140154280051AAEB060605F1100346F000560B9349
S214015438CDF830800D910E97CDF83C8010960D99D9
S214015448204621F000510D910BA900931DF039FC5F
S21401545820460EA91DF035FC019B244A1193AAF19A
S214015468100343F00053CDF84880139305F1200349
S2140154781493CDF854801692139B204643F080432C
S2140154881393139B11A923F0005313931DF023FCC8
S214015498204614A91DF01FFC144A17A92046179583
S2140154A8CDF8608019921DF016FC20461DF007FA0B
S2140154B8AAEB0B0149440190ABEB0A020098394468
S2140154C827F0CDFB019B2A6B4A442A6318461BB07A
S2140154D8BDE8F08F10304A463946304427F0BFFB06
S2140154E80023F0E72123F1E703020004100000205F
S2140154F82DE9FF474FF000080E4617460446CDF83B
S2140155080080002859D022B90025284604B0BDE8F5
S214015518F087002951D032F0030902F0030A1FD0A0
S2140155284FF0E063C0E9003801230191C0F8088014
S2140155380293C0F81C8049F0005301A903931DF09B
S214015548CAFB494620461DF0D0FB20461DF0B7F998
S214015558054628B14A464146304627F050FBD4E76F
S214015568BAF1000FD0D04FF000084FF0E063C4E95D
S21401557800380123CDF804D00293114B204601A927
S214015588C4F80880C4F81C8003931DF0A4FB04210A
S21401559820461DF0AAFB20461DF091F9054608B1E4
S2140155A83A46D8E7009A4E44EB00013522FA03F34F
S2140155B8AA4506F8013BF7D1A6E72125A5E700BFCE
S2140155C804000020F0B50F4616461D46044693B063
S2140155D810B9212013B0F0BD0029FAD0002AF8D05E
S2140155E8002BF6D0002331461A4638461DF0DEF960
S2140155F80028EFD1304602A91DF083F90028E9D129
S21401560838683449029A88426B695ED19342E0D37E
S2140156182B68002BDDD14FF060623846C4E90023C1
S214015628A360E36101A91DF01CFA0028D2D10199F3
S214015638204621F4F06101911DF057FB6946284682
S2140156481DF00FFA0028C5D1204600991DF04DFB24
S214015658384609A91DF0B3FA0028BBD1204609A986
S2140156681DF02FFB38460CA91DF0B4FA0028B1D15D
S21401567820460CA91DF025FBEB684BB1284606A968
S2140156881DF09DFA0028A5D1204606A91DF019FB94
S214015698304603A91DF09EFA00289BD1204603A98F
S2140156A81DF00FFB28460FA91DF094FA002891D18A
S2140156B820460FA91DF00FFB032520461DF0FFF815
S2140156C8012887D1013DF8D184E7B3EB420F9FD279
S2140156D87FE700BF200000B070B50E4615460446A9
S2140156E88AB000285CD000295AD0002A58D0012355
S2140156F829461A4630461DF059F900284ED1B36896
S21401570813F4C04F4CD0AB6803F4C043B3F5005F45
S21401571846D1254BA060C4E90030E06107A93046B0
S2140157281DF09FF9002839D1204607991DF0DDFAAA
S214015738012302934FF00053204601A903931DF05D
S214015748C0FA304604A91DF045FA38BB204604A91C
S2140157581DF0B7FAEB681BBBAB6803F4C043B3F59F
S214015768005F1DD1694628461DF0EEF8B0B9009BCA
S2140157786A699A4216D32A6943F0005307920122AE
S214015788204607A90892032509931DF0A4FA204686
S2140157981DF095F8012801D1013DF8D10AB070BD78
S2140157A82120FBE71D20F9E7000001021FB504468A
S2140157B898B191B100230A4A8360C0E90023C36106
S2140157C8012301910293074B01A903931DF083FA64
S2140157D820461DF074F804B010BD2120FBE700BF79
S2140157E8000008430400002006289ABF014B185CF5
S2140157F8002070478CE2030030B5154B87B0029342
S214015808144B0390049346F611030D46059300F0D6
S21401581877F91428044616D168461DF01CFB4FF08C
S214015828A843032202A95A6319601D619A63DA6BB9
S2140158389207FCD1142C02D168461DF01AFB00F021
S2140158488FF9044601E00028E9D0204607B030BDAC
S2140158583C170020040000202DE9F04FB1B00546A2
S2140158688C469E46E8466F4EDDF8EC90409C06F165
S214015878100A474630687168083603C75645B84661
S214015888F7D13E9B03EB0208C8F1000A0AF00F0A9B
S214015898B9F1000F00F09D80C9F1000707F00F0766
S2140158A80121DDF8FCB044F00050C4F11006CDF833
S2140158B810B005910690300200F4F85040F021002F
S2140158C80790B9F1000F40F08680CDF820D047F058
S2140158D80050002D00F08480099121210A9041EAA8
S2140158E807210B9142F00050CDF830C03D9B08A926
S2140158F84FEA0A2C0D910E904CF041000F90109330
S214015908002A75D13E9B119143F0005312933C9B9C
S2140159181390149310AB1593434B444A169340F6D1
S21401592811031793424B0021002D08BF1346189305
S21401593814AB19933F4B10221A9311231B931CABDC
S214015948184627F05CF901221D92002246F080468F
S21401595803461E96239205B9EB46102CCDF880B067
S21401596824AE4BD1012322460021304621932294AE
S21401597827F045F920AB002125938F4218BF3346FF
S21401598847F0804226923A9A2CA828922993B2FA8E
S21401599882F35B0949EA837310222B912A9327F035
S2140159A82EF9B9F1000F00D028AED04448F0804354
S2140159B82CA918A82D962E93FFF71EFF30B92DB9DE
S2140159C80346A34225D1002818BF2C2031B0BDE8D4
S2140159D8F08F102764E7CDF820E049F0005078E70B
S2140159E8002C3FF479AF04A9099101210A9076E7C2
S2140159F83E9B0CAA11924120129388E7102200219F
S214015A0830462193229427F0FAF8002CB2D10123CC
S214015A18B1E703F1C0026A4412F8C02C01331043FF
S214015A28CFE700BF93E2030010000020A8E20300BE
S214015A38ACE2030004000020F0B5C0299FB0DDE900
S214015A48244557D0B1F5807F04D0802948D0292035
S214015A581FB0F0BD01265CB140F234470294102411
S214015A6803960494212401970594069502AC0AE04E
S214015A7840F21447029410240396049421240594B2
S214015A880124019706950794012510240894099581
S214015A980A9221220B950C940D92174A0AAD0E9282
S214015AA8164A0F95109242F6110211921293139507
S214015AB81494159201AA1692D3B112AB1793042324
S214015AC818931123199316AB1A901B9340F61103DA
S214015AD8C9081C911AA806A91D93FFF78DFEB7E7FA
S214015AE8012614B94FF48267C4E74FF48667B5E711
S214015AF80EABE3E70F20ABE7A4E2030010000010AB
S214015B08144A38B5D2F8803243F00103C2F880321D
S214015B18114B5B68C3F3080343B14FF0A842D36B3C
S214015B2813F0430FFBD11424204638BD4FF0A84389
S214015B38DC6B14F04304FBD1084D2B681BB9042118
S214015B48284603F073F82B68013343F000432B60B3
S214015B58EAE700BF0080005000ED00E03C17002097
S214015B68014B00205B68704700ED00E0012300F060
S214015B781F02A0F506200949A0F550604009934088
S214015B8851F820201A4341F82020054951F82020D1
S214015B9822EA030241F82020704700BF541700206C
S214015BA8401700200121A0F506230E4AA3F55063ED
S214015BB85B0900F01F00814052F82300014342F8B8
S214015BC823100949D1E90030034488680344C868AA
S214015BD8096903445B1802BFC2E90033C2E902330C
S214015BE81361704740170020541700202DE9F04F25
S214015BF8A9B003921D4604460822339ECDE9040146
S214015C08414021FA02F34B40980702F1080218BFF7
S214015C189B00202A1C44F4D18123B4FBF3F303EB45
S214015C28C313E41A734B04F506241B7804F5506471
S214015C38002B3ED1FEF776F8074620B16FF09100AB
S214015C4829B0BDE8F08F0146402208A826F0D7FF04
S214015C584022394618A826F0D2FFDFF8B481DFF8CB
S214015C68B491C3460BF10F0ACDF800A0102208A97B
S214015C785B46D9F8000026F08CF80022014608F1A8
S214015C88100808AF914246D1CDF800A05B46102215
S214015C98D9F8000018A926F085F84FF0000A8346BF
S214015CA818AFD34541D1544B9845DAD10122514B0F
S214015CB81A704FF0810A4FF00008DFF85CB1A4F5BE
S214015CC80627A7F550635B095BF8232004F01F013C
S214015CD8CA40D2073DD4494A52F82330CB40DB07A5
S214015CE82AD5B8F1000F08BFA0468123A7F6FF47BB
S214015CF8B7FBF3F303EBC313FF1A07F50624BAF150
S214015D08010A04F55064DAD1039BBBB1B8F1000F60
S214015D1814D0444619E057F8040BCDE90612FFF7EC
S214015D2825FF079A06990132ACE757F8040BFFF7E7
S214015D3839FF0AF1010AB4E7039B13B96FF08B0028
S214015D487EE7B8F1000F18BF4446349B00201C605C
S214015D5876E7329B13B10023329A13600EB1002303
S214015D6833601023DFF8AC9000932A4600232146BF
S214015D78D9F8000013F04EFE60BB32992A68204B12
S214015D88C9B99A4206D02146D9F8000013F0DAFEBE
S214015D980028D3D1D5E90223DDE90410834208BFE0
S214015DA88A42A2D1039B002BCFD06B68012BCCD1A2
S214015DB86FF0840044E7102032999A420860E2D1D5
S214015DC8002EE7D033462146D9F8000018AA13F06A
S214015DD875FE48B10B4B9842D5D00B4B9842D2D0A2
S214015DE80A4B9842D6D029E7329A336812689B1A2A
S214015DF83360CFE7322600200071080040170020E4
S214015E08105D175EFFDF00F011E000F0FEDF00F026
S214015E18006D080020290020541700202DE9F04FB6
S214015E2887B08246894698461646DDF840B02AB1BC
S214015E38002B4FD040F26C739A424ED8BBF1010F3B
S214015E484ED8002406F110073946012005941DF0A6
S214015E584AFE0546002846D021463A4626F0CFFE99
S214015E6805ABCDE9014300942B460122504649462D
S214015E78FFF7BCFE044680B110F18C0F08BF6FF027
S214015E888D043A460021284626F0B9FE28461DF01C
S214015E980CFE204607B0BDE8F08F144BC5E902A9F1
S214015EA82B60C5F804B02EB13246414605F1100004
S214015EB826F0D5FE059E0E483B462A463146006822
S214015EC813F010FD18B93046FFF750FED9E76FF00A
S214015ED89104D6E76FF08604DBE76FF09104D8E704
S214015EE86FF08504D5E76FF08C04D2E7105D175E76
S214015EF8202900202DE9F0438DB08146DDE914788C
S214015F080E4615461C469BB1B8F1000F05D16FF039
S214015F18860630460DB0BDE8F083002FF7D0B7F1FE
S214015F28005FF4D3C3F1005303F5C0339F42EED8A4
S214015F381022002108A826F062FE002207AB029371
S214015F4805AB019306AB31460093484608ABCDE94D
S214015F580522FFF74BFE06460028DAD1059BA4B1B9
S214015F68AB4215D853EA0504D1D1069B0B48C8F8AD
S214015F78004000943A46079900682B4413F04AFDFE
S214015F88002818BF6FF09106C3E7AB42EDD2BEE713
S214015F985B1B9C4228BF1C46E7E700BF2029002060
S214015FA830B58DB00C4605461022002108A826F00B
S214015FB826FE002207AB029305AB019306AB2146EA
S214015FC80093284608ABCDE90522FFF70FFE0446E5
S214015FD8D8B9099B012B1BD0079D104B2946186879
S214015FE813F0B0FDB8B90122A5F506230C49A3F5AF
S214015FF850635B0905F01F00824051F823004240B8
S214016008284641F82320FFF7CDFD20460DB030BDC8
S2140160186FF08404F9E76FF09104F6E72029002071
S214016028541700202DE9F04F93B00446DDE91E759C
S214016038DDE920689346DDE91C028A46DDF888908A
S21401604829B96FF08604204613B0BDE8F08FBBF17E
S214016058000FF6D00FB9002DF3D108B9002AF0D1F8
S21401606816B9B8F1000FECD1B9F1000FE9D02C4AF6
S214016078934251D12388B3F5105F4DD120220021D8
S21401608802A826F0BCFD202200210AA826F0B7FDAA
S21401609802A81CF027FC10B16FF09204D3E7204643
S2140160A85A4651460AAB1CF046FF04460028CAD198
S2140160B80A981CF034FF04460028C4D115B9C9F85B
S2140160C80050C0E7B74224D27B199E4221D24545EB
S2140160D8B7D839462A46304626F077FD374615F0B2
S2140160E80F0AAED1CDE900762B4652460AA902A878
S2140160F8FFF700F807460028E1D0424651463046E9
S21401610826F07DFD012FC9F800A0C5D16FF08B04DC
S21401611899E74545E3D994E76FF0850493E700BF0F
S214016128004440042DE9F04FB3B00C460546002163
S214016138164602A8202298463C9FDDF8009126F0D4
S2140161485EFD202200210AA826F059FD2022002102
S21401615812A826F054FD202200211AA826F04FFD89
S21401616800213C2223A8229126F049FD34B12EB104
S21401617827B13E9B13B1B9F1000F05D16FF0860424
S214016188204633B0BDE8F08FB4F800B0B4F802A0EA
S2140161980BF4E043B3F5804FF0D0384B384A2B4028
S2140161A843F01063934202D06FF08504E8E70AF1E2
S2140161B80703B8EBD30F4FEAD305DFD33F9B9D42C6
S2140161C858D81AA81CF08EFB10B16FF09204D7E7C6
S2140161D8002301A91AA80193FFF7E8FA0028F4D1C9
S2140161E8019B284A23F07F4393420193DCD947F267
S2140161F812139B45D8D1BAF5807FD5D1224B0137EA
S2140162080A933D9B0D90023323F003030F9340231B
S21401621817936B000E971590139320464246314606
S21401622822AF02AB16971CF086FE04460028A7D1BB
S2140162380C9B129043F400531AA80C931CF052FBC3
S2140162480028C2D112AB0AAA02A91AA8FFF7BAF9FE
S214016258064610B1482891D1A6E72A4639463E98FF
S21401626826F0FDFC3346BB550136402EFBD1C9F856
S214016278005085E76FF0890482E700BF0000FFF64B
S214016288000002090102010020000080F8B513464B
S21401629842880C460732072A4FEAD20101D0A142AA
S2140162A84DD146680588C76820221846002126F081
S2140162B8A6FC360A0346002E44D1002C3FD041F2F4
S2140162C80102954205D0B5F5885F02D0B5F5905F15
S2140162D802D15C60002011E0B5F5105F07D1182CDB
S2140162E803D0202C01D0102C29D11C60F1E705F42D
S2140162F84F42B2F5824F02D06FF08500F8BDEAB280
S214016308122AF9D1202CF7D1104A25F0FF05B5F548
S214016318E24F02600CD0B5F5824F10D14FF400520F
S21401632817F4705F09D017F4864F04D09A60E3E734
S2140163384FF48042F4E742F480629A60CAE76FF04D
S2140163488600DBE76FF08B00D8E700BF20000080EF
S2140163582DE9F04F9A460388144603F44F42B3B02A
S214016368B2F5824F0F46DDF8F89002D06FF085003F
S21401637856E011B96FF0860052E0002CFAD0B9F158
S214016388000FF7D0DAB2122AF0D123F0FF03B3F5E3
S214016398E24F34D14388C9F800305BBBE300C9F843
S2140163A80030B3F5807FE1D10023184655493D19E1
S2140163B8214411F8016D15F8012D1043921B0CBFED
S2140163C84FF0FF360026AF4203EA060343EA02030C
S2140163D8EFD10028CED0002BCCDA3C9B9C4200F2B1
S2140163E88E8022463946504626F039FC3D9B0020D1
S2140163F81C6015E0DA1DB4EBD20FD2D0BAE7B3F5BC
S214016408824F79D10B78042BB4D12022002101A820
S21401641826F0F5FB01A81CF065FA20B16FF0920092
S21401642833B0BDE8F08F0090694601A8FFF7BEF9C2
S2140164380028F3D1009B344A23F07F43934295D931
S2140164484FF000083E22414622A8CDF8848026F067
S214016458D6FB01234FF0420B2022414609A88DF8AE
S2140164688430651E26F0CBFB7B1C2022414611A8F2
S2140164780D9321AE0E9526F0C2FB2022414619A89F
S2140164881596CDF858B026F0BAFBEA005208B2F5D0
S214016498807FCDE91D6BC9F800200BD003D8E02A10
S2140164A83FF464AF66E7B2F5C07F3FF45FAFB2F57D
S2140164B8047FF5E7154B09AA099311934FF4005386
S2140164C80B934FF480431393402311A91A9301A801
S2140164D819ABFFF777F8D9F800300733DB085A000D
S2140164E833B1531E013B86F8008006F10106F9D246
S2140164F800283FF472AF3DE76FF0960090E76FF023
S21401650889008DE7B0E20300010201002000008047
S2140165182DE9F04F8FB0DDF8608081460C46924633
S2140165289B461A9FB8F1000F05D16FF086042046E6
S2140165380FB0BDE8F08F002FF7D00028F5D0202245
S214016548002106A826F05BFB06A81CF0CBF910B1C3
S2140165586FF09204EBE714F47C1FC4F305452AD0C8
S214016568102DE2D8199B9D4233D81D4B24F47E1476
S2140165789C4231D1002302AECDE90233CDE9043382
S21401658852465B464946009606A8FEF70BFE0446A9
S21401659898B92A463146404626F061FB23463355CC
S2140165A80134102CFBD100243D6006A81CF0A4F988
S2140165B80028BCD0CCE71025D4E7212806D001282E
S2140165C814BF6FF092046FF08B04EEE76FF0860449
S2140165D8EBE76FF08904AAE76FF08504A7E700BF29
S2140165E80002C00370B50E461446054610B96FF092
S2140165F8860070BD0029FAD03822002126F0FFFA5D
S214016608094B24F47E129A420AD13388B3F5105FF7
S21401661806D1C4F30543102BE9D800202C60E8E71F
S2140166286FF08500E5E700BF0002C003F0B50F462E
S21401663816461D4604468BB088B302B97BBB20229A
S214016648002102A826F0DBFA02A81CF04BF920B1BB
S2140166586FF0920420460BB0F0BD2368114A23F46C
S2140166687E13934215D135B9002402A81CF044F9CB
S2140166780028EFD0ECE733463A46009502A9201DDC
S214016688FEF772FE012807D00028EDD06FF09204BD
S214016698EBE76FF08804E8E76FF08B04E5E76FF047
S2140166A88604D7E70002C0032DE9F0418CB088467E
S2140166B816461D460446129F002840D0002A3ED0A2
S2140166C8002B3CD0002F3AD0102B036828BF10258A
S2140166D813F47C1FC3F3054202D0954228BF154622
S2140166E81A4A23F47E1393422CD12022002104A8AF
S2140166F826F085FA002304A8CDE90033CDE9023354
S2140167081CF0F0F840B96B46424604A9201DFEF776
S214016718A7FD30B100233B606FF092000CB0BDE8D6
S214016728F08104A81CF0E8F804460028F2D12A46AD
S2140167386946304626F093FA20463D60EEE76FF04C
S2140167488600EBE76FF08800E8E700BF0002C003A9
S2140167580023C36001F13803036120230A684361FB
S2140167688B6D0B4922F47E128A42436003D001F5F1
S21401677880718A4208D1102B01D0182B02D10360F0
S21401678800207047202BFAD06FF08800704700BFB2
S2140167980001C00330B58BB06D46604C0FCC0FC5F9
S2140167A854F8043B68462B604FF07E6393F89C30A0
S2140167B86D46FF2B08BF25238DF80130FDF7DAFF5C
S2140167C83220FEF70FF80FCC0FC50FCC0FC594E893
S2140167D8030085E80300524BD3F84C21110340F11E
S2140167E88380A3F5FE431C884FF6FF739C4208BFBF
S2140167F881248DF81940FDF78BFF044484F30804BF
S21401680848488DF81840FCF711FF6846FDF7B4FEB6
S2140168183220FDF7EDFF444C4448FDF75DFE444841
S214016828FDF7ECFF1BF0C0FF236F002023F00703E2
S21401683843F002032367236F23F4505343F4806322
S21401684823671BF0B8FF3B4BD3F8FC20D2014FD48B
S214016858D4F8803023F0030343F00203C4F88030F1
S214016868314BD3F8202122F0070242F00102C3F887
S2140168782021D3F8802122F0030242F00102C3F856
S2140168888021D3F8402122F0030242F00202C3F825
S2140168984021D3F8602122F0030242F00202C3F835
S2140168A86021D3F8402222F0030242F00202C3F824
S2140168B84022D3F8002222F0070242F00202C3F86F
S2140168C80022D3F8082222F0070242F00202C3F897
S2140168D80822FDF7E1FD4FF0E0220020136963F07E
S2140168E8040313610BB030BDD3F85041E4B280E71E
S2140168F8D3F8FC2022F08072C3F8FC20D4F880205C
S21401690822F0030242F00202C4F88020D3F8FC20E9
S21401691842F08072C3F8FC20A2E700BFD0E2030071
S2140169280080E00F00F049020080005000B4C40463
S214016938C0EA210100ED00E06FF00403502110B514
S2140169480A480B4C13F0800F03F1010206D12344C9
S2140169583D2A83F800131346F4D110BD03F00F0344
S214016968043B034419761346ECE700BF00ED00E04C
S21401697800E100E0BFF34F8F0549064BCA6802F4F1
S214016988E0621343CB60BFF34F8F00BFFDE700BF44
S21401699800ED00E00400FA0500280CDB0122064998
S2140169A8430900F01F008240203341F82320BFF33B
S2140169B84F8FBFF36F8F704700E100E0002807DBB9
S2140169C801234109034A00F01F00834042F82130A1
S2140169D8704700BF00E100E0002808DB01224309F8
S2140169E8034900F01F008240603341F823207047B6
S2140169F800E100E00028ACBF00F16040064B4FEA1A
S214016A080111C9B2ABBF00F5614000F00F0080F874
S214016A1800131954704700BF14ED00E010B5044682
S214016A281BF039FE024B1C601BF039FE002010BD1E
S214016A386817002010B51BF02EFE034B1C681BF0D0
S214016A482EFE204610BD00BF68170020034B022209
S214016A5818680023806819461AF084BA282A002084
S214016A6830B51446054687B010461CF03AFE6369F1
S214016A78024683423CBFD4E903315B181B1A7BB13B
S214016A880F49049403910021CDE9013101230093B4
S214016A982846D4E900131BF02CFE002007B030BDB1
S214016AA80122627694F82D20002AF6D084F8353033
S214016AB81321E369204698472046636A9847ECE71E
S214016AC8696A01002DE9F04788B004460F46164664
S214016AD898461BF0E7FD8146002E7AD0237E03F008
S214016AE8FF02002B00F0A28020461CF0FAFD656923
S214016AF8A84205D1637ED4E9033213445D1B01E045
S214016B08F9D9451BB54228BF35461BF0CBFD94F88D
S214016B182D308246002B6DD12A463846616926F00B
S214016B289EF863692E462B44636121E0037803F0DF
S214016B38FD0111295BD1216B814205D1A3F1110118
S214016B484B424B4184F83430013E6369216B013274
S214016B588B4203F1010308BF2363636195426069B1
S214016B68E4D1D4E90323216B1344994200D122636B
S214016B780025D4E9032361691344994208BF626179
S214016B88207A6576FCF7EAFF20461CF0AAFD6369C1
S214016B98834232D1257694F82D30E568656103B1D4
S214016BA825632046636A9847214B04940393002380
S214016BB8029323692A460193012300936368216897
S214016BC8207A1BF096FD207AFCF7E8FF50461BF06A
S214016BD86FFD4846C8F800601BF06AFDD8F800301B
S214016BE8002B0CBF1B20002008B0BDE8F08707F873
S214016BF8013BAAE72E460022B0E70123207A237636
S214016C080DF11E01FDF732F89DF81E30002BDAD083
S214016C180DF11F01207AFDF701F89DF81F100029D4
S214016C28D1D12246207AFFF71BFFCCE71646D0E7DC
S214016C38696A01002DE9F0410C461546064686B0FC
S214016C484022002120461F4625F0D9FF95E803007B
S214016C5800232A692376EB6884E80300C4E9042341
S214016C682A7DE36084F82C20AA7D2363012384F817
S214016C78343084F835300C9B84F82D2023620D9B24
S214016C88E76163620E9BA3622B7A84F836306B7ACF
S214016C9884F837302D4B346073602D4BB3602D4B21
S214016CA833612D4B73612D4BF360FCF723FF38B12D
S214016CB82B4B984204D01024204606B0BDE8F0813C
S214016CC8002104F10800FCF79DFE07460028F2D1D2
S214016CD84FF00108234B3362234B84F83C80B361A1
S214016CE8224BF3619DF8403084F8390084F83B3034
S214016CF89DF83C30204684F83A30697D84F838801F
S214016D081CF02CFD95F90900FFF766FE95F90900B8
S214016D18FFF754FE164B0494CDE902732369CDE9B7
S214016D2800836368E2682168207A1BF0E2FC044667
S214016D380028C0D195F90800FFF74EFE95F908001E
S214016D48FFF73CFE3046FFF769FEB5E7B5370300A7
S214016D58CD6A0100D9360300DF3603000B3703007E
S214016D68038000F0B336030065370300E5360300F9
S214016D78696A01002DE9F0414FF001081C46574B9E
S214016D8886B00293564B0C9D0193564B17460093BB
S214016D980A46CDE903882946534BFFF74BFF0646BB
S214016DA8002840F09280236804222B64237985F812
S214016DB84430A17985F84610607985F84500237A2C
S214016DC885F84830E37985F84730A37A85F84A305C
S214016DD8637A85F84930237B85F84C30E37A85F861
S214016DE84B304346FDF7B6FD43460222217AE07949
S214016DF8FDF7B0FD3E7039462068FDF7D7FF142130
S214016E08A27B3A4B03EB4210C0F8AC1594F806C0C7
S214016E1861792E3203EB421341EA0C415960227A1A
S214016E28E37943EA0243C0F8BC3585F84D607B7EBA
S214016E38032B50D8DFE803F03A4D021D022385F8EC
S214016E484D3000230422217BE07AFDF783FD41F2D1
S214016E58AC520221A37B5B0103F1A04303F5703317
S214016E689950217BE27A42EA014241F2B8515A50DE
S214016E781CE0012785F84D3002220023A17A607AAA
S214016E88FDF768FDA17A627AA37B42EA014241F2E4
S214016E98B4515B0103F1A04303F570335A50042241
S214016EA8236803F58053DA65002FCAD163792A6C03
S214016EB885F84530A379052185F84630D36C2068D6
S214016EC843F00403D3641BF09FFC304606B0BDE8CC
S214016ED8F0810027CEE72326F7E700BFE338030053
S214016EE8D7380300673903005B39030000C0035035
S214016EF873B50024684600F0F1FA0C4B00981C6044
S214016F080B4B0C4D1C600C4E0C4B306018602C6003
S214016F181CF007FE2046019B3268013BDB085380C4
S214016F282B6801332B6002B070BD00BF70170020BC
S214016F386C170020741700207C1700207817002093
S214016F482DE9F04F0027924687B04A1C0E4614BF1B
S214016F580C46082499460597002B00F0B0801F6060
S214016F68002800F0AE80073020F007051BF09AFBDA
S214016F7805AB31460290009352463B46284600F040
S214016F88B7FA059E804606B130B902981BF090FB09
S214016F98192007B0BDE8F08FDFF83CB17788DBF839
S214016FA80010FB00C0EBC7070139272FCBF80010EC
S214016FB86CD9BAF1000F48D1854205F1080740D0CF
S214016FC8214630461CF02BFD04460590059B1F44C0
S214016FD838461CF0A6FD059905F10F034A88C3F348
S214016FE8CF03D21A7A80CA88BB8062B3D31A9BB2FF
S214016FF801EBC202FB8093808B88ED08A380BB88D7
S2140170080022314638466580E38000F0E9FA2378A5
S21401701843F001032370DBF800300133CBF800306E
S2140170282B4A02981368083443441360294A1168A6
S2140170388B4288BF13601BF03BFB0020C9F8004059
S214017048A7E73446C2E7FA80D6E7F4192046039341
S2140170581CF067FD08F10702D20805996280FA1D3F
S214017068D208A280CA887AB1D200039BD01DC31A5F
S2140170784344C3F3CF030A44E3809380A388013FC4
S214017088FF084F80CB80C2E7E280F7E7BAF1010F2D
S21401709819D106F10803B3FBF4F204FB1233A3B1CA
S2140170A8214630461CF0BBFC04462378012243F0F7
S2140170B8010331462046237000F092FAB0E72220F9
S2140170C867E7212065E78542EAD13446EDE700BF48
S2140170D8701700206C170020741700202DE9F3475D
S2140170E80446684600F0FAF9002C00F0C2801BF04E
S2140170F8D9FA14F8085CEB0704D534F806ECBEF1A7
S214017108000F05D11BF0D4FA012002B0BDE8F087C4
S214017118DFF870C134F8041CDCF800800EF10102B7
S21401712808F10103A4F1080692B2CCF80030002950
S21401713838D0A6EBC10393F800A0B3F806901AF06E
S214017148010F5F8805F0020520D105BBA9EB0701F1
S214017158012927D80EF102021744BAB2CCF80080EA
S21401716834F8025C05BB14F8085C511E6FF3000581
S21401717804F8085C002589B224F8065C5980197859
S21401718865F3000119700021D98031E055B1114429
S2140171988AB214F8081C6FF3410104F8081C002190
S2140171A89980DDE73346DBE706EBC508DDE90071C4
S2140171B80F44B845D7D216F83560414616F0010691
S2140171C82ED014F8086C551E6FF3000604F8086CE8
S2140171D8002624F8066C1C78ADB266F300045D80C0
S2140171E81C70C3F107040C44C4F3CF04DC808C8004
S2140171F8214C216819B1994201D8498801B92360FF
S2140172081E4C216819B1994201D3498801B92360F6
S2140172181B490B689B1A0B601BF04AFA002074E79F
S214017228A5EB0E05012DCCD8B8F80250A8F80260D7
S21401723801352A44B8F8065092B2C5B108EBC50123
S214017248DCF80050013DCCF8005014F8085C6FF3E8
S214017258000504F8085C002524F8065C541E5C80CA
S2140172681C7865F300041C700029BAD18BE72946FF
S214017278E6E7222049E700BF7C17002078170020A0
S21401728870170020741700202DE9F84F04460D46A4
S2140172989146002A00F017810023136040B900299F
S2140172A800F0138101462846BDE8F84F1CF0F7BBED
S2140172B819B9BDE8F84FFFF711BF1BF0F3F934F819
S2140172C8063C07354FEAC30825F00705A8450746D3
S2140172D8A4F1080080F0848034F8022C002A65D0D6
S2140172E800EBC20A10F83220D2075FD4BAF80210AF
S2140172F8A8EB050616EBC10658D41F2E3DDDC5F3CF
S214017308CF0304EB050B24F8063C013324F8023CB2
S21401731858461CF006FC34F8023CC6F3CF06ABF818
S2140173280430BAF80630ABF802601BB3BAF802208C
S2140173389A1A1644B6B20AEBC303ABF806609E80E7
S21401734800225146584600F04BF950461CF0E9FB1E
S214017358C9F800405E4A13682B44A3EB0803136080
S2140173685C4A11688B4200D9136038461BF0A0F9B5
S214017378002625E0ABF80630E2E7574E0B443268A4
S2140173889BB2013A32605A1C24F8062CBAF8062039
S2140173984AB102339BB20AEBC20224F8023C93803C
S2140173A801225146CFE724F8022CF9E74A46002184
S2140173B828461CF074FB064628B138461BF078F9B7
S2140173C83046BDE8F88F42462146D9F8000025F038
S2140173D846FC2046FFF782FE06460028BAD0ECE7B0
S2140173E86ED934F8023CA8EB050B002B38D000EB1D
S2140173F8C30610F83330DB0733D4C5F3CF0304EBE9
S214017408050A24F8063C013324F8023C50461CF0D1
S21401741888FB738834F8022C03EBDB03AAF80420F4
S214017428F2889BB2AAF80230BAB101339BB206EBD6
S214017438C202AAF80630938050460022314600F070
S214017448CFF830461CF06DFB214BC9F800401A688E
S2140174581544A5EB08051D6087E7AAF80620EBE7A3
S2140174681E46BBF1270FEFD9C5F3CF0304EB050A78
S21401747824F8063C013324F8023C50461CF051FB24
S21401748834F8022CCBF3CF03AAF80230AAF804206A
S21401749896B1F28882B101339BB206EBC206AAF80E
S2140174A80630B3800C4A0021136850460133136036
S2140174B8012200F095F8C7E70023AAF80630F1E79D
S2140174C8C9F8004051E722267AE7212678E700BF67
S2140174D8701700206C170020741700200249034A11
S2140174E80160521A42607047282B00200080012054
S2140174F8F0B506460020059F4C1C08BF08213860D9
S214017508BAB91F480568002D38D0B5F802E0DB0087
S21401751803EBCE0EC1F1000C2878C0070BD52ABBA9
S214017528E888B0B105EBC005B5F802E003EBCE0E6E
S214017538F2E71448E6E7B645F1D35AB905F1080467
S214017548B4FBF1F001FB1044A0190CB17045E7D863
S2140175583D60F0BD08290FD06C88013405EBC404E2
S214017568A01B00EA0C00201A8645F1D2A88800283C
S214017578EFD0A5EBC005D7E73046E9E72846E8E7A8
S2140175887C17002078170020134B13B51B68044698
S2140175980846FBB121B96846FFF7A0FF6CB9009809
S2140175A80378D90707D55CB9C3889BB100EBC3003C
S2140175B80378DA07F8D402B010BD084B1868EFE76D
S2140175C8012C07D183882BB1A0EBC3000378DB0716
S2140175D8F8D4F0E70020EEE77417002078170020AB
S2140175E8F8B5124F05460C463B68114EB2B19942A2
S2140175F809D041B13368994204D129460120FFF7E1
S214017608C3FF3060F8BD29460020FFF7BDFF336889
S2140176183860A342F1D0002CEFD0F3E799423368E3
S21401762808BF38608B4208BF3060EBE77C17002044
S21401763878170020BFF35F8F074B5A6A22F480320F
S2140176485A62D3F8942022F00102C3F89420BFF3BB
S2140176584F8FBFF36F8F704700ED00E038B5FFF727
S214017668E9FF284A2848D2F8C030284D23F0FF03FE
S21401767843F0A003C2F8C030254B04689D4204F1CC
S21401768801011ED1234BC2F89840C2F89C3003F57D
S214017698BF3303F5FF73C2F8A0300160BFF35F8FF5
S2140176A80522184BC3F894205A6A42F480325A626B
S2140176B8BFF34F8FBFF36F8FBFF34F8FBFF36F8F3C
S2140176C838BD23F01F03203BB3F1005F09D3C2F88E
S2140176D89840104C43F00103C2F89C40C2F8A03011
S2140176E801600D4B0168074A23F01F0343F00303AB
S2140176F8C2F89810C2F89C30084B0131C2F8A03085
S214017708CBE700BF00ED00E080170020E02800204E
S2140177184027002003000020FF280020E17F0120E9
S2140177282DE9F0410D461146DFF8E080D8F8004013
S214017738B4F5807F34BF00271A27FFF77BFF1F2980
S2140177482ED90021C2061CBF20F01F0020302E4E65
S214017758EB0618BF25F01F05CBB29C4235D8D6F8E4
S214017768C03020F01F0023F47F4343F48073C6F82B
S214017778C03040F003041AF095FFD8F8003025F021
S2140177881F0141F00301C6F89830C6F89C40C6F8B8
S214017798A0101AF08DFFD8F800300133C8F8003071
S2140177A8BFF35F8F0522184BC3F894205A6A42F438
S2140177B880325A62BFF34F8FBFF36F8FBFF34F8F7D
S2140177C8BFF36F8F3846BDE8F081C6F89830D6F813
S2140177D89C30D6F8A02023F01F03984222F01F02FF
S2140177E801D195420BD0904201D89D4209D2D6F8D4
S2140177F89830013123F0FF03C6F89830ACE700272C
S214017808CEE72827CCE700BF00ED00E08017002070
S214017818BFF34F8F0549064BCA6802F4E06213436B
S214017828CB60BFF34F8F00BFFDE700BF00ED00E060
S2140178380400FA05054B1A782AB95B78002B0CBFA9
S2140178480320022070470120704700BF3C26002015
S2140178580329F8B598BF124B05460E468CBF00247F
S2140178685C5C032805D8DFE800F002080B0E44F03C
S21401787802040C4B1F684FB9F8BD44F00804F8E73A
S21401788844F02004F5E744F08004F2E77B681A68C0
S214017898144203D0314628465B6898473F68EAE7B2
S2140178A820E30300B017002038B5104D2B78ABB194
S2140178B80F4C23781BB100F037FB00232370002000
S2140178C81CF045F90B4C50B100F080FB0023012158
S2140178D820782B70FFF7BCFF0123237038BD0122E7
S2140178E8054B1A702278054B1A70F7E738260020E0
S2140178F8362600203E260020392600203A2600207B
S21401790810B51AF0C8FE064B04461B781BB1BDE835
S21401791810401AF0C4BEFFF7C7FF2046F7E700BFBE
S21401792835260020094A137830B101331370084B05
S2140179381B78012B03D87047013B13707047054B22
S2140179481B780BB9FFF7B0BF704700BF3C26002075
S2140179583E2600203926002070B51AF09CFE174EE8
S214017968054617481BF0A4FD3378D3B900F05EFC32
S214017978044620B128461AF092FE204670BD1148EA
S2140179881AF099FE00F01EFF0F4B1C6000F036FD42
S2140179980E4B0F4A1860536F43F0010353671CF0F0
S2140179A8DDF800F0C5F91CF0D4F80A4B002418607D
S2140179B80123284633701AF072FEDEE73F260020C0
S2140179C81CE30300B017002084170020AC17002022
S2140179D800400050881700202DE9F843284A01384E
S2140179E8135C39B1274F013339781354012904D868
S2140179F8BDE8F883013B1354FAE7FFF71BFF01289C
S214017A08044635D81AF047FEDFF88480054698F80C
S214017A18003013B31C4E33781BB9012232701B4A4F
S214017A281370DFF8709099F8003023B100F07CFAF3
S214017A38002389F8003028461AF031FE01201CF090
S214017A4886F81AF028FE337805461BB100F0BEFA10
S214017A5800233370002388F8003028461AF01FFEEA
S214017A6838788442C4D02146FFF7F2FE3C70BFE75F
S214017A780329F5D10228F3D11CF06FF8F0E700BF0F
S214017A883C2600203E2600203526002039260020E8
S214017A98382600203626002038B51AF0FCFD094B9A
S214017AA805461B78012B04D81AF0F9FD0024204658
S214017AB838BD054B1C6800F0C7FA044428461AF07E
S214017AC8EEFDF4E73E2600208417002038B5416015
S214017AD804461AF0E0FD0546214604481AF0EEFD74
S214017AE82846BDE838401AF0DABD00BFB0170020B6
S214017AF8054B1B685843054B00F5742000F23F20E0
S214017B08B0FBF3F0704700BFAC17002040420F00EF
S214017B182DE9FF47EFF3108772B6AFF300801AF02E
S214017B28FFFC002871D06D4EDFF8D481337823B17D
S214017B380020FFF7F7FE00233370FFF77BFE0446AD
S214017B48002869D0841EE4B2012C6CD9FFF772FEB6
S214017B5801280546624CDFF8AC9100F28E80207849
S214017B68A84205D099F80030002B00F0A5802570B2
S214017B78207800F053FA99F8003013B1594B1B7866
S214017B882370AFF3008007B962B6EFF3108772B6B9
S214017B98554B1A7852B100221A70524B20781B782E
S214017BA8984203D101212170FFF752FE4F4800F099
S214017BB877FB1AF0C4FC05460028B7D1DFF84881E0
S214017BC898F80030A3B189F80000DFF8309199F8E9
S214017BD800301BB100F0A8F989F8005000201BF00E
S214017BE8B6FF002870D000F0F1F9002388F80030BD
S214017BF8337823B10020FFF795FE00233370002168
S214017C082078FFF725FE00232370AFF3008007B91D
S214017C1862B604B0BDE8F0873378002B96D0FFF73C
S214017C2881FE347092E7002003A900F087FB044622
S214017C3800288BD1D8F80030039A9A4205D801203B
S214017C48FFF770FE0123337080E7294B1D6800F0AB
S214017C58FBF9039B05449D42F1D200F00DFA820020
S214017C68039942F0020292B2CDE900422346214A24
S214017C78491B1E481BF07DFF68E7DFF88CA09AF8C1
S214017C8800300BB900F0E2F82078854203D099F865
S214017C980030ABB125709AF80030002B7FF468AF3E
S214017CA8154B1B7823B900F039F90122134B1A70CA
S214017CB801238AF800305BE72946FFF7C9FD56E736
S214017CC82946FFF7C5FDE5E7012000F0A7F907B942
S214017CD862B6EFF3108772B680E700BF372600203A
S214017CE83E2600203A260020332600208C17002046
S214017CF884170020097901003B260020362600203B
S214017D0888170020392600203826002010B51AF0DA
S214017D18C2FC0022054B1C781A701AF0C0FC00F051
S214017D288FFCE4B22043C0B210BD00BF3426002049
S214017D383B4A3C49136F70B503F007030B60D2F852
S214017D480011394801F0030101603849384D896945
S214017D58032BC1F34001297059D0D2F8203103F022
S214017D680703981E43424341D2F88022314C02F061
S214017D78010213434FF4C8702370FFF7B9FE0022BF
S214017D882D4B2E4918602E4E0B680132D2B20A2AA4
S214017D9846F8040BF9D1034400EBC00003440B601A
S214017DA82B78284D63B323781D4A3BB9D2F80031A6
S214017DB803F00303591E4B424B412370D2F800319E
S214017DC803F00303022B24D0032B25D0012B17D154
S214017DD8FBF726FC024698B1144B1B4EDC680023C1
S214017DE81946C4F30B04013404EB84040138E4FB9C
S214017DF8060118F0E9FDFFF77BFE2B6803442B60AC
S214017E081F20FFF775FE2B6803442B6070BD012306
S214017E18AAE7FBF763FCDDE71AF035FCDAE700BFF3
S214017E2800800050EC170020F017002000C0015019
S214017E384326002044260020B4170020B817002047
S214017E48BC170020E817002040420F00044B054AE3
S214017E58D3F8203103F0070313601AF0BBBC00BF48
S214017E6800800050F417002008B50D4B1A7892B11F
S214017E7800221A700B4A136F23F0070343F001031D
S214017E881367D2F8203123F0070343F00403C2F83E
S214017E982031FBF7AFFB0122034B5A6708BD00BF31
S214017EA8422600200080005000E000500122154BB9
S214017EB810B55A67144B154C1B7813B302201BF0E8
S214017EC8FDFEF0B100F06AFAD8B1A36DD90302D568
S214017ED8E36D9A0715D40D4B9B6DDB0711D4012270
S214017EE80B4B1A701BF0C9FEBDE81040094B0A4A35
S214017EF81860136F23F0070343F003031367FBF7B8
S214017F0879BB10BD00D000504426002000C00050A8
S214017F1841260020E4170020008000500122014B72
S214017F281A70704742260020F8B51F4B1B78002BA5
S214017F3839D01E4C2378B3B91D4B9A6DD10302D59F
S214017F48DA6D92072FD49B6DDB072CD41BF095FEB8
S214017F58184B194A1860136F23F0070343F00303FD
S214017F681367FBF747FB1BF088FE124B134D1B6884
S214017F78134EC01A2B78134F56F8232046F82300C1
S214017F88111A3A681048521A0A213A600932B2FBA5
S214017F98F1F20133DBB20260B3FBF1F201FB1233FB
S214017FA82B7000232370F8BD4426002041260020AC
S214017FB800C00050E4170020008000504026002032
S214017FC8BC170020B8170020B417002008B51AF00F
S214017FD802FC0D4A0D49136F096823F007030B438A
S214017FE813670B49D2F82031096823F007030B43BE
S214017FF8C2F82031074B1B7813B10122064B9A624F
S214018008BDE80840FBF7F6BA00800050EC170020E0
S214018018F41700204426002000E0005002280AD069
S21401802803280BD001280CD1064A136923F0040350
S214018038136130BF70470020FCF746BC0020FCF7F0
S21401804863BC704700ED00E0054B187818B1054B86
S214018058186800EBD000044B1B681844704700BF33
S21401806844260020B4170020E81700200122014BFF
S2140180781A70704744260020014B1878704700BFD5
S2140180884426002038B51BF006FE0025084B094C8F
S2140180981A682368C31A2AB123B15169994203D3CE
S2140180A8C91A5161206038BD55615B1A9268F2E7BA
S2140180B800180020FC170020C38870B504460D463A
S2140180C83BB9FFF7E9FC8542064602D21BF033FDB1
S2140180D835460E4965610B688BB90C60A3600DE0E7
S2140180E8AD1A9A68184665616AB113465A69AA4272
S2140180F8F6D930B18460521BA3605A6170BD002066
S214018108F4E70C60F7E79C60A260F7E70018002028
S21401811838B5134D2B685B6993B1124A022014686F
S2140181281C441BF0BFFD204600F0D4FA00230E497C
S2140181382A680B70D088800709D501230B7038BDD3
S21401814802201BF0AFFD022000F00EFBEEE792685E
S214018158002AF4D050690344012BEBD9EFE700BF9E
S21401816800180020FC1700204626002070B5164689
S2140181789DF81420C0E903360271049ABDF8183038
S2140181880260002204460D468260C380EEB91BF0E9
S21401819882FD2844A0619DB12E461AF07CFA054658
S2140181A8FFF770FF31462046FFF786FF104B1B6826
S2140181B8A34201D1FFF7ACFF28461AF070FA02E095
S2140181C8E36865617BB9002070BD1BF064FD30442F
S2140181D8A061002DE0D1E3686561002BDDD0204663
S2140181E821689847D9E7204621689847EBE700BFFA
S2140181F80018002000220C490B687BB183420AD183
S21401820883687AB1936083681BB15A6941690A44E5
S2140182185A61002070471A469B68EEE70028EFD09F
S214018228022070470B60EEE70018002070B51AF0C0
S21401823839FA144E05463478FCB9134B1C60134BB7
S2140182481C60134B1C8000F007FA01201BF02AFD66
S21401825800F0ACFA0F4B0246186020B928461AF00F
S21401826827FA232070BD234640F2E7310A4818F062
S214018278ABFB0A4B18600123337028461AF018FA2C
S2140182880020EFE74726002000180020FC170020F2
S2140182983C2500200418002018FCFFFFF8170020D2
S2140182A870B5044640B31AF0F6F9144E0546FFF7C2
S2140182B8E9FE3068A04209D02046FFF79BFF044636
S2140182C8B0B128461AF0EBF9204670BDFFF792FFC9
S2140182D804460028F5D133683BB9022000F02CFA91
S2140182E828461AF0DCF90024EEE7FFF711FFF7E756
S2140182F83368002BF4D1F0E72224E5E700180020C4
S21401830838B50C460546A8B1A1B100230B701AF082
S214018318C9F90121084B1B6833B91AF0C9F90020BD
S21401832838BD9D4204D121702278002AF9D0F4E79D
S2140183389B68F1E72220F3E700180020F8B5064607
S2140183480F461AF0AFF900250446124B1B6823B9ED
S21401835820461AF0ADF91B2011E05A691544DA884F
S214018368B2420DD11BF097FC0B4E3368C01AA842D7
S2140183780AD3002320463B601AF09AF90020F8BD7C
S214018388FF2EEFD09B68E2E71BF085FC33682B4491
S2140183981B1AEFE700180020FC17002008B5084B49
S2140183A81B7803F0FF004BB11BF067FC054B1B68FD
S2140183B89B69C01A02288CBF0020012008BD00BF97
S2140183C8462600200018002070B51AF06BF90646FC
S2140183D81BF061FC084B04461D880120ADB21BF05A
S2140183E86DFC18B11BF057FC0446013530461AF0EF
S2140183F85FF92046294670BD3C250020014B1868C8
S214018408704700BF04180020F8B50C4B05461B68DA
S2140184180E4683420FD3002440F2E7302146084B2C
S2140184284FF47A721F680023E5FB070118F0CCFAAF
S21401843830602046F8BD2120FCE700BFF817002071
S21401844804180020F0B51F46002387B00C461646D0
S21401845805468DF8133050B30DF11301FFF750FFA1
S2140184689DF813302BBB204605A9FFF7CDFFE0B9D1
S214018478114BE8831B6828465C434FF47A73B4FBB8
S214018488F3F203FB1244191B89B2994208BF002173
S214018498BDF83430A983059A02939DF83030114609
S2140184A8CDE900733346FFF761FE07B0F0BD222021
S2140184B8FBE70220F9E700BF04180020014B186803
S2140184C8704700BFF81700200F4B10B51A689AB10D
S2140184D84FF47A71531E1342A0FB01010ED1B2FA72
S2140184E882F2C2F11F04531CD243E04001FA03F39F
S2140184F8184321FA02F20243104610BD002318F071
S21401850863FA0246F8E700BF04180020C2072DE9FF
S214018518F04704460BD5474A138801339BB21380AC
S214018528FFF7B0FD444B1B680BB1FFF7F1FDA3073E
S2140185387ED51AF0B7F84FF0000905464E46FFF704
S214018548A1FDC8463C4F3C680CB163698BB100225B
S2140185583A4B012E1A7003D119F0020F18BF1E707C
S214018568002C61D0FFF7D4FD2846BDE8F0471AF085
S2140185789FB823465A693AB91A792179914288BF30
S2140185881C469B68002BF5D128461AF091F82569F8
S214018598DDB11BF080FBA269A0EB02094FEAE97383
S2140185A84D4578EB030311DA23691344A361E368A5
S2140185B8B4F80690013613B12046216898471AF098
S2140185C871F80546FFF75EFDBDE7A9461AF06AF899
S2140185D882462046FFF70EFE50461AF069F82369D0
S2140185E8002BE4D0A38BB5EB090533B1E28B13441A
S2140185F89BB2B3F57A7F0FD2E3831AF053F881461C
S21401860829462046FFF758FDA369226948461344C0
S214018618A3611AF04DF8CAE7A3F57A73E383A36951
S214018628013D013BA361E8E7022000F085F89BE7DE
S214018638BDE8F0873C2500200018002045260020CC
S21401864810B51AF02FF8034B1C781AF031F8E4B27B
S214018658204610BD452600201FB500241A4B186871
S2140186689A880290D3F806009B7A00901748ADF8CE
S2140186780C208DF804301AF01BFF02A88DF808406C
S2140186888DF80C40FCF7BEFA694601208DF80040CB
S214018698FCF774FA4FF0B0431F219A6922F01F02C3
S2140186A89A610B4A51619A6A12F00802FBD11A6262
S2140186B80120FCF77DFA0A20FEF78EF90A20FEF75C
S2140186C87DF904B010BD00BF24E3030018E30300DE
S2140186D80020005810B5044619F0DDFF4FF0B042EF
S2140186E8936A1907FCD4136A116C5269120704D4E9
S2140186F8CA1A032A01D899420ED1E21A022A98BF49
S214018708DC1CB4F1FF3F38BF013C4FF0B0431C649A
S2140187189A6942F008029A6119F0C1FF054A13786E
S2140187283BB14FF0B041CB6B43F00203CB63002360
S214018738137010BD012B0020820700F001030AD533
S2140187480121084A43F0080311704FF0B041CA6B83
S21401875822F00302CA634FF0B0418A6922EA030392
S2140187688B617047012B0020830742BF0822014B0B
S2140187785A6170470010005810B519F093FF4FF072
S214018788B04304465B691A07074A03F0010003F081
S2140187980D0348BF40F002005361FFF7B7FE2046BD
S2140187A8BDE8104019F084BF0020005807B5044BF7
S2140187B801A918791AF072FE019803B05DF804FB56
S2140187C80CE303000A4B10B5D3F8403203F0030359
S2140187D8013B012B0BD819F05EFF0446012102204C
S2140187E8FFF7FAF82046BDE8104019F058BF10BD4B
S2140187F800800050024A0349034807F00FBC00BF37
S21401880830E3030054E303009CE303004FF0805277
S214018818014B5A60704700BF00ED00E010B50A46EC
S214018828044619B1024B00211B68984710BD00BFCA
S214018838242900200E4B0340B3F1607F06D1B1F521
S214018848885F14BF6FF0860000207047B3F1707F11
S2140188580BD101F4E043B3F5005F06D111F4E06FE4
S2140188680CBF6FF08600002070476FF086007047D7
S2140188780000C07F8A42F8B506460C4600F0DB8049
S2140188886F4922F4FF7323F001038B420ED06D4B20
S21401889822F0FF01994209D06B4822F47F7323F036
S2140188A80303834202D0694B994228D1684B24F0CE
S2140188B8FF0199420FD114F0FF000BD0654B40F031
S2140188C80070984240F0B98082EA0400FF288CBF05
S2140188D800200120F8BD5B4B9942ECD0A3F58853E4
S2140188E89942E8D024F4FF7323F00103B3F1062F6D
S2140188F8E1D056488142DED053498B42DBD004F0A2
S214018908FE43B3F1A06F14D102F0FE43B3F1A06F9A
S21401891840F0938082EA040333F47E1340F08D809E
S21401892814F40040D6D0C4F30540C2F30542904281
S214018938CDE7B3F1407F6AD102F0FE43B3F1407F41
S2140189487BD182EA040535F47E1576D13146204678
S214018958FFF770FF002870D13F4B12F47C1703EA2B
S21401896802031BD0B3F1607FC2F305473FD13B49F1
S214018978D3B243F000738B423DD003F17E43043BF0
S2140189880F2B01D83649CD5C14F47C1FC4F305437C
S21401899833D1BD4214BF002001209BE7B3F1607FAD
S2140189A80DD12E49D3B243F000738B421DD003F18B
S2140189B87E43043B0F2BDAD82A49CF5CD7E7B3F1BD
S2140189C8707FE1D106F4E043B3F5005F03D10127D8
S2140189D8C6F302239F4006F4E043B3F5005FD3D104
S2140189E80125C6F302218D40CEE71027BFE7B3F174
S2140189F8707FC9D1EFE71025C6E712F47C1F01D1B5
S214018A08AB4218D022047FF565AFBB425FE7B3F1EE
S214018A18106F12D124F01F6020F4702068B902F09C
S214018A28FE43B3F1106F7FF455AF0F48104040F086
S214018A381060A042AEE701204CE700204AE700BFDD
S214018A4800020006001300060004000600090006DE
S214018A5800030006FF0000020000C07F03000002BA
S214018A68D4E30300D4E303000000FFF62DE9F8433E
S214018A781746002288461C4600F05AFA054688BB67
S214018A88D8F80060B6F8009009F4E043B3F5804FD3
S214018A98F36808BF27F0010737EA03031AD10CB3B6
S214018AA8254B24F0FF029A421FD114F0FF0304D08D
S214018AB8224A43F00073934232D02246484631692F
S214018AC8FFF7D8FE074668B9224648467169FFF798
S214018AD8D1FE70BB6FF0840500233046C8F800301D
S214018AE81BF0DCFF2846BDE8F883154B9A42DCD01C
S214018AF8A3F588539A42D8D024F4FF7323F00103D0
S214018B08B3F1062FD1D00F498A42CED00E4A9342EE
S214018B18CBD004F0FE43B3F1407F04D12304CCD577
S214018B286FF08605D8E7B3F1A06FF7D0034B9C42E8
S214018B38C2E73D46D6E700BF00030006FF00000275
S214018B4800130006000900060004000638B500F008
S214018B58FE43B3F1407F04460D4602D06FF086000F
S214018B6838BDFFF767FE0028FAD114F47C1F12D02F
S214018B78C4F30543032B137022D9284A2240B2F1C5
S214018B88607F3DD1264AE4B244F0007494422BD16A
S214018B98102BE5D9E2E7214B2340B3F1607F15D1CD
S214018BA81F49E3B243F000738B4202D110231370BE
S214018BB8D6E703F17E43043B0F2B04D90023137039
S214018BC86FF08500CCE71749CB5CD3E7B3F1707F2C
S214018BD8F4D101F4E043B3F5005FEFD10123C1F30B
S214018BE802218B40DBB2C5E704F17E44043C0F2C1E
S214018BF8B4D80D4A125D9342B0D8142BB0D9DFE72A
S214018C08B2F1707FAAD105F4E042B2F5005FA5D1B2
S214018C180122C5F30225AA40EDE700BF0000C07F88
S214018C2803000002D4E30300D4E3030037B50B4D79
S214018C380C462B787BB100230A460193014601AB0B
S214018C48281D1AF050F920B9019BA34218BF6FF0EE
S214018C58930003B030BD6FF08800FAE708180020CB
S214018C682DE9F04F9B460023924601F0FE4297B04D
S214018C78B2F1806F0E46DDE92078DDF8889008931A
S214018C8805D018461BF00AFF6FF086043CE00B4639
S214018C984FF4807208A9FFF7E9FE044618B1089850
S214018CA81BF0FCFE30E0DDF820C00DAC6546CDE9D2
S214018CB814000FCD0FC495E80700BCF8003084E80F
S214018CC8070003F4E042B2F5005F20D113F4E06F29
S214018CD8C3F302211BD0384826F4807282420AD098
S214018CE800F50070864206D03448864203D0A0F5C7
S214018CF83F4082420BD101258D40102D12D9604686
S214018D081BF0CCFE6FF083042646002548E042F2AD
S214018D180402934202D12A4B9E420BD0294B9E4213
S214018D2844D10D25A84507D260461BF0B7FE6FF063
S214018D388904E9E70C25F5E7294609A8FFF776FF30
S214018D4804460028ABD10898D0E9091287B307EB87
S214018D58050C0E9CA8EB0503240A93D10DF12408F3
S214018D68CDE90539CDE903BC3346CDE9015ACDF83D
S214018D7800800DA81AF0C1FA044614F1860F089867
S214018D888ED01BF08BFE0646002CBDD190B925B1BE
S214018D982A464146384623F062FFD9F800301D447A
S214018DA83046C9F8005017B0BDE8F08F0025CAE76D
S214018DB8BC46CEE70446A7E70010C00400FF4004FF
S214018DC8000180040013C00408B500F05FF8064BE4
S214018DD85A7812B10022C3E90122BDE808400C21E5
S214018DE80148FFF71BBD00BF0818002070B50C4DE1
S214018DF82B7873B91AF06EF8044668B9022301266F
S214018E08C5E90100AE706B7000F038F8044618B971
S214018E182E700024204670BDFFF7D6FFFAE700BF84
S214018E280818002000F100420332022A38B5044629
S214018E380D4609D82C21104B01FB02339A68824251
S214018E4811D06FF08B0010E001211BF0D9FD78B12D
S214018E58094B9A68944206D05A6B944206D01A6E09
S214018E689442EED1583300202B6038BD2C33FAE7F4
S214018E786FF08700F9E700BF141800200122024BA3
S214018E88002083F8842070471418002070B5094C18
S214018E9800252646042120461BF0C3FD0135204641
S214018EA81BF061F9032D04F12C04F3D1002386F895
S214018EB8843070BD14180020F8B51B4C064694F88B
S214018EC884300F464BB300252346294693F82000E5
S214018ED81A46B8B125B91A7912B1022808BF1D4633
S214018EE80131032903F12C03F0D115B96FF08C0079
S214018EF815E0042128461BF094FD68B928461BF0A6
S214018F0832F92A460020094B141BA4105C4304F1CD
S214018F180044033C34603A60F8BD6FF088000023D3
S214018F283B603360F8E700BF14180020A38B2EBA05
S214018F382DE9FF4100230B60394B804693F88430B6
S214018F480D461646002B68D0FFF76CFF0446A0B9FD
S214018F582EB9286804B0BDE8F0411BF08CBD012E7F
S214018F6804D00024204604B0BDE8F0810521286815
S214018F7804B0BDE8F0411BF054BD10F18C0FF1D1DF
S214018F88294601A8FFF798FF04460028EAD10123DD
S214018F982F68CDE90200C7F8088038467B6003AA27
S214018FA802A91BF026FE044688B1DDE902011BF082
S214018FB81EFE2D68042128461BF033FD28461BF0AB
S214018FC8D2F814F18C0F08BF6FF08704CAE7DDE901
S214018FD8021238461BF052F80446DDE902011BF07E
S214018FE806FE002CE5D1022138461BF01AFD044680
S214018FF80028DED12868C368D90444BF43F48063D7
S214019008C360C3689A0444BF43F40063C360002E78
S214019018A0D0012EA5D10521AAE76FF08804A1E703
S2140190281418002030B40D4D2C681C606C685C6008
S21401903800249C605468DC6014881C8254885C8216
S214019048D4685C6114699C61526930BCDA61196242
S2140190580A46014603F1240023F001BEE4E30300B7
S2140190682DE9F843232904460F4691469846089E5B
S21401907804D86FF098052846BDE8F88308221949F0
S21401908823F093FD05460028F3D1A368002BF0D101
S214019098216A243F8F42C8F80010EAD3B1F5005F71
S2140190A8E7D271B9C9F80000E3687360238A338090
S2140190B8638A73806369F360A3693361E3697361E3
S2140190C8D9E701201AF00FFDC9F8000030B1D8F829
S2140190D8002004F1240123F0C2FDE5E76FF08C05BA
S2140190E8C9E700BFE4E30300F7B505466B46164635
S2140190F8174A0C461068516803C395F82A30083396
S2140191086B4413F8087CB5F84830DA0609D43346B8
S2140191182246394628461BF0F8FD00F5FA7003B0DA
S214019128F0BD204624F0F1F9B5F8483000F10A04FC
S2140191389B074FEAC40405D0304624F0E6F904F547
S2140191480C740444E823781E584304FB0700E4E73C
S214019158ECE303009422144B10B51C68002102FBB3
S2140191680044204623F04BFD104B04F108001B6811
S2140191780021DB7863761CF008FF4FF00823636252
S214019188072384F82A30236A094A43F01303236223
S214019198084B2046A364084BC4E91D32C4E92132B2
S2140191A8BDE810401BF0E0BD9C180020701A002096
S2140191B8555555001300FFFFD6BE898EF0B5104BE6
S2140191C802461E6893F804C035464FF0FF34002364
S2140191D89C4508DC91B1631C10D0942303FB046002
S2140191E880F84A20F0BD95F84A7028469742F9D08B
S2140191F8FF2F08BF1C4694350133E9E70020F1E745
S2140192089C18002070B50446234D002842D008302B
S21401921801F040FE0026FF2304F1300084F84A30AE
S214019228E66124F0EDF804F1340024F0E9F804F1DD
S214019238380024F0E5F804F13C0024F0E1F804F1E4
S214019248540024F0DDF82868144B201A801058437F
S214019258C0B21BF051FD014630461BF046FD606C5E
S21401926810B100F037FF6664A06E18B11BF057FD09
S2140192780023A366E06E1BF04EFD0023E36670BD77
S214019288286806FB0400FFF7BDFF01342B79A342CB
S214019298F6DCF4E79426F9E79C180020AD1B4C9100
S2140192A8F7B504461EF005FBC0F30F23542B3ED931
S2140192B8AA2B34BF01230223C0B27E288CBF022208
S2140192C8012203218DF804301344B3FBF1F000EBBF
S2140192D840001B1A8DF805301344B3FBF1F202EB7C
S2140192E842029B1A8DF80630002318461D461A4678
S2140192F8104901AF4B7517F8016B44FA06FC1CF0D0
S214019308010F06D053009E40012330430132C0B2FC
S214019318D2B20135EDB2032DEDD103B148754B7DBF
S21401932843EA82134B75FF230B7503B0F0BD002388
S214019338C2E700BF9C180020064B1B68D97ADA786A
S214019348437E5B1A9342A8BFDAB2002142761BF02D
S21401935847BD00BF701A0020B0F864302BB9836887
S21401936813F4601F08BFA0F8643011B1012913D0A7
S21401937870474369417E23F010034361084B1A681E
S214019388D37A92780B449342D8BFDAB2C36942764D
S21401939823B101211BF024BDFFF7CEBF704700BFE4
S2140193A8701A00202DE9F0410025354E8AB0337930
S2140193B8AB4203DC01200AB0BDE8F081942334688F
S2140193C803FB054494F84A30FF2B0DD0236A980115
S2140193D806D504F15408404624F08FF8074628B904
S2140193E8226A12F0A06F1ED10135E0E7BB7908A901
S2140193F80C333B44D8689A7A1B8AC2F38012ADF8BC
S214019408243000238DF81F2008901A460DF11F00FE
S2140194181BF08CFC38469DF81F2094F84A1008ABC0
S2140194281CF03BFED7E7B4F848301D2B18D13C2377
S214019438FF210020CDE90431CDE902000121CDE963
S214019448000004F15B03C2F380221DF022F9002814
S214019458B1D04FF0A06104F120001BF024FCC3E753
S21401946812F0807F08BF3C214FF0000218BF43214D
S21401947894F8293094F84A001CF0B1FFE7E700BFDA
S2140194889C1800202DE9F0411F46C36904460D4685
S21401949816468BB169B919F005F906462946E06EF4
S2140194A81BF035FC204629461BF083FC304619F094
S2140194B8FFF80020BDE8F0810029FAD0036A03F01E
S2140194C81203022B00F0BC80236ADD0700F1C0807E
S2140194D894F84A30FE2B0CD104F14C0002F002F845
S2140194E801F0F8FF28B14FF4800104F120001BF0C9
S2140194F8D2FB256A624B2B40B3F5807F00F0BB8018
S214019508A80531D5C5F3802504F15B08002241463C
S21401951828461BF013FC002184F84B001BF021FCA5
S2140195284146002228461BF00EFCB4F8481020B12C
S21401953894F94B00002880F297804FF4007104F1EB
S21401954820001BF0B0FBB4F8482002F00302012A01
S2140195580AD1414628461BF0F6FB28B14FF40061B4
S21401956804F120001BF097FB236AD90600F18180DD
S214019578D4E90C122046FFF7B7FD012F0ED040F2B2
S2140195887123A28C5A43904208D9E28C5A439042DE
S21401959873D800F51C70B0FBF3F0A084394BE36177
S2140195A8002384F82930236AE168B4F8645023F468
S2140195B8803284F82870226221613DB913F0100FB9
S2140195C80CBFC8253C25257605F2B3154EB140F2E9
S2140195D87121E38C42F48032C3EB06134B432262BB
S2140195E8E362236A43F400232362274B1B68DB7874
S2140195F8637619F057F86369074643F0100304F1D8
S2140196080800294663611CF0C0FC012003F0E2FC57
S21401961828B963691A075CBF43F00403636126B17E
S2140196281EF083F9E36A0344E362204603F0DCFC98
S214019638384619F03DF80121E06E1BF068FB38E763
S214019648406B23F062FF00287FF43EAF0C2031E721
S214019658636C002B7FF43CAF00F0E6FC60640028E6
S2140196687FF436AF092025E701F001011BF079FBED
S21401967869E7064B93E712201CE745201AE700BF67
S21401968800014000D74C0300701A0020959701008E
S21401969870B500249426094D2B79A34200DC70BDD1
S2140196A8286806FB040090F84A30FF2B04D00023F4
S2140196B81A461946FFF7E6FE0134EDE79C18002026
S2140196C82DE9F04304468F798BB00C370DF1040968
S2140196D8CD1901220E460DF1030049461BF03BFB4E
S2140196E8636C8046039300236364236AE879C3F3B3
S2140196F800138DF825302989F75903F003FE224B0C
S21401970807441B6805975B7905F118026376012300
S21401971806928DF8103005F10C03B8F1000F28D029
S2140197289DF80330CDF81C908DF820309DF8252043
S21401973894F84A308DF821300123FAB98DF8223091
S21401974894F8933003F00F038DF823306B7903A850
S2140197588DF8243000F07CFD1EF09AF80121204691
S2140197681BF027FB304618F06FFC01200BB0BDE854
S214019778F0830793AB7AC3F38013D5E7AA7AC2F3CB
S21401978840128DF82220DFE7701A0020012810B554
S2140197980C461ED0022824D040BB08461BF032FDDA
S2140197A840F27121A38CE28C94F82A00D21AE3685D
S2140197B803F59C53083301FB02332361FFF770FD61
S2140197C80B4B20469968236BBDE810400B6003F0ED
S2140197D89BBE03F06DFD844208D1BDE810401EF023
S2140197E857B80846BDE81040FFF7A6BD10BD00BF34
S2140197F89C18002038B50A4D0020FFF703FDAB681A
S21401980813B100221A60DA801CF0C9FC00242B79F7
S214019818A34200DC38BD2046FFF79CFC0134F6E77E
S2140198289C18002070B52B4C0546A06818B118F096
S2140198380BFC0023A360FFF7DDFF00201BF060FA96
S21401984855B9032025712560E58218F06DFB20794E
S2140198581BF056FA28B970BD022023F095FFA060C8
S21401986848B90025A0682571256070BB00201BF04B
S21401987847FA0720EFE70026032025712660E682CF
S21401988818F052FBB542E2DD05EBC50105EB810197
S214019898890033460122032089B218F001FB0646E7
S2140198A80028DED1032018F061FB20600028D8D0FC
S2140198B8942231466A4323F0A2F92379B342C6DDDE
S2140198C83046FFF747FC0136F7E718F0BDFBA56001
S2140198D8CCE700BF9C18002006222DE9F341354B42
S2140198E806469C688846A5790C35635D671903F0BA
S2140198F84F036355B0F848307A70103B0D2B31D8BA
S214019908DFE803F055305107300C30303030303056
S214019918300C635D6FF30303635523E00123625D37
S214019928006A63F3030262550C2210F4006F7A7022
S21401993806F15B0107F108020CD001924FF0FF32E5
S214019948C0F3802000921A461BF0FBF9635D43F0D2
S2140199588003E1E7D6F85B30BB608B889380336A77
S2140199685B05F3D4B6F84820635D304662F34513C9
S2140199786355B91C1BF0FCFC635D60F386136355E5
S214019988A3797A7802331344E371B6F8483003F0C2
S2140199981403142B04D0B8F1000FC4BF42447A70E4
S2140199A802B0BDE8F081635D62F30303B4E7022207
S2140199B8635DF9E79C1800202DE9F0438B7906468C
S2140199C80C33CC18237985B0DA0737D5E77A252FF3
S2140199D834D8484B9A6893790C33D118D35CA27A59
S2140199E8C3F38013B3EBD21F28D1056A0622EB0610
S2140199F84CBF0231043104F1120023F0D6F8E8B95D
S214019A0894F80A901BF0A1F905F4C04580F001030B
S214019A182A1EC9F3801904F10C08414618BF012211
S214019A284846DBB21DF09FFF014650B1A37A03F00A
S214019A380F03032B1BD1336A980712D44FF0FF305C
S214019A4812E01BF08AF90028F8D1A37A03F00F0375
S214019A58002DEED0032B85F4C0451CD1A904EDD505
S214019A68E9E70C2FEAD1032005B0BDE8F083052B02
S214019A78E4D1306AC207E1D500F01403142B0FD0E5
S214019A88012202A90DF107001BF065F908BBA17AAE
S214019A98C1F3801121E0052BD0D16B04E9D4CDE7C1
S214019AA806F15B052946C0F380201BF043F9002820
S214019AB8E6D1A27A336AC2F38012C3F380239A42AC
S214019AC8BCD106222946404623F06FF80028B5D1B6
S214019AD8D6E79DF807100DF10808404600F042FB4E
S214019AE80028ABD104F118001BF0C5FB0028A5D04F
S214019AF80520B9E79C18002030B5174B826A1B6809
S214019B081206597926D5028F1C79436B1203B2FBCC
S214019B18F3F2631AB2FBF3F2B0F89C3003B1013BDF
S214019B28D0F8A05005B15B101B02B3FBF2F35B182B
S214019B380CD090F895200F2A08D91209B3EB820F9A
S214019B48B8BF00234FEA8201A8BF5B1A9C42A8BF90
S214019B581C46E1B2417630BD701A0020084B9A7E49
S214019B6882420AD94FF4A4721B6802FB0030836A4A
S214019B7813F0100F08BF002070470020704700BF81
S214019B88B4180020084A09491368C31AD810002BCC
S214019B9801FB00F005DB937E8342D8BF4FF0FF3010
S214019BA870474FF0FF307047B4180020199C8FC1DA
S214019BB870B504460E4618F075FD3146054604F1A3
S214019BC830001BF0FDFB2046FFF7DCFF012181403A
S214019BD805481BF0F5FB4FF4807006F043FC284659
S214019BE8BDE8704018F064BDD8180020F329F8B510
S214019BF804460D46724E25D1338D63B9A36813F416
S214019C08601F00F0BA80238F626B1B01B3FBF2F36F
S214019C18F32D9FB22DD120461BF076FCB4F89C702C
S214019C28002F40F0B380A36A13F0800F0CBF3E23C9
S214019C38082384F877302046FFF75EFFF32D36D1E8
S214019C48012057E07369590640F18F80836A1A0725
S214019C5840F18B80336900F1400143601CF0F4FE4B
S214019C68338D002BCAD0238F626B1B01B3FBF2F333
S214019C789FB2618FB4F89C209BB25B1A9A427EDC35
S214019C88736994F836019B074CBF002102211DF029
S214019C98BAFE40F2022372699343BCD12046A4F867
S214019CA89C701BF032FC2046FFF726FF0127A36AAB
S214019CB81807C5D5628F002AC2D013F4C05FBFD17A
S214019CC8726912F00C0FBBD140F202239343B7D14D
S214019CD8D4F8A430002BB3D12046A18F1DF063F829
S214019CE8002855DD638F0133984251DC0128A7D03F
S214019CF8013880B2236BA4F87C00590409D54FF4C7
S214019D08804104F130001BF063FB00212046FFF779
S214019D184FFFB4F87C20A38F94F870101344A387E0
S214019D28B4F89C309B1AA4F89C3094F86F3002FB68
S214019D3801332522B3FBF2F102FB113384F86F30AD
S214019D484FBBA36A1A0702D41E4B1B6898472046C6
S214019D5808211CF0E2FE20460221FFF729FF2046D3
S214019D68BDE8F840012103F08DB9318D238F626B70
S214019D7800293FF443AF1B0178E7338543E7737F38
S214019D88002B86D0032194F8360180E7012752E795
S214019D98608F0130ADE720461AF0A0FF2046A18F5C
S214019DA81CF08BFEA36A05461B0702D4054B1B68ED
S214019DB89847002DCBD02046BDE8F8401BF027BCBD
S214019DC8B4180020E81800200022074B10B55A776F
S214019DD8202204465A611BF03FFB84F836012046D0
S214019DE81BF072FC10BD00BFB4180020012810B586
S214019DF80C462AD0022830D000283DD191F895305B
S214019E0860F3071381F895300846FFF7DDFFA36A6C
S214019E1820461B0716D503F00DFD042001F0F8FBBC
S214019E2850B3164A937F3BB3D37F0133DBB2D37764
S214019E3892F821209A421FD8BDE810404FF0806062
S214019E4806F010BB03F0CAFEE7E703F031FA8442D6
S214019E5812D1BDE8104003F0E1BC91F895302046D8
S214019E68C3F30312013262F3071381F89530BDE894
S214019E781040F321FFF7BABE10BD00BFB41800208A
S214019E8810B501F025FCFB22114B10F0020F1A77D2
S214019E980CBF012203224107197E48BF42F0040283
S214019EA862F3030119761A7EC2F3030161F30712FE
S214019EB81A764FF4417100221984DA76DA835A62E7
S214019EC81A611A85034BBDE810401B68184700BF86
S214019ED8B4180020E01800202DE9F8434B4C05463D
S214019EE8A06818B118F0B0F80023A360022018F093
S214019EF81BF85FFA85F800201AF000FF40461BF0B1
S214019F08CAFA0646002868D140461BF0CFFA07462B
S214019F18002862D1002D75D005EB850105EBC1013E
S214019F28C90033460122022089B217F0B9FF00287A
S214019F3850D14FF4A479022084F81A8018F016F844
S214019F4809FB05F731463A46206022F058FE3246AC
S214019F582368681E03EB0901824233DB002DA7F54F
S214019F68A4724FF00001D8BF0022995028466360BA
S214019F781AF0C4FE88BB40461BF07CFA68BB404614
S214019F881BF081FA074640BB002D16DD022023F0A0
S214019F98FBFB0223A060C37183793946C3F1020231
S214019FA80C33D2B2184422F02AFE0121A3689A790A
S214019FB813441A7B61F301021A73FFF761FF3046F7
S214019FC8BDE8F88309FB02FC013243F80C1001F5E1
S214019FD8A471C1E7C4E90077A776002500201BF025
S214019FE85AFA00201BF062FA2846C4E90055A576FD
S214019FF81BF040FA28461AF081FE022017F094FF5B
S21401A0080726DCE72B46A5762560AFE7B4180020BF
S21401A018014B987E704700BFB4180020014BD87ECC
S21401A028704700BFB4180020F8B5284D18F03AFB61
S21401A0386C681CB918F03CFB2046F8BD4FF4A476B2
S21401A048012723686B60EB7E0133EB7618F030FB53
S21401A05832460021204622F0D2FD04F12800402194
S21401A06867611BF0ADF92B8B0722A4F8443194F8ED
S21401A0783731002167F3030384F837314FF6FF734E
S21401A088A4F87A302B7FA4F8866084F8423144F22B
S21401A0989023A4F8403194F8853004F1080062F35F
S21401A0A8030384F885300A4BC4F8883003F1CE538D
S21401A0B803F59813C4F88C3041F61B33A4F8903096
S21401A0C81B2384F892301BF060FFB5E7B418002014
S21401A0D848014801F8B5044600261CF0CDFE04F1F7
S21401A0E8A40023F08DF904F1A80023F089F904F1FE
S21401A0F8AC0023F085F904F1080000F0CBFE04F16A
S21401A108A00023F07DF9154B20461B68984720468A
S21401A118C4E90A66FFF736FDC5B228461AF0E6FD19
S21401A128074628461AF0E4FD014638461AF0DDFDD2
S21401A13818F0B8FA05464FF4A4723146204622F0C4
S21401A1485EFD074B28465A682260DA7E5C60013A53
S21401A158DA76BDE8F84018F0ABBA00BFE41800207C
S21401A168B41800202DE9F04106464FF480400F460A
S21401A17801F04EFA044630B90E4B1D6893F81A8062
S21401A1887135A04502D80020BDE8F08155F8493C54
S21401A198DA0609D5C3F38003BB4205D10622294650
S21401A1A8304622F002FD18B1013405F5A475E8E73A
S21401A1B80B20E9E7B418002008B5B0F894305A1C0B
S21401A1C862F30B03A0F89430042001F021FA70B171
S21401A1D8074A937F0133DBB2937792F820209A429D
S21401A1E805D8BDE808404FF0806006F03BB908BDC9
S21401A1F8B418002038B58B7905460B449B7D0C4670
S21401A20803F00303032B09D101212C301BF0D8F8E6
S21401A2184FF4006105F128001BF0D2F821460548E5
S21401A228A56023F0D4F9BDE838404FF0005006F099
S21401A23819B900BFC0180020014B1877704700BF36
S21401A248B4180020014B187F704700BFB4180020CF
S21401A2582DE9F04FD0E9027590F9181087B00291F0
S21401A268417E046890F80480D0F810A0037D427DF2
S21401A27890F816B090F81790002940F0ED80A9F1F3
S21401A288030101298CBF0226032603932B8984F830
S21401A2989B202A4652F8101BBBF1000018BF01206C
S21401A2A8C4F8281104F14401019304F0A5FF2046DF
S21401A2B81CF02CFC20461BF0FBF81DF0AAFB4946B7
S21401A2C8024620461BF0EEF8C82220460DF116017C
S21401A2D8ADF816201BF0D9F847F6FF72A4F830211E
S21401A2E8AA88039BA4F82C21AA7984F82E21DAF8E7
S21401A2F80020C4F87120BAF8042004F1280AA4F84A
S21401A30875201BB1042150461BF05AF8BBF1000F0B
S21401A31804D04FF4005150461BF052F84FF46070C9
S21401A32801F076F9C0F3C0134FEA831BC30548BF93
S21401A3384BF0800B810548BF4BF4807B18F0B2F9CF
S21401A3484FF48261039050461BF03AF8594604F1DF
S21401A3582C001BF035F8039818F0AAF9A8F10203A7
S21401A368012B7BD84FF4002150461BF029F8012118
S21401A3782046FFF71DFC042120461CF0CEFB6B7D12
S21401A3882046C3F3040384F870306A895200626376
S21401A398697B2A7B42EA01226287E97BAA7B42EA39
S21401A3A8012222876A7D84F86F30C2F3421284F84C
S21401A3B83E2000220523A2870122A4F89C30A4F897
S21401A3C87C2002991BF079F801F07CF920F40060F2
S21401A3D8C4E908012046FFF78FFB3D493D4AB1F81D
S21401A3E828B008F0FD03BBF1000F6CD1002B3BD160
S21401A3F840F2C71B6760E26120460F611AF0F1FF61
S21401A408B9F1010FE0600AD094F83731204669F3B4
S21401A418030384F8373109F00F011BF0CDF904F175
S21401A428080059461BF0B1FD012002F0D3FD28B9FA
S21401A43863691A075CBF43F00403636140F2712144
S21401A4486B892046013B59431AF0EAFF204602F081
S21401A458CBFD07B0BDE8F08F012616E7B8F1010F6E
S21401A46885D140F2014183E74FF4D77BE26140F2A0
S21401A4787128019B760006EB430608FB06F637446F
S21401A48840F608015046676004F140071AF098FF45
S21401A498394620461CF0D8FA33463946204604F198
S21401A4A8340201F023F9EB7901225B003946204694
S21401A4B808FB03F31CF0CEFA236C20469E081AF01C
S21401A4C890FF30449CE76760E261002BCFD193E7A9
S21401A4D8B4180020F59D010070B51D46C36A0446F0
S21401A4E81B07164613D408212C3025F410551AF0EC
S21401A4F867FF25F01005064B2D0433402D0C20462A
S21401A508C4E90835BDE870404021FFF751BB70BD6E
S21401A5182FCF87F72DE9F04F85B0044601910846FD
S21401A52889B34B799A071FD422F0EFFF019D70B9C2
S21401A5386B79DB0705D54FF4803104F128001AF052
S21401A5483FFF01A822F05CFF05B0BDE8F08FA36AC3
S21401A558DF0309D54FF4803104F128001AF038FFDB
S21401A5686B7943F001036B71019E18F09BF87379C0
S21401A57831469E0705461ED504F1AC0023F036F891
S21401A588284618F095F8DFF8909118F08BF8A36A2A
S21401A5980746DD0514D5D4F8AC3043B19A7913448F
S21401A5A81B7B3A2B03D829FA03F3D80711D438466C
S21401A5B818F07EF8C8E704F1A80023F008F8DFE7EA
S21401A5C894F94631022BF2DCD4E92A2372B9002B1E
S21401A5D8EDD004F1AC0022F031FF0546384618F0FC
S21401A5E867F8294620461BF095FACEE7002BF0D1EE
S21401A5F894F89280039304F1A80BD4F8A86096F80F
S21401A60807A0B379AAEB030A5FFA8AFAC24527DCE0
S21401A618584622F072FF0546A8EB0A086B792946C8
S21401A6286FF3C3036B7103A822F0D1FFD4F8A830E7
S21401A6382BB15B79990702D1B8F1000FDDD1039BE5
S21401A648002BB4D09B79022B40D8002023F09CF82D
S21401A658014670BB039904F1A80022F0C7FFA6E7DC
S21401A668002023F091F8054630B9039904F1A800B3
S21401A67822F0BCFF03959AE78079B1790C300C314A
S21401A68842463144284422F0EAFAEB7953FA88F331
S21401A698EB71B379727953FA88F3B3716B794FF02A
S21401A6A8000862F300036B7173796FF3000373712B
S21401A6B8B4E7039B4A79587960F300024A715A79DC
S21401A6C803A86FF300025A7122F08BFFE36A9A051A
S21401A6D812D50398034600680028FBD1DB79C3F13D
S21401A6E84503DBB2032B07D823F04EF801460028B2
S21401A6F8B0D003A822F06BFFD4F8A83013B15B7969
S21401A708DB0704D5039A537943F008035371384697
S21401A71817F0CEFF039965E77C2C020070B5036B32
S21401A7280446DA0786B033D5866A330723D516F486
S21401A738002F14BF032501252046FFF723FA94F8B6
S21401A7489B30294605930023049394F83E30C6F3BC
S21401A75880020393238F80B20293638F0193636B06
S21401A768C3F34F03009304F171031BF092FF30B952
S21401A778002006B070BDB50C05F00205DCE7012126
S21401A78804F130001AF024FE4FF400511AF018FEB6
S21401A798236B980410D52046FFF7F4F9A16AC0B2D6
S21401A7A8C1F340311BF092FC0028E1D04FF4005170
S21401A7B804F130001AF00CFE236BD90409D50021E8
S21401A7C82046FFF7A7FE4FF4805104F130001AF037
S21401A7D8FFFD236B5A0512D52046FFF7D3F9002350
S21401A7E894F89B50C2B2194628461BF0F8FD00287B
S21401A7F8BED04FF4806104F130001AF0E9FD236BF6
S21401A8085B0711D52046FFF7BDF9616B238F628F71
S21401A818C1F34F0180B21BF01CFF0028A8D0042109
S21401A82804F130001AF0D4FD236B1E0709D5204623
S21401A8381CF009FD00289BD0082104F130001AF00D
S21401A848C7FD236BDD0618D52046FFF79BF9E16A9D
S21401A85880B211F4805100F0C58000211BF08EFFF4
S21401A868002885D04FF4805104F12C001AF0B0FD71
S21401A878102104F130001AF0ABFD236B580615D5EC
S21401A8882046FFF77FF994F8773080B20093D4E931
S21401A89808231BF056FF00283FF46AAF0023402127
S21401A8A884F8773004F130001AF092FD236B19050D
S21401A8B816D52046FFF766F900230093B4F89830BA
S21401A8C8B4F8962094F89A1080B21BF0B2FB0028D0
S21401A8D83FF44EAF4FF4006104F130001AF078FDF2
S21401A8E8236B13F4804532D19A0516D52046FFF717
S21401A8F849F994F8371194F8772001F00F0180B2DE
S21401A90800F046FD00283FF433AF4FF4007184F899
S21401A918775004F130001AF05BFD236B1B0616D541
S21401A9282046FFF72FF9B4F88C3080B2009394F8DC
S21401A9389130B4F88A2094F890101BF051FF002843
S21401A9483FF416AF802104F130001AF041FD236B65
S21401A9589E0612D52046FFF715F994F8771080B2AF
S21401A9681BF023FF00283FF403AF0023202184F8BF
S21401A978773004F130001AF02BFD236BDD0508D57E
S21401A98804F130004FF480711AF022FD20461CF0C5
S21401A9988DFA236B180408D504F130004FF40041F2
S21401A9A81AF016FD20461AF003FF236BD90308D5C3
S21401A9B804F130004FF480311AF00AFD20461AF0EF
S21401A9C86CFD236B9A0308D504F130004FF400316F
S21401A9D81AF0FEFC20461AF06EFD236B9B0704D482
S21401A9E80120C6E61BF0E1FE3AE7002220461146A2
S21401A9F81AF05FFD20461AF05EFD2046FFF7C2F802
S21401AA0894F8771080B21BF086FF00283FF4B0AEAA
S21401AA18022104F130001AF0DBFC2046FFF75AFB4E
S21401AA28014B1B689847DBE7E0180020F8B50023C0
S21401AA38124A02F1240151E8004F41E80035002D81
S21401AA48F7D1012734B9BDB10D4829461AF0B8FC2B
S21401AA582046F8BD94FAA4F0B0FA80F007FA00F69A
S21401AA6824EA0604FFF77AF80028EBD0FFF756FE2B
S21401AA780028E7D13543E5E70120EAE7B4180020C6
S21401AA88D81800202DE9F74F04460190002860D019
S21401AA98C5794FF000080C35054417F003FE464605
S21401AAA800904FF4A47A40462B4FBA7E5FFA88F995
S21401AAB84A4517D90AFB09FB3A685A44916ACB06F4
S21401AAC844D5B2F89420C2F30B02002A3ED0E279AC
S21401AAD8C2F14502D2B2032A15D8022022F054FE4A
S21401AAE8044640B900230098FB8317F0E1FD304681
S21401AAF803B0BDE8F08F014601A822F068FD0020EA
S21401AB08E5790C35254404220123002112FB003384
S21401AB1805F82090E9543B6802FB005C5B44B3F8F7
S21401AB28943001368CF80230032312FB0032A95404
S21401AB383B6801305B44B3F89420C0B261F30B0262
S21401AB48A3F89420E379F6B20433E37108F1010817
S21401AB58ABE70646CBE700BFB4180020F7B5684652
S21401AB6804F03EFB00254FF4A477124EB37EAB42A9
S21401AB7801DC03B0F0BD346807FB0544A36A03F0A3
S21401AB881803102B13D10522694604F1450022F05B
S21401AB980CF860B1012120461CF0A9F938B901204A
S21401ABA822F0F2FD014610B1204601F079F901358F
S21401ABB8DCE700BFB41800202DE9F74F17F072FD47
S21401ABC8424BDA6800920022DA6017F071FD009BAA
S21401ABD813B903B0BDE8F08F684622F02FFC8279DE
S21401ABE8876802F10C04044401460190A07A0A32EF
S21401ABF810F0200F14BF0320022002448A71FA6A5B
S21401AC0852050FD5E07AA27A42EA002238461BF0AE
S21401AC186FF938B901A822F0F3FB3D2138461BF03D
S21401AC2859F8D4E7BA6A94F80AB012F4007201998E
S21401AC380BF0030013D003288A79EBD10A44127B60
S21401AC483A2AE7D8224B23FA02F2D307E2D54A7901
S21401AC58384642F002024A7100F020FEB7E70328A0
S21401AC68F5D048790BF0030B62F3410048710846AA
S21401AC7894F8069094F905A022F047FC019D064633
S21401AC88AC793846063CE4B2AC71FEF77BFF0C346F
S21401AC98C0F3032305EB040843EA0B1388F80330D3
S21401ACA82B46F6B288F80200A8F8046005F804A056
S21401ACB888F801905A796FF341025A711B68002B84
S21401ACC8F8D128461BF019FA81E700BFB41800200E
S21401ACD87C2C0200002370B50D46D1688AB009BAEB
S21401ACE80291C178C66861F30703817836BA61F3C1
S21401ACF80F23417806AC61F317439168069609BAA3
S21401AD080391816809BA07915168126809BA12BA9B
S21401AD18049105920178426861F31F6312BACDE97E
S21401AD28082323468022012002A9009418F036F849
S21401AD380028F6D1DDE90810DDE9063200BA09BABD
S21401AD4812BA1BBA28606960AA60EB600AB070BDC7
S21401AD58F8B504460026084F0CB90748F8BDA1798E
S21401AD68E579B8196D1AEDB20C3121442A4621F05D
S21401AD7876FF2E442468EFE7F0180020F8B504465D
S21401AD880026084F04B9F8BDA079E579B9192D1A36
S21401AD98EDB20C3020442A4621F061FF2E44246887
S21401ADA8F0E700BFF0180020104B1A7842F0F002C6
S21401ADB81A701A7C42F0F0021A7493F8202042F0B6
S21401ADC8F00283F8202093F8302042F0F00283F84E
S21401ADD8302093F8402042F0F00283F8402093F8A0
S21401ADE8502042F0F00283F850207047001A0020E5
S21401ADF80368054A23F07F6323F4002302EAC1426D
S21401AE0813430360704700BF0000F80FF8B5448885
S21401AE18054604F00704072C1C4E28D117F042FCFF
S21401AE2800221101735C06EB02171B090F2B0AD0CF
S21401AE380132062AF5D1164A13880133138017F012
S21401AE4837FC1920F8BD2B6894B27B801123735404
S21401AE5817F02EFC1CF069FD06EB0413D8602B686E
S21401AE68002023F4E02343EA04432B60EAE72301A6
S21401AE78F15CC1F30312013202F00F02052A28BF62
S21401AE88002262F30711F154E4E700BF001A00201C
S21401AE983E25002038B54488054604F00704072CEB
S21401AEA80FD017F0FFFB074A2401135D43F0F003A8
S21401AEB813552B6843F4E0232B60BDE8384017F0A0
S21401AEC8F7BB38BD001A00202DE9F047458807462C
S21401AED805F00705072D894637D01D4C4FEA05189A
S21401AEE814F808601CF021FD04EB051ADAF80C309A
S21401AEF8360906EBC506C01A04EB4606708014F838
S21401AF08083003F00F02042A9EBF013262F30303DE
S21401AF1804F80830B9F1030F14D114F8081004EB3B
S21401AF280514A01C01F00F011CF0CBFB044617F01A
S21401AF38B9FB3A68074B134023433B60BDE8F0472B
S21401AF4817F0B6BB4FF6FF74F1E7BDE8F08700BF10
S21401AF58001A00200000FF7F064A08B59268824260
S21401AF6807D0427922F0030242F00302427105F04B
S21401AF78D3FA08BD601A002010B5064C204622F008
S21401AF883FFA201D22F03CFA04F10800BDE8104003
S21401AF9822F036BA601A002010B5022022F0F4FB1F
S21401AFA8034C6060022022F0EFFBA06010BD00BFDA
S21401AFB8601A002008B5FFF7DFFF0022024BDA60AF
S21401AFC8BDE80840FFF7E8BF601A0020014B586843
S21401AFD8704700BF601A0020014B9868704700BF91
S21401AFE8601A002038B50C4CE3681BB1E368984733
S21401AFF80023E36023686BB1074822F01FFA054671
S21401B00840B123681BB14FF0004005F02BFA2846E3
S21401B0181BF09AFC38BD00BF601A002010B5084C1A
S21401B028E0604FF0004005F01DFA00BF00BF00BF0A
S21401B03800BFE3681BB1E36898470023E36010BDCF
S21401B048601A002038B58379044603445B7B13F005
S21401B058300F437923F0030308BF43F0010343711C
S21401B06817F020FB05462146054822F0B0FA4FF0B6
S21401B078004005F0F7F92846BDE8384017F018BB38
S21401B088601A002073B5164D6C68A3790C331C44FE
S21401B09800F01EFBB4F80920B4F807108A421DD840
S21401B0A8032A1BD9032919D96679BEB1C04360F0B2
S21401B0B80500304212D1E378A079019624790094EC
S21401B0C801F03AFB00280CBF0C22002242F2410193
S21401B0D8A86802B0BDE870401AF0A3BF1122F5E7D0
S21401B0E8601A002010B50D4C626893790C331A4427
S21401B0F81179D078003918BF01210038B2F8073025
S21401B10818BF0120B2F8052001F078FC42F242018E
S21401B1180246A068BDE810401AF083BF601A0020F6
S21401B12810B5084C6068837918440F3000F09EF912
S21401B1380023A0681A46BDE810404FF628411AF0C9
S21401B1482EBF00BF601A0020242816D80F2805D85D
S21401B15802280CD8B0FA80F040097047084B10381E
S21401B16880B2C34003F0010383F00100704705383D
S21401B178012894BF0020012070470120704700BFB6
S21401B1882D2011002DE9F04F95B0FFF71FFF42F271
S21401B1983603867905460C3630F8068084199845B4
S21401B1A80ED1FFF713FF022122F001F97F22A378BF
S21401B1B80233A370AA55002320222377627063778F
S21401B1C80121E078FDF7FAFF00230646002800F083
S21401B1D8D780CDE91233237AE2888DF84A30E37AAC
S21401B1E8ADF848208DF84E30A388B4F8092013F03E
S21401B1F81000ADF84C2003F0050306D093B1E37DAB
S21401B208012B51D00025122614E07BB3E37D657E21
S21401B218012B37D16B1EDBB2022B09D800F058FA86
S21401B228012338E04FF48043DDE91212914220D918
S21401B23800251126FFF7D0FE012332464146ACB25F
S21401B2481AF0ADFE002DCCBF0534053C24B2002E05
S21401B25840F099800A2394FBF3F4E4B2FFF7BCFEAE
S21401B268C3791844C47215B0BDE8F08F4FF6FF7362
S21401B278DAE71F29DCD99A42DAD8E37D657E002809
S21401B288BED1C5E7032BD3D16B1EDBB2022BCFD8B9
S21401B29800F01EFA04230342CAD0032D08BF042572
S21401B2A82840C0B20028C3D0E07819F02CFD20B1A0
S21401B2B8A088FFF749FF0028A4D0344A237F1278D4
S21401B2C8002A54D0042B9DD8637F042B9AD8A388D0
S21401B2D8DB0653D41CF09DFB0121C822084003F06D
S21401B2E8E7FD94F91630B4F804E003EB8303B0EBFA
S21401B2F8430F4FEA4302637B677E0F93A37BE18884
S21401B308109304F10F031193637F94F80C9094F84B
S21401B31815A094F818B00546E07DC8BF15B2B4F874
S21401B32809200C93237F03280B93E37E08BF042090
S21401B338032F08BF0427003B18BF01230A93A37EE7
S21401B3481FFA85FCCDE90873119BCDE9060B02931C
S21401B358109BCDE904ACCDF80C9001930F9B3046B9
S21401B36800935FFA8EF319F08EFD064662E7002B0E
S21401B3787FF45EAF637F002BA9D059E70020ABE7C7
S21401B3880546072656E7002468E700BF482600203A
S21401B398F8B5074601200D46164622F0F5F904468B
S21401B3A8C0B106220C211AF00DFE691EC9B2032986
S21401B3B888BF0022A37998BF074A03F10C0398BFF8
S21401B3C8525C234420469F80DE70DA719A71FFF73B
S21401B3D8C3FD0120F8BD00BFF4E30300F8B5FFF78D
S21401B3E8F5FD83791844B0F80F60B0B2FEF7B6FBE6
S21401B3F80446C0B11AF048FB0138C0B2032814D875
S21401B40800270B4B1C5CFFF7E7FD054604233A466D
S21401B41842F230011AF0C3FDAB790C33E818C68046
S21401B42804724472F8BD0227EDE700242746EAE7CE
S21401B438F4E303000B4610B50649074C062200281C
S21401B44808BF2146184621F0B0FBB0FA80F0400943
S21401B45810BD00BF4A26002050260020024B1A685D
S21401B46802609B88838070475026002013B50D4CD8
S21401B47828B1036823608388A38002B010BDF9F75A
S21401B48807FCCDE900019DF80230BDF80020A37045
S21401B498BDF805302280A4F803309DF807306371A3
S21401B4A8EBE700BF5026002010B5044617F0FAF85F
S21401B4B82268064B1A60A2889A80054A137843F0D8
S21401B4C80103137017F0F4F8012010BD4A26002076
S21401B4D849260020024B1878003818BF012070470B
S21401B4E849260020024B1A6802609B8883807047B1
S21401B4F84A260020024B186908B104F0B3BF70470A
S21401B508100B0020002310B53C4A02F1100151E847
S21401B518001F02F1100C4CE80034002CF5D140EA6B
S21401B5280104A10201D501F0C9FD220101D503F0EC
S21401B538C9F9002C01DAFFF755FD630001D501F0C2
S21401B548E5FCA00001D5FFF737FBE10007D5FDF7BD
S21401B55829FF20B94FF0805129481BF048FA6201AB
S21401B56807D51AF05CFB20B94FF0806124481BF020
S21401B5783EFAA30105D51CF045FAFFF7EFFA19F0D4
S21401B588C7FBE00108D519F07CFF072804D14FF066
S21401B59880711B481BF02BFA610201D519F0B2FB2A
S21401B5A8220201D519F0A0FBE30207D519F064FFC2
S21401B5B820B94FF4801112481BF019FAA00507D5D7
S21401B5C800F03AF920B94FF400710D481BF00FFA54
S21401B5D8E10507D5FFF72AFA20B94FF48071084824
S21401B5E81BF005FA620503D51AF0D7FC1AF0D6FC4B
S21401B5F8230501D51BF003FA10BD00BF100B002070
S21401B608200B0020014601481BF0F1B9100B002061
S21401B618014B1B6818407047100B002010B5044BEF
S21401B628D3E9064204430A43C3E9064210BD00BFF4
S21401B638100B002070B51E4D04462B68002B03DA4C
S21401B648FFF7B8FC002031E04CF20C000021FFF7B0
S21401B658E5FF0023174E336024B163682B60A368A7
S21401B66803B133604FF00040FFF7CCFF33680BB9E6
S21401B678114B3360114B1248AB6000232B7316F045
S21401B6881FFDFFF791FB204601F030FE70B92CB183
S21401B698B4F90E10B4F90C0001F062FE1CF0BDF905
S21401B6A803F062FD03F0E8FC0028C9D070BD00BFB6
S21401B6B8100B0020701A0020022B0020FDB4010098
S21401B6C8140B0020014BD3E906017047100B00202C
S21401B6D8054B9B69DA054CBF032001201B0548BFB3
S21401B6E840F00400704700BF100B0020F8B517465D
S21401B6F81C460D46064603F0BFFA1C4BBA7A1C498F
S21401B70853F8222053F820308C421A4424D9194B76
S21401B7189C4214D9184B013C93FBF2F3002BB8BF9B
S21401B72803339A1004EBA304B4FBF2F371682A6896
S21401B738A1EB930102EB430271602A60F8BD0F4B3F
S21401B7480F49A3FB04435B0902FB03F303F6C31388
S21401B758A1FB0313DB0AE9E702FB04F3094A03F535
S21401B76874338F33A2FB03231B0CDFE744E4030087
S21401B7784C6210001366660640420F001F85EB51A7
S21401B7885917B7D183DE1B43024B1A68026018604B
S21401B798704700BF781A00200022024B1A6000F09A
S21401B7A8FFB900BF781A00202DE9F843064619F0BC
S21401B7B8CCFE0446002835D045784DB916F072FF00
S21401B7C8237863701B4B1B682570636016F070FF47
S21401B7D84FF00108677837B923781BB34FF4007028
S21401B7E804F040FE1EE097FAA7F5B5FA85F508FAC3
S21401B7F805F55FFA85F9636833B90E4B27EA05053F
S21401B80865701B686360E5E79B681BB963681B681E
S21401B8186360F0E7494630469847012805D16368D2
S21401B8281B6863600120BDE8F8830228EED100207A
S21401B838F9E700BF781A002070B500250D4EFEF70F
S21401B848E7FBA84201D8012012E03068FEF786F926
S21401B85850B93468FEF7DCFB0134B4FBF0F303FBA4
S21401B868104401353460EAE7FFF79EFF0028F0D15F
S21401B87870BD00BF741A002010B5044683790344CE
S21401B8881B7B3A2B96BF044AFF21D15C21F08FFD22
S21401B898A0790C30204410BDF8E303002DE9F341EC
S21401B8A805460C46019119F040FE830605D501A808
S21401B8B821F0A6FD02B0BDE8F081019FBE790C36E5
S21401B8C8BB5D3A2B18D8164A12F80380B8F1FF0F59
S21401B8D812D0384621F019FE013840450CD1114BDB
S21401B8E81E6896B921462846A37923441A7B02B0D6
S21401B8F8BDE8F0411BF073B9019821F081FD284697
S21401B908BA5D01991BF06BF9D4E773680BB9366811
S21401B918E7E72146284698470028F8D0CAE700BF37
S21401B928F8E30300781A002037B504460D462021AF
S21401B93819F0FDFD2946204619F066FE214601202C
S21401B9481BF0F4F9214600201BF0F0F90120002332
S21401B9582146034A00901BF07AF903B030BD00BFB8
S21401B968BF6A030073B50C46164605461BF050FB26
S21401B97880F001002946C0B219F0CEFDC368012C3B
S21401B9889A7907D032462146284602B0BDE870406B
S21401B9981BF044BB13441022DB8A29460092002080
S21401B9A8024A1BF054F9204602B070BD2570030008
S21401B9B837B504461BF076FB0321204619F0D5FD62
S21401B9C80025034621460120034A00951BF03FF94E
S21401B9D8284603B030BD00BF0B6F03002DE9F347BF
S21401B9E8074602200E4621F0CFFE054600284BD01A
S21401B9F8B37900210C333344B3F80480B3F806A0B6
S21401BA08B3F808901BF0A1F82846FFF735FF022186
S21401BA180446384619F0A9FDA4F804806081A4F804
S21401BA2806A0A4F808901BF044FF08F10108B0FB33
S21401BA38F8F303FB1800022360806370AB79B371D7
S21401BA48EA7903F10C00F271D21AD2B229183044FD
S21401BA5821F005F93946012019F05EFD1022C6606D
S21401BA686389394601200092084A1BF0F0F84FF422
S21401BA788031384619F05BFD384629461BF063F8D5
S21401BA88002002B0BDE8F0870720FAE7257003001A
S21401BA982DE9F34104460D460146012019F03CFD07
S21401BAA80121074628461BF050F82846FFF7E4FE12
S21401BAB8064600F10108404603F092FBD6F801302D
S21401BAC80221C7F8123073792046BB7519F04DFD6F
S21401BAD829460746F08020461BF035F820232146E4
S21401BAE8009301203B46034A1BF0B1F8002002B040
S21401BAF8BDE8F081F16F03007FB504460D460146A7
S21401BB08012019F009FD50E8003F43F4806340E83E
S21401BB180036002EF7D120461BF07AFAD8B3204615
S21401BB2819F00BFD430715D53346324620460DF16D
S21401BB380F0119F090FF9DF80F30062B0AD82846FA
S21401BB4816F082FA012200232046FEF7C5FC0020E3
S21401BB5804B070BD0E2128461AF0F7FF2846FFF7F5
S21401BB688BFE0646FFF7AEFDC6F80510FFF7AAFDE1
S21401BB782946C6F8010020461AF0E5FF03212046AB
S21401BB8819F0F3FC00220346009221460120034ADD
S21401BB981BF05DF8DBE70821DDE700BF0F6F030048
S21401BBA810B5054C054A204605491BF09BF9204669
S21401BBB8BDE81040FFF7E8BD7C1A0020EB700300D3
S21401BBC835BD0100F7B58B7904460C33CE18CB5C2E
S21401BBD80D46023B0F2B00F2A080DFE803F0089E1B
S21401BBE89E9E9E739E829E9E2C689E9E9E4F16F0DB
S21401BBF859FD71780746204619F006FD2021204692
S21401BC0819F095FC214601201BF090F821460020EA
S21401BC181BF08CF801230093002321461846404A5E
S21401BC281BF015F8284616F00FFA384616F040FDB0
S21401BC38012003B0F0BDB3887288717819F0F1FE5F
S21401BC48204619F07AFC830708D4294620461BF0BB
S21401BC5829FA012120461AF060FFE9E7214601206A
S21401BC6819F05AFC2F4B82689A4203D121460120CB
S21401BC781BF02CF8284616F0E7F9EAE77778084625
S21401BC88B67816F0E1F9162F05D13246032120467B
S21401BC981BF018FCCCE72146012019F03DFC83680F
S21401BCA8002BC5D03246032120469847C0E70146F7
S21401BCB8012019F031FC07462846767816F0C4F9B3
S21401BCC8BB68EDE70146012019F026FC0746284621
S21401BCD8767816F0B9F9BB68002BA9D0324604214C
S21401BCE8E2E70146012019F017FC0F4B82689A42D9
S21401BCF803D0284616F0A8F99AE7D6F80120D6F810
S21401BD0805302046FEF7E8FB284616F09DF9214641
S21401BD1801201AF0DBFF02219CE7002089E700BF1B
S21401BD28A17003000B6F03000F6F03002DE9F341A9
S21401BD380C4605461BF06CF9A37900286BD00C332A
S21401BD4814F80380E618B8F1010F41D0B8F1080FCE
S21401BD5839D0B8F1000F51D1718928461AF065FF1C
S21401BD68B188738872788B4294BF074600270929E1
S21401BD780B4638BF0923013B9BB29A420FD8002ACB
S21401BD8808BF00270846F38832891AF06DFE40B9C5
S21401BD98204616F059F9012002B0BDE8F081474661
S21401BDA8F0E7002FF4D02946002019F0B5FB102241
S21401BDB8C46073890092013B1B4A9BB22946002046
S21401BDC81AF045FFE7E7214628461BF0BFF8E2E7E9
S21401BDD82846F1881AF029FF0746701C1BF02BFE2F
S21401BDE80028D5D0002FD3D02946002019F094FB7F
S21401BDF82023C4600093F3880C4ADFE721462846CF
S21401BE081BF04DFC0028C6D12146284602B0BDE8E5
S21401BE18F041FFF7D7BE23441B7B0E2BD3D0214618
S21401BE2828461BF02BFCEDE76DB90100A96F03004E
S21401BE3838B504460D4619F080FB42070BD4204658
S21401BE4819F07BFB830706D429462046BDE838400F
S21401BE58034A1AF0DCBF284616F0F6F8002038BD6B
S21401BE68B9B9010038B504460D4619F05EFB00F075
S21401BE78180010280CD1204619F05FFB10F4C02FCB
S21401BE8806D129462046BDE83840044A1AF0BFBF05
S21401BE98284616F0D9F80C2038BD00BFE5B90100D0
S21401BEA8014A1AF0B4BF00BF99BA010070B5054639
S21401BEB80C460146012019F02FFB0646284619F0C4
S21401BEC83CFB020704D5204616F0BEF8002070BDDC
S21401BED833685B05F7D428461BF09AF840B121462B
S21401BEE82846FFF7A5FF18B921F04EFC044630B1E5
S21401BEF821462846BDE87040024A1AF088BF072046
S21401BF08E5E700BF01BB010073B504460E4619F00C
S21401BF180CFB00F0300010284FF0020031D121F060
S21401BF2833FC054678B34379022143F00203437193
S21401BF381AF00BFE2846FFF79FFC29464670204656
S21401BF481AF001FE1621204619F05EFB2021204634
S21401BF5819F0EDFA214601201AF0E8FE21460020E4
S21401BF681AF0E4FE20461AF087FF0121204619F050
S21401BF78FCFA0346012021460090044A1AF067FE9F
S21401BF88002002B070BD0720FBE700BF396F030031
S21401BF982DE9F04387B004460E4619F0CEFA00F4B0
S21401BFA8C060B0F5C06F06D1022021F0EDFB054652
S21401BFB810B9072054E000252146012019F0ACFAF3
S21401BFC8814696F8068000F1120208F10C08B04482
S21401BFD808F10F0308F11F0153F8040B8B4242F8CE
S21401BFE8040BF9D1032130461AF0AFFD3046FFF7AE
S21401BFF843FC0A22074608F10501013020F0E5FD59
S21401C0080C210DEB010003F04BF803AB03CBC7F88B
S21401C0180B00C7F80F10059B07F10B02C7F8133082
S21401C0280DB30A2128461AF090FD2846FFF724FC8E
S21401C038294620461AF087FD4FF480712046C9F834
S21401C0480C6019F074FA0321204619F08EFA0025BF
S21401C0580346214601200C4A00951AF0F8FD2846A9
S21401C06807B0BDE8F083204607F11303012119F054
S21401C07887FE204631461AF066FD2046C9F80C5060
S21401C08819F09AFEDFE700BF2D710300F0B589B0FD
S21401C0980D4604461BF040F8AB79002800F0A38053
S21401C0A80C33EA18EB5C033B082B00F23881DFE817
S21401C0B813F00900360136018400360136013601CF
S21401C0C85D007E00D2F80100D2F8051003ABB2F885
S21401C0D8097003C302F1130301210B32204619F03C
S21401C0E84FFE042128461AF030FD2846FFF7C4FB08
S21401C0F806460C2105A802F0D3FF05AB03CB334651
S21401C108C6F80100C6F80510079A002143F8092F5A
S21401C1182046721C19F034FE2146002019F0FCF95D
S21401C128034603AA478303CAC3F81200C3F81610C6
S21401C13820460821FDF73CFD4FF40071204619F012
S21401C148F6F9204619F038FE294620461AF0FBFC77
S21401C1580321204619F009FA034600202146714AB0
S21401C16800901AF074FD012009B0F0BD0B21284695
S21401C1781AF0EBFC2846FFF77FFB294620461AF003
S21401C188E2FC16F08FFA05464FF44071204619F086
S21401C198CEF94FF48051204619F0D1F9284616F009
S21401C1A887FA4FF48061204619F0CCF9DBE7284678
S21401C1B815F04AFF4FF40071F5E7062128461AF0F4
S21401C1C8C4FC2846FFF758FB204619F055FC2946BB
S21401C1D820461AF0B8FC204619F014FE2146002025
S21401C1E81AF074FDBFE72B441B7B043B072BBBD817
S21401C1F801A252F823F000BF21C2010047C2010084
S21401C208A9C2010071C1010071C1010071C101001B
S21401C21871C10100BFC2010020464FF4007119F038
S21401C22886F9AA7920460C322A4402F1090300212C
S21401C238013219F0A5FD284615F006FF93E74FF4DD
S21401C2488060FFF7E5F9B0B100274FF4006120469A
S21401C25819F06DF92046CDE90577FDF793FC0646FA
S21401C268204619F060F939460346009505AAB0B28A
S21401C2781AF0F9FA77E72146012019F04DF900F18D
S21401C2881201204619F0D3FD062128461AF05DFC56
S21401C2982846FFF7F1FA294620461AF054FC62E7C9
S21401C2A8284615F0D1FE214601201AF03FFD20460A
S21401C2B819F0A8FD57E716F0F5F906464FF4007190
S21401C2C8204619F034F94FF48051204619F037F911
S21401C2D8304616F0EDF94FF4C061204619F032F9F0
S21401C2E8294620461AF02FFC2146012019F014F998
S21401C2F8C268054682B1937901210C331A4402F1CA
S21401C308130320460B3219F03BFD204619F054FD65
S21401C3182046E9681AF017FC0023EB6023E70020A3
S21401C32822E700BF2D71030010B5074C07492046C8
S21401C33800221AF0D7FD2046FFF726FABDE810407E
S21401C34801200021FFF76AB9881A002095C001006C
S21401C35838B505460C4619F0E8F800F0180010281C
S21401C36806D121462846BDE83840044A1AF04FBD92
S21401C378204615F069FE0C2038BD00BF99BF0100A4
S21401C38838B50C468B7905460C331944E35C142BF7
S21401C39803D0152B0FD0002038BD01311AF094FFB9
S21401C3A81521284622461AF0D7FF214628461AF0B4
S21401C3B8CAFB0120F0E70146012019F0ADF80B4B46
S21401C3C882689A4203D0204615F03EFEF1E7A1792D
S21401C3D8284621440D311AF077FF204615F034FE21
S21401C3E8294601201AF072FCE3E700BFB573030083
S21401C3F837B504460D460A4614211AF0ADFF2946FC
S21401C40820461AF0A0FB0321204619F0AEF8302288
S21401C4180346009221460120024A1AF018FC002021
S21401C42803B030BDB573030010B5074C0749204665
S21401C438074A1AF057FD2046FFF7A6F9BDE810404F
S21401C44820200021FFF7EAB8941A002089C30100CA
S21401C458B973030073B51E46ADF800208DF8023097
S21401C468009B044601A801930D4611461AF016FFD3
S21401C4789DF80630B34203D1BDF804308B4205D08F
S21401C488284615F0E1FD122002B070BD204619F0CD
S21401C49891F99DF80230827A9A4209D18288BDF8CC
S21401C4A800309A4204D1284615F0CEFD0020EBE76D
S21401C4B86946204619F03AFC29462046014A1AF0F0
S21401C4C8A6FCE1E7F9C301002DE9F04116461A4337
S21401C4D807460C461D46BDF8188005D12046BDE81E
S21401C4E8F04111461AF0B7BF414620461AF089FBBB
S21401C4F878B12146384619F00FF840238674C5747A
S21401C5082146069338464346BDE8F041024A1AF0EA
S21401C5189EBBBDE8F08100BF17750300F7B5054659
S21401C5280E460146012018F0F7FF036813F0F00FD6
S21401C53803D0294601201AF0F9FB284619F0A1FA7A
S21401C548B3790C3333445F789B781F400378C3F381
S21401C558030000EA131038401AF057FF044668B97A
S21401C56828461AF05BFF38401AF04FFF044628B9F0
S21401C578284619F089FA00F0E9FE04462846002103
S21401C58819F01AF9172130461AF0DFFA3046FFF784
S21401C59873F931464470847028461AF0D4FA032198
S21401C5A8284618F0E2FF402203460092294600205A
S21401C5B8024A1AF04CFB03B0F0BD00BFCD7403006D
S21401C5C808B581B2074819F0E0FC012000F002FD29
S21401C5D830B9054A536919075CBF43F00403536130
S21401C5E808BD00BFA81A0020A01A00200123834016
S21401C5F8DB43064901F1240252E8002F1A4001F1F3
S21401C608240C4CE800200028F4D17047A01A00201A
S21401C6180123074A03FA00F002F1240353E8003F16
S21401C628034302F1240C4CE800310029F4D1704789
S21401C638A01A0020044A4FF08040536A43F40023AE
S21401C648536203F00FBF00BFA01A002038B50E4D85
S21401C658044601F0DFFAE86B18B115F0F5FC002383
S21401C668EB6302F063FF0948FEF714FCAB6B0BB1F2
S21401C678FFF7E0FF2146044800F004FDBDE8384016
S21401C688034820F0BDBE00BFA01A0020A81A00204B
S21401C698C01A0020034B586A10F0050001D1FFF7B5
S21401C6A8D5BF7047A01A002038B54FF010131D4C9F
S21401C6B80122E3624FF4E063238647F6FF73002501
S21401C6C8A4F8603094F86730656262F3030384F86F
S21401C6D86730154A154BC4E91632FEF7F9FF4FF4D1
S21401C6E88073A4F84830124B84F85600E361114B66
S21401C6F865611A6829461378527804F108001344CC
S21401C7085B106376A4F8BC50A4F8B45019F03DFC4D
S21401C718294604F1940019F038FCBDE838401BF0AE
S21401C7289CB900BFA01A002055555500D6BE898E63
S21401C738B1770300701A00202DE9F0411C4C984689
S21401C748636A0F46DB0715469DF81C602ED448B36E
S21401C7580120FFF75DFF626A9DF8183022F4C07267
S21401C76842EAC312052E626284F8546007D101F0CA
S21401C778DDFE50B96D00ADB2BD4228BF3D4694F806
S21401C78854001BF007F800F00F06012094F86730F4
S21401C798A78566F3030384F86730E58584F8308057
S21401C7A8BDE8F0810120FFF721FFD4E70020F7E775
S21401C7B8A01A0020024B586AC0F38000704700BFD9
S21401C7C8A01A002010B51D4CFFF7F4FF636A13F09A
S21401C7D8010313D1A8B994F8663094F83110253BB3
S21401C7E8DBB20133DBB2032B28BF002341FA03F285
S21401C7F8D207F6D5253384F8663018E094F8543015
S21401C80810B194F85520134303F00503052BE2D124
S21401C81801F08CFE0028DED194F8673003F00F0291
S21401C828012A05D1032262F3030384F8673010BD99
S21401C838012262F3030384F86730CCE7A01A0020CC
S21401C848024B586A00F00100704700BFA01A00208A
S21401C858F8B52C4C18B1636943F0100363611BF0FB
S21401C86864F840F27121E28DE66C151F4D43AE4225
S21401C878236DA78D18D2A3F5967301FB0733E768D6
S21401C888181A23893B4483420EDA51436369891B8C
S21401C89843F0100363618142D4BF216120611948C6
S21401C8A8BDE8F84000F0A0BB40F271277A43A2F534
S21401C8B8AF722261FFF786FF236DA28DAE4207FB9A
S21401C8C80233636023654FF00003E3640E4B0CD319
S21401C8D81A68616A137B4907617E4CBF92791278A0
S21401C8E80B4493420CDC6376D9E7626A1B685207ED
S21401C8F8197B4CBFDA795A78637E5B1A9342F2DA6F
S21401C9086276CCE7A01A0020701A002038B51A4CB7
S21401C9180546636923F01003636101F07BF9B4F8F7
S21401C928BC302BB9A36813F4601F08BFA4F8BC3049
S21401C9380121114800F0A6FB104BE361636A5A0413
S21401C94805D485F00100BDE83840FFF781BFA26A2B
S21401C9586168521A002AF4DA23F0010343F400430B
S21401C9686362FFF797FE4FF0804003F07BFDFFF709
S21401C97821FF0028E5D138BDA01A0020B1770300B1
S21401C98808B5FFF717FFB0B10B4B586A20F0040241
S21401C99810F001005A6203D1BDE80840FFF756BE01
S21401C9A801F038F902F0C2FDFFF744FEBDE8084081
S21401C9B80020FFF7ABBF08BDA01A002038B5054612
S21401C9C80D4C80B10320FFF711FE002384F8453093
S21401C9D80123A4F846300420FFF708FEBDE83840D6
S21401C9E81020FFF703BE0520FFF700FE012384F899
S21401C9F8B650A4F8B830EEE7A01A002070B53B4C44
S21401CA081646636A03F0010270B95AB115F04AFE78
S21401CA18636A054623F001036362FFF73BFE284677
S21401CA2815F046FE002070BD002AFBD19B0704D5F1
S21401CA38E36BBBB10120FFF7C1FF94F8303003F078
S21401CA48FD03012B16D015F02DFE0546C6B10E20A6
S21401CA58FFF7DEFD1AF069FF42F2107303FB0600CA
S21401CA68A06210E0022020F08FFEE0630028E1D1EA
S21401CA780720D8E7FEF72EFD0028E4D11220D2E7DA
S21401CA880E20FFF7B3FD0020FFF7C2FD636A13F01F
S21401CA980403C4D140F27122E364E38DE260023BF1
S21401CAA8534323611AF005FF0323B0FBF3F303EBAB
S21401CAB84303C31A253384F86630FFF783FE1AF05A
S21401CAC834FF60602065B4F8BC00002808BFF52074
S21401CAD8FFF776FD064B05481A6813785278134413
S21401CAE85B10637600F080FA99E700BFA01A002071
S21401CAF8701A0020274B70B55A6A0D4609B31607F7
S21401CB0847D503F1450603F1460428B3D1061FD5D8
S21401CB182388012B1CD95B0804202380FFF766FDB8
S21401CB281020FFF763FD1AF0C4FE2388B0FBF3F26A
S21401CB3802FB1300307055B30320BDE87040FFF7C1
S21401CB4855BD940625D503F1B60603F1B804DCE70E
S21401CB580420FFF75DFDE3E7D20314D5B3F84610CA
S21401CB68B3F8482091420ED222881020520092B281
S21401CB782280B3F84830934228BF13462380FFF734
S21401CB8835FD0420CDE71020FFF742FDF9E7052023
S21401CB98D3E770BDA01A00202DE9F04F4FF0000B27
S21401CBA8304C89B0A66B636BB779C4E90DBB0C37FB
S21401CBB8F51901936B6A904682468946039301F0FC
S21401CBC84FFEF35D05F108073946C3F3C01306A8FF
S21401CBD88DF8183018F0C3F8FF238DF81930636AFA
S21401CBE801A8C3F380230E358DF81A30CDE9045712
S21401CBF88DF808B08DF81BA08DF81C908DF81D8057
S21401CC08FDF726FB304615F01FFA636A23F0240267
S21401CC18DB07626205D40120FFF718FD09B0BDE8FD
S21401CC28F08F114B94F854501A68052D13785278E2
S21401CC3813444FEA630363760FD094F854001AF04E
S21401CC48A9FD00F00F0594F86730012065F303038A
S21401CC5884F86730FFF75AFEE0E701F067FC002822
S21401CC68EBD0F0E7A01A0020701A002070B58AB041
S21401CC7805466B46484AAC7910685168127A03C370
S21401CC880C3408201A702C44FEF7C2FC20B101228D
S21401CC982846A11D20F097FB0021A379CDF8211085
S21401CCA88DF80F30A37AADF8251003F00F0303F1C2
S21401CCB828026A4412F8282C8DF82010ADF81020A6
S21401CCC8062B08D8DFE803F0044F07075F074B0079
S21401CCD80D20FFF79DFCA37A0DF11301C3F3801312
S21401CCE88DF81230E3680DF11200CDF81330238A5F
S21401CCF809AEADF8173000231A4618F017F8E3798D
S21401CD081C218DF819304FF47F43ADF81A307F2374
S21401CD188DF81C30637928468DF81D300023ADF850
S21401CD281E30AB7903AC1233AB7120F0A9FBAB799B
S21401CD382B440C33224603CAB24218605960144683
S21401CD4803F10803F6D1106829461860134820F045
S21401CD583EFC4FF0804003F085FB0AB070BD0D2005
S21401CD68FFF744FCB7E7D4F81230CDF82130E38A50
S21401CD78ADF82530EB79063BEB71A37AC3F3C01304
S21401CD888DF82030A7E7064B5B6A9B0444BF42F048
S21401CD980102ADF810209EE733E40300C01A002014
S21401CDA8A01A002070B583790C33C4182379DA07E2
S21401CDB802D44FF0FF3070BDA37AE27A03F00F0574
S21401CDC8082DF6D8062D01D92846F4E7911F1F2904
S21401CDD8EFD8012D1FD10C2AEBD1244E736A13F01C
S21401CDE8060F01D1DB05EFD417F0AFFF20B917F016
S21401CDF8A3FF0028E8D1DCE7A37A96F83020C3F32E
S21401CE08C010B2EBD31FD4D104F1120100F0010017
S21401CE18FEF710FBEDE7042DD6D11449144A486AEB
S21401CE280240002AC5D0C96B0029CDD08A79C3F340
S21401CE3880130C3288188A5CB3EBD21F08D017F01F
S21401CE4884FF0028C0D117F06CFF0028BCDBB0E7D0
S21401CE5804F10C01062208301FF0A7FE044617F05D
S21401CE6874FF0028B0D1002CAED0ECE7A01A002041
S21401CE7808000400F0B5244C87B0606B00B3A76BBC
S21401CE88BE79FCF77FFE0223FF210C36BA5DCDE999
S21401CE980431BD1995F8233000215B090393AB8B48
S21401CEA8D20902936B8B80B201932B8B009305F109
S21401CEB8080319F0EEFB606BFDF70CF900236363BA
S21401CEC8A06B15F0C1F80023A363636A23F004027C
S21401CED8DB0762620CD594F85450052D0AD101F08F
S21401CEE825FB38B194F8673065F3030384F8673097
S21401CEF807B0F0BD94F854001AF04CFC94F867306B
S21401CF0860F30303F2E700BFA01A002013B5154C1F
S21401CF1815F0C8FB236A01930023236215F0C8FBAA
S21401CF28019BA3B9636A1A0406D519F0A9F8A0B13A
S21401CF38636A23F400436362636A1B0305D5FFF73C
S21401CF4899FF636A23F40023636202B010BD01A847
S21401CF5820F074FA19F0FFF8E2E74FF0804003F08A
S21401CF6881FAE9E7A01A002010B5074C2368DA060B
S21401CF7807D523F01003236018B90120A16817F01C
S21401CF88A7FE0023A36010BD601B0020014610B554
S21401CF980446022017F09CFE054B1B68D90305D4EE
S21401CFA863691A075CBF43F00403636110BD00BFE1
S21401CFB8601B0020014BD868DC387047601B0020D6
S21401CFC8034B10B5DC681AF0B0FCDC3C201A10BD27
S21401CFD8601B0020034B1B6813EA004314BF0120A3
S21401CFE800207047601B002038B5002303604369A2
S21401CFF8044658070DD5204650F8081FC90C01F4F9
S21401D008FC7141F00501FDF7F3FE636923F00403A3
S21401D01863616369D90602D51AF087FC606018480F
S21401D028024652F8043F8BB92360146083684BB1FB
S21401D038617E5A7E914219D26269D2060ED50020C7
S21401D048FFF792FFBDE8384019F0F6BC59686568E5
S21401D058491B0029E8DA1A461B68E4E75A681B697F
S21401D068134462689B1A002BECDBE8E71A895B68B5
S21401D078D31A62681344E268D342E3D5DFE700BFF8
S21401D088601B002038B504460A4D0846AB68A34223
S21401D09801D1FFF769FF6B68074A1BB1A3421968FC
S21401D0A804D11160BDE8384019F0C6BC1A460B46D3
S21401D0B8F3E700BF601B0020641B00202DE9F04742
S21401D0C8754D2B685B0700F1AF80AB68002B40F00D
S21401D0D8AB8055E8003F43F0040345E80032002AD8
S21401D0E8F7D16C689CB11AF020FCD4E9043717F024
S21401D0F8100F0646A26819D010FA82F262602068FC
S21401D108D4F8048038BBDC334344C5E9024355E808
S21401D118003F23F0040345E80037002FF7D1AC6839
S21401D128002C74D1BDE8F04701F006BC606892B2E5
S21401D138811AFF07A1EB060109D40029DFDAE7689F
S21401D148DF1BCF4205D432441844831AD6E7002998
S21401D158D5DA20464FE041690289CF06D0F804E0C7
S21401D16848BF06EB020EAEEB020211F0010C11BF2E
S21401D1781146D0E90371C91B891808EB03077F1A02
S21401D188002F28DDBB4205D9E768A1EB0801DC378B
S21401D1988F423AD9D4F814A01AF0010F1DD121698B
S21401D1A8D0F80C9027894144A1EB0901C91BE7680F
S21401D1B8A1EB0E01DC37B9420FDD971BBCF1000F5E
S21401D1C803D10169A1EB09010F44002F05DB4B468A
S21401D1D8C0F804E00446006892E7477E617E8F4205
S21401D1E8F9D2921BBCF1000F03D1D0E903135B1AE5
S21401D1F81A44002A02DAFFF7C9FE72E71AF0100F7E
S21401D208A7D0C368C0F804E0E4E70B46E3E7A368E1
S21401D21813F4601FC3F3C24008D121462B6843F0BC
S21401D22810032B6017F054FDBDE8F08704F10806DB
S21401D2383046FDF7EBFD2B68214643F010032B60C3
S21401D248F8B917F045FDA36813F4601F4FEAD341F8
S21401D258C3F3C24517D0013DEDB201F4FC71304667
S21401D2682943FDF7C5FD03213046FDF72DFE75B1AF
S21401D278A268237E1344120C9BB212041343A360C4
S21401D288D2E73846CEE703213046FDF71DFE304685
S21401D298FDF700FEECE700BF601B002008B5034B56
S21401D2A8996809B117F014FD08BD00BF601B00207E
S21401D2B8014B9868704700BF601B00200A4B70B589
S21401D2C89C6884420FD12146012017F001FD66684B
S21401D2D825891AF02AFBAD1BC54221464CBF002002
S21401D2E8022017F0F5FC70BD601B002010B5002465
S21401D2F8034BC3E90044F4F7EBFF204610BD00BF1B
S21401D308701B0020064B10B51B680C4610B102F0C6
S21401D3185BFE034618795B8804FB003010BD00BF2E
S21401D328701B0020084B10B51B680C4610B102F0A4
S21401D3384BFE03465A88A2423DBF1B79A41AB4FB8A
S21401D348F3F0002010BD00BF701B00200138C0B2EA
S21401D35803289ABF014B185C002070473DE4030080
S21401D3688BB200294FF00A01B4BF053B05331BB247
S21401D37893FBF1F3014A908093717047701B00206C
S21401D388024B9B79C01A40B2704700BF701B002041
S21401D398024B9B88C01A00B2704700BF701B002062
S21401D3A8054B1B681B6A13F0100003D013F003002B
S21401D3B818BF0120704700BF781B00202DE9F341F4
S21401D3C800264FF0FF31044601A8019601F0D0F877
S21401D3D8019949B12046FCF7EFFA032806D005283B
S21401D3E82FD001A820F00CF8012023E01B4D1C4883
S21401D3F801F05EFC2B683046597E01F029FC2F6847
S21401D408184E786BD6F8088020F07FF84146024619
S21401D418384617F059FF2B68B0685B6B036001F05C
S21401D428C9FB2B681B6ADB0407D52046019917F050
S21401D43816FF002002B0BDE8F08101A81FF0E0FF4A
S21401D448F7E7019801F04AF92046019917F0BCFE62
S21401D4580028C9D0304601F02BFCEAE7781B0020EB
S21401D46841D601009C18002038B5264904460B7D94
S21401D4784A7D0133DBB2B3EB921F0B7503D303234B
S21401D48800200B7538BD016AC9022ED5032390F812
S21401D4988220243A92FBF3F303EB4303D21A253294
S21401D4A8D2B2B4F8481094F8833011F01001B4F9E8
S21401D4B8620084F8822003F00F031CD11AF0A4FA44
S21401D4C804F17405014628461AF03FFA284601F089
S21401D4D87FFA00221146104617F0FCFB94F88200EA
S21401D4E800211AF090FA0120CCE75B001A4102F0FD
S21401D4F803022532D5E702461946002001F0D8FC7A
S21401D508DEE700BF9C1800201F4B2DE9F0410446BA
S21401D5181860006B1FF0F9FF01462046FCF7DCF99E
S21401D528B4F84830194E03F01403142B0CBF00222C
S21401D538226BB36820461A60FFF796FFFFF730FFA5
S21401D548134B051E134808BF184601F0B1FB636963
S21401D558676803F010081AF0E8F96D000346627E62
S21401D568E8B2B8F1000F03D1FF1AB7F59B7F07D5CC
S21401D578114601F04BFBB068BDE8F04101F01ABB5B
S21401D58861681AF0D8F9F6E7781B00209C18002085
S21401D5982DD601007DD6010070B50546FFF700FFC0
S21401D5A8104B041E104808BF184601F081FB284698
S21401D5B8FFF75AFF0D4E054660B133686000597E85
S21401D5C800F0FE0001F022FBBDE87040084B9868A9
S21401D5D801F0F0BA01F06CFB29463068BDE87040EE
S21401D5E8FBF7BABE2DD601007DD60100781B0020B8
S21401D5F89C180020034610B5094C052B20680AD054
S21401D608062B0CD1002001F053FB20680121BDE850
S21401D6181040FBF7A1BEBDE81040FFF7BDBF10BD27
S21401D628781B0020032803D1024B1868FFF7B4BF04
S21401D638FFF7E0BF781B00200C4B032810B51C68C9
S21401D6480FD1206B1FF061FF01462046FCF744F915
S21401D658074B226B9B682046BDE810401A60FFF70F
S21401D6689BBFBDE81040FFF7C5BF00BF781B002071
S21401D6789C1800200E4A032810B5146805D0042803
S21401D68809D0BDE81040FFF7B5BF617E0120BDE8AF
S21401D698104001F079BA2046FFF790FE30B101F04C
S21401D6A8DFF82046BDE81040FFF776BF10BD00BF83
S21401D6B8781B002038B50D460446002001F0F8FA1C
S21401D6C801F0CEF829462046FCF790FA0022014BD5
S21401D6D81A6038BD7C1B00200123074A03FA00F0B4
S21401D6E802F1140353E8003F034302F1140C4CE81B
S21401D6F800310029F4D17047B4180020F8B5244F3A
S21401D70805467B690C4613F4C07F03D099063BD4C3
S21401D71801200CE039B15A0705D4D5F8A43013B95D
S21401D7280820FFF7D9FF7B699B0601D50020F8BDC5
S21401D7387B7FAE6A022B06F0080604D916B114B927
S21401D7480220F4E7E4B995F8921095F83701063106
S21401D75800F00F00FFF7D6FD85B20EB904B16D00D3
S21401D768FFF72EFCA8420DDB7B6913F01C0FDDD1F9
S21401D7781EB1002CDAD10520D9E7002CFBD1D5E75C
S21401D7880320D4E70420D2E7002CCFD0C3E700BF9C
S21401D798B418002038B50446114D4FF480616B6902
S21401D7A8283043F400736B611AF07AF80121204699
S21401D7B817F0C8FE00212046FFF7A0FF014620B15A
S21401D7C82046BDE83840FFF775BF6869617E80F47A
S21401D7D88070C0F30020BDE8384001F0D5B900BF1D
S21401D7E8B418002038B504460B4B186000F5947041
S21401D7F801F0EEF82046FCF7C5F9C4B2204617F04A
S21401D80875FA0546204617F073FA2946024602209D
S21401D81817F060FA38BD00BF7C1B002008B5002051
S21401D82801F046FA01F01CF80022014B1A6008BD07
S21401D8387C1B002010B50446FFF7D4FF064801F00C
S21401D84837FA6168226C637E1120BDE8104001EB4F
S21401D858920201F04BB900BF2DDB01003F4B37B5F3
S21401D8681C680023A26A01935005D4F8A03012D58B
S21401D87804F1A40001931FF0E1FDC4F8A00050B123
S21401D88894F846314FF48061013B84F8463104F13F
S21401D89828001AF005F8D4F8A0500DB9304B9D6849
S21401D8A894F94631022B0DDCD4F8A83013B1A36ADB
S21401D8B8D90502D5D4F8AC3023B14FF480512046AF
S21401D8C8FCF776F9D4F8A410A36A002914BF01213D
S21401D8D80021AA794FEA830302F10C0203F00C0334
S21401D8E843EA0113A95C21F01C0143EA0103AB5486
S21401D8F80DD11B4A02F1140353E8003F23F0080335
S21401D90802F1140040E800310029F3D102E00320B7
S21401D918FFF7E2FE284601F04DF9019B53B15B790A
S21401D92803F00A03082B02D12046FCF745FC01A8A0
S21401D9381FF066FD6B799A070ED5A36A1B040BD5F3
S21401D9480820FFF7C9FE4FF4004104F1280003B090
S21401D958BDE8304019F0A4BF03B030BD7C1B0020E1
S21401D968B418002000232DE9F04385B004460321AE
S21401D97803A8039300F0FCFD039D35B9F421204666
S21401D988FFF798FE05B0BDE8F083AB79644F0C331A
S21401D9981D442A797B69D6074ED4DD064CBF07207D
S21401D9A80420FFF799FE002601212046FFF7A6FE70
S21401D9B8054650B97869617E80F48070C0F300200E
S21401D9C8400001F045F9FFF749FF039800F086FE8D
S21401D9D8DDF80C807A6998F80630510603F10C03D5
S21401D9E808EB030915D458F8033006203B61FFF706
S21401D9F873FEA36A1A060CD404F1280252E8003F03
S21401DA0843F0800342E800310029F7D10120FFF7EF
S21401DA1863FE4946204617F09BFD99F80430DB075C
S21401DA287BD5002E52D11DB129462046FFF742FE6E
S21401DA3803A800F077FCA5E7012023F010037B611B
S21401DA48FFF74AFEAE7AF0062FD50220FFF744FE0E
S21401DA58A36AAA7A83F00203C2F38002C3F34003DF
S21401DA689A422FD14FF4006104F1280019F018FFEB
S21401DA7850E8002F42F4806240E80023002BF7D1DB
S21401DA88A26A82F00202A2627B77AA7AA36AC2F32A
S21401DA98C00203F001018A4285D183F0010316F022
S21401DAA8030618BF0126A3627EE707F1140353E8AD
S21401DAB8003F23F0040307F1140141E80032002A6D
S21401DAC8F3D1C5E77B7F0133DBB2DDE72046FCF700
S21401DAD859F8C0B217F00AF906462046FCF752F87C
S21401DAE8CDF80480A38F82B200933146002302202A
S21401DAF817F0F8F84FF0FF3103A800F039FD039945
S21401DB088B790B44DB7D002B8DD02046FCF772FB0E
S21401DB18002D3FF437AF294631E7002E83D0E9E7D9
S21401DB28B418002008B50346114A042B10680BD018
S21401DB3802D8032B18D008BD053B012BFBD8BDE83E
S21401DB480840F121FFF7B6BDFFF70CFF094A02F1BD
S21401DB58140353E8003F23F0200302F1140040E8C1
S21401DB6800310029F3D1E6E7BDE80840FFF712BE09
S21401DB787C1B0020B4180020164B033810B51C680F
S21401DB88032818D8DFE800F00702181E2046BDE86B
S21401DB981040FFF7E7BE2046FFF7FCFD0E4A02F1EC
S21401DBA8140353E8003F23F0200302F1140040E871
S21401DBB800310029F3D110BDF1212046BDE81040FF
S21401DBC8FFF778BD4FF4806104F1280019F068FE6C
S21401DBD8F221F2E77C1B0020B418002010B5044699
S21401DBE8FFF700FE054801F063F8FFF737FE627E8F
S21401DBF861680220BDE8104019F09DBE81DB010076
S21401DC08034B5B6A13F0060F0CBFE220F120704746
S21401DC18A01A002008B5FFF74BFB054B834206D137
S21401DC2800F01EFEBDE80840002001F041B808BD1E
S21401DC38A01A002070B51E4C1E4801F039F894F859
S21401DC48673094F8662003F00F030021C82019F006
S21401DC58DBFE014604F1580019F077FE04F158007E
S21401DC6800F0B6FE00221146104617F033F8666833
S21401DC7819F05BFE0246FFF7C3FFB61AB6F5FA6F50
S21401DC88054609DCFFF796F9627EA0F5AF712846CE
S21401DC98BDE8704000F0C0BE6668FFF78BF93146F4
S21401DCA8637EA0F5AF722846BDE8704000F01EBF3F
S21401DCB8A01A00202DE1010038B500F0D1FDFFF7CC
S21401DCC87FF9B0F5967F0D4C0CDDFFF799FF0546F9
S21401DCD8FFF770F9627EA0F5AF712846BDE83840B7
S21401DCE800F09ABE19F021FEE36C62689B1A0344A1
S21401DCF8E3640020BDE8384019F063BDA01A00208F
S21401DD08F7B5104C064694F845500F462DB100203D
S21401DD18013D84F8455003B0F0BD0B4B02201B684B
S21401DD28597800F095FF94F830303A46CDE900531B
S21401DD3831460323E06B19F075FDE06B00F03AFFFE
S21401DD480120E8E7A01A0020701A0020094A02F10B
S21401DD58240353E8003F43F0080302F1240040E897
S21401DD6800310029F3D1044B01201B68597800F0D3
S21401DD780BBF00BFA01A0020701A00200289438931
S21401DD8840F271205B004343D0B25B1A4343120A48
S21401DD98B3FBF2F3024A126811445818704700BFE1
S21401DDA8A81D002030B58C1AE41A002C08DA124C8B
S21401DDB8551A64681D44B5FBF4F505FB0444214473
S21401DDC8134440F2E242CB1AB3FBF2F39BB2428908
S21401DDD82BB940F27124530004FB03111346013298
S21401DDE8B3FBF2F402FB1432028140F2E2409B1AC2
S21401DDF800FB131030BD00BFA81D00202DE970439D
S21401DE08064618469DF8183089461446E3B9C31ED7
S21401DE18012B8CBF022503252221FFF773FA40F256
S21401DE287128154B6D005B6808FB05F581446BB1DD
S21401DE3821463046FFF7A2FF4A460146ABB23046B6
S21401DE48BDE87043FFF7AEBF0125E5E7738934895E
S21401DE580133B4FBF3F203FB1244F37934815B001C
S21401DE68640008FB03F308FB04F404EB530404EB17
S21401DE7809002844BDE87083A81D002070B50A4C27
S21401DE88636A5B070DD58B790C33CD1850B9E879E1
S21401DE98CE582989FFF736FA064426646B7984F842
S21401DEA8443070BD0120F3E7A01A00202DE9F04F99
S21401DEB816468DB0021E069108BF00211F46954BD7
S21401DEC805929D6B5B6AAC7938460C342A5DC3F3C0
S21401DED8801A61F345122A55314603F0400203922F
S21401DEE816F035FF05EB04080790285D08F1080BC6
S21401DEF85946C00916F02BFF039B8146002B44D1D7
S21401DF08002844D116F021FF80F00103DBB2524607
S21401DF183146384603F0010319F025FD0490002820
S21401DF2800F08A80039B002B33D1B9F1000F75D11D
S21401DF38079B002B72D016F0F7FE00286ED0012240
S21401DF480AA90DF1270016F006FF002874D09DF8DF
S21401DF5827302A5D591E4B424B41B3EBD21F6BD17A
S21401DF68062258460AA91EF020FE002864D1336806
S21401DF78C8F80830B388ABF804302B5D67F3C713CD
S21401DF882B554FF00009CA4619E00123BFE7039B4A
S21401DF98BDE7604B5B6A13F400791CD115F804A041
S21401DFA8CAF3801A484616F0DBFE3368C8F808300C
S21401DFB8B388ABF804302B5D67F3C7132B55059B65
S21401DFC8544E002B3ED196F8B630002B3AD0013B82
S21401DFD886F8B63030E016F0A4FE002806DA15F802
S21401DFE804A04FF00009CAF3801ADBE700221146A5
S21401DFF8104616F0A8FE15F804A08146CAF3801A42
S21401E0080028CFD0002302211A4608EB010019F098
S21401E018E1FB2B5D60F386132B55C3E77A1E574247
S21401E0282B5D5741B7EBD31F06D10622314658461A
S21401E0381EF0BBFD0028A4D00023049304980DB05D
S21401E048BDE8F08F19F071FC074617F061FA059BD9
S21401E05802463946009308F10E009DF85830FFF73E
S21401E068CDFE2D4B059A07461B68A2B959780220A2
S21401E07800F0EEFDB06B00F09DFDB36B9A7913448A
S21401E0881F63FFF715F9254BC361069BBBB9736A76
S21401E09823F4806316E0D979002000F0D9FDB06B2F
S21401E0A800F088FDB36B1E489A7913441F6300F08D
S21401E0B8FFFD069BC3B9736A23F4806317E0736A8E
S21401E0C843F480637362039B9BB1B9F1000FB5D02B
S21401E0D8002351461A4608F1020019F07BFB2B5D16
S21401E0E860F386132B55A9E7736A43F4806373625A
S21401E0F8EBE72B5D0022C3F3C01359460AA88DF837
S21401E108283016F028FE2B5D9DF8282062F3C713E9
S21401E1182B55DAE7A01A0020701A0020B5FE010078
S21401E128D9E2010004282DE9FF471ED005D80328A7
S21401E13800F0C08004B0BDE8F087431F012BF9D872
S21401E14805384FF0010118BF0120FEF7D3FC19F07E
S21401E158ECFB5D4AD36C51685B1A03440020D36418
S21401E16804B0BDE8F04719F02CBB002403A84FF013
S21401E178FF31039400F0FCF9039858B1FEF712FE3C
S21401E1880828074603D8514B1E5C31070AD403A852
S21401E1981FF036F94C4B5B6A13F0060F12D0FFF7E7
S21401E1A88BFD0FE00728039D13D1224629464648D2
S21401E1B801F08AFA0028EDD001F078F910B10120B3
S21401E1C8FEF746FB0121084604B0BDE8F047FEF716
S21401E1D891BCDFF8F480D8F8244014F0040410D079
S21401E1E816F002040DD00120AA790C322A44917A3D
S21401E1F80090C1F380130C32C1F34011FFF756FEAD
S21401E2080446284600F06AFA29460120FFF736FE3A
S21401E218D8F82430DA072DD503F0800A95F8069049
S21401E22816F093FD09F10C09A94480F0010399F849
S21401E2380A00BAF1000218BF0122DBB209F10C018B
S21401E248C0F3801019F08FFB60B12CBBD8F82430CE
S21401E25828469B0733D5F40710D4730731D5FEF744
S21401E26805FD97E7BAF1000F04D1514616F075FD82
S21401E2780028EAD0284613F0E7FE18E019F079FCE2
S21401E288044648B1A8790C302844817A0C30C1F389
S21401E2988011FFF735FD0446042F03D1D8F8243042
S21401E2A89907E7D57207E5D52846FEF7DFFC002C67
S21401E2B888D16FE704B0BDE8F047FFF747BD042FE4
S21401E2C8CBD113F0C1FE65E7A01A002082E4030053
S21401E2D8032808B50BD1084800F0EAFC0122074BD1
S21401E2E8104693F94410BDE80840FEF755BCBDE852
S21401E2F80840FFF717BF00BF2DE10100A01A002054
S21401E308074B186840F20D1338B9002BC1BF4522D8
S21401E3184433B3FBF2F0C0B270470068453BF3E7FD
S21401E328300B00202DE9F041064614F0BBF90746EC
S21401E338FFF7E6FF35460446286818B16CB9284643
S21401E3481FF05EF831680A481FF041F9384614F0A4
S21401E358AFF900233360BDE8F081D0F800801FF0E4
S21401E36807FA2B68013CC3F800802D68E4B2E3E79E
S21401E378300B0020024BDB6B03B11847FEF78EBF4C
S21401E388300B0020C04310B5054A131D53E8003F63
S21401E3980340141D44E800310029F6D110BD00BF22
S21401E3A8300B002010B5054A131D53E8003F034300
S21401E3B8141D44E800310029F6D110BD300B0020A9
S21401E3C8F8B516461C4607461946104619F0A2FA2D
S21401E3D832462346384619F0A2FA434DD5E90623B4
S21401E3E800EA020401EA030654EA060313D06701A9
S21401E3F804F0806010D56B68180623D43B4B234085
S21401E40893BB3B4B06F020022340134356D12046CC
S21401E418314619F07BFAF8BDA4F1080333431CD141
S21401E428EB7A012B42D16B68D90743D50323EB72EC
S21401E43804206B8C01336B84FFF79CFF012019F0D5
S21401E4486AFAE4E72B1D53E8003F23F08003291DF1
S21401E45841E80032002AF5D1DDE7A4F10C03334385
S21401E46817D119F058FADBE724F0011323F4A04377
S21401E4783343C6D1EB7A012B18D140F201436A68BF
S21401E4880520934314BF00230323EB72FFF772FFA3
S21401E498BDE7231F334302D119F03EFAB7E704F16B
S21401E4A87F433343AAD1EB7A022B0FD0042019F00D
S21401E4B817FAACE713F40063BAD1B8E70420FFF7FC
S21401E4C871FF4FF0006001F0CDFFA0E76B689A0777
S21401E4D806D50423EB722B8C032001332B84ABE780
S21401E4E813F02003F7D1F5E7300B002001500100A7
S21401E4F80DD50155014B986A704700BF300B0020B7
S21401E50810B5064CA06A1DF051FF28B9A06A1DF087
S21401E5184FFF00F0010010BD0120FAE7300B002084
S21401E528014B986A1DF046BF300B0020024B586815
S21401E538C0F34020704700BF300B002010B50446DA
S21401E5484FF40070FFF71EFF084B986A1DF034FF62
S21401E55838B10CB9002010BD4FF40070FFF722FF48
S21401E568F8E7002CF6D00C20F5E700BF300B0020AA
S21401E5782DE9F04F046806468846574D89B0002CA9
S21401E58848D02046A7791EF0C0FF0C3727443C899F
S21401E5980A38B8F1FF3FA4EB000402D04445A8BFEF
S21401E5A84446B5F83890B0EB090713D4002C0EDDB5
S21401E5B86D6B36683D44FF2C224629463046A8BF77
S21401E5C8FF221EF000FF241A36680544F3D109B06D
S21401E5D8BDE8F08FA9EB0009A145A8BFA146296BA4
S21401E5E8C846D6F800A001EB000BB9F1000F0DD014
S21401E5F84246FF2A59465046A8BFFF221EF0E3FEB0
S21401E608B8EB0008DAF800A08344F1D1A4EB0904BA
S21401E6184F44CBE70321A86A03AA1DF029FEBDF8DB
S21401E6280E70A14602940A3702ACE86209E023603C
S21401E6381B682B602368C3F800902368002F1C46CC
S21401E64811DD2B68453F002BF1D101201FF09CF806
S21401E658034620600028F1D1019002A81EF0D0FEE2
S21401E668019B3360B3E72B1D53E8003F43F00803D3
S21401E6782A1D42E80034002CF5D14FF0006001F065
S21401E688F1FE0298BDF8102043790A2143F00103F0
S21401E6984371069B30606B63059B2A872B638379DE
S21401E6A8BDF80E200C3303441C711A812A7ADC71DA
S21401E6B89A719DF80C20072A0BBF0122AB8C1A71A0
S21401E6C801331FBFAB846B8C03F1FF336B841EF0E1
S21401E6D86EFE346855E700BF300B00202DE9F04187
S21401E6E8877905460C37C419237986B013F00208D2
S21401E6F81BD1174E43F0020323716A46D6E90A0175
S21401E7081DF0BAFD238969460333B06AADF80430B3
S21401E7181DF0B4FD009B9DF90E00EB51FEF730FE8F
S21401E7286071B37A022B03D8E37106B0BDE8F081B5
S21401E7389DF81130012B04D0022B04D02BB90423E9
S21401E748F2E70323F0E70123EEE784F80780ECE716
S21401E758300B002037B5124B00F00F041B88012C34
S21401E768ADF8043015D0022C15D18DF8044042F2CC
S21401E77822000C4D6B680340A3420ED0FFF702FE41
S21401E7882046FFF70FFEA86A01A91DF0FFFC03B09B
S21401E79830BD2024EBE70024E9E70020F7E700BFB7
S21401E7A868E40300300B00202DE9FF4117460223D9
S21401E7B800250E46124C8046A06AE372CDE9025542
S21401E7C80BF0F6FB384602968DF80C5019F0A0F8B7
S21401E7D80090617AA06A2A4602AB1DF08DFC0446B9
S21401E7E848B94046FFF7B6FF3B4604462A4601218C
S21401E7F8304619F089F8204604B0BDE8F08100BF1C
S21401E808300B002037B5144B00F00F041B88012C81
S21401E818ADF8043014D0022C16D0002441F60100BD
S21401E8280E4D6B680340A34213D0FFF7ABFD20469D
S21401E838FFF7B8FDA86A01A91DF0BEFC03B030BDFC
S21401E84804238DF80430E9E78DF804404FF400649A
S21401E858E4E70020F2E700BF68E40300300B00207D
S21401E86838B5104CE37A23B100221146104619F048
S21401E8784AF800252846E57219F04DF801220321C9
S21401E888A06A1DF032FC2A460121A06A1DF0F8FC98
S21401E8988020FFF777FDBDE838404FF44050FFF77A
S21401E8A881BD00BF300B002008B5FFF7D9FF044A29
S21401E8B80620D38C0133D384BDE80840FFF75ABD40
S21401E8C8300B0020F8B51B4D6B68590704D504209A
S21401E8D8FFF758FDFFF7E8FF6B681A070FD513F027
S21401E8E8E1FE0646FFF70CFD0446124F24B101204F
S21401E8F81EF04AFF0146A8B9304613F0D9FE6B68E8
S21401E908DB0615D51020FFF73DFD01F06FFB78B14A
S21401E91813F0C8FE0446FFF7C7FF2046BDE8F840D7
S21401E92813F0C6BE3846013C1EF05BFEE4B2DDE7D6
S21401E938F8BD00BF300B0020002210B5084C104669
S21401E948114618F0E0FFA06A0BF032FB18F0E6FF5C
S21401E95820461EF055FDBDE810400820FFF712BD01
S21401E968300B0020014B986A1DF062BD300B002069
S21401E97838B5154C0546A37A834211D0431E042B9D
S21401E98808D8DFE803F0030E12171900A06A0BF087
S21401E998E5FF28B92846A57201F016FB0B4B18604F
S21401E9A838BDA06A18F0C3FFF3E70121A06A18F082
S21401E9B8C0FFEEE70321F9E7FFF7B8FD0028E9D025
S21401E9C8A06AFFF7CFFFE4E7300B0020701B00209A
S21401E9D873B50446408900F0CBFA0E4DA07B00269D
S21401E9E8287218F068FF6872E07B00F00F00FFF7E6
S21401E9F8BFFF0096A37BD4E90021A86A1DF03CFD61
S21401EA0832463146304616F065F9206818F085FF1B
S21401EA1802B070BD300B00200023F0B5012785B089
S21401EA28174E00938DF80C30C0F340138DF80E3056
S21401EA38C0F3001304461546F7728DF80470029168
S21401EA488DF80D30FFF7DEFE20B1042018F048FFE0
S21401EA5805B0F0BD284618F05BFF717A03466A4692
S21401EA68B06A1DF04BFB06462A463846C4F38011A9
S21401EA7818F049FF16F02FF9002EE6D1E8E700BF97
S21401EA88300B0020F0B5174D85B0074610462A72A0
S21401EA9818F011FF1646687202460020CDE902609A
S21401EAA80B980C4601900A9801390090C9B2A86AD9
S21401EAB81DF0F1FC06462046AC7201F085FA0124E9
S21401EAC8094BEC72186016B1002005B0F0BD384647
S21401EAD8FFF798FEC0B20028F6D18020FFF762FC47
S21401EAE82046F2E7300B0020701B00202DE9F0438A
S21401EAF84FF0010985B0224F04460D469046002185
S21401EB08102268461E4687F80B901EF078F8B86AF9
S21401EB180BF04EFA00238DF80430E3060095CDF885
S21401EB28088006D5174B1B681B888DF80D90434443
S21401EB380293002330468DF80C30C4F340138DF849
S21401EB480E3018F0E5FE6A460346797AB86A1DF073
S21401EB58D5FA28B1042018F0C3FE05B0BDE8F08345
S21401EB682046FFF74FFE0746334601212846C4F3E1
S21401EB78801218F0C9FE16F0AEF8002FEAD1ECE7BD
S21401EB88300B0020701B00200122094B10B50C46E3
S21401EB98DA72FFF737FE10B1042018F0A1FE2246FC
S21401EBA80021012018F0AFFE16F095F810BD00BF41
S21401EBB8300B0020F8B5044616F08EF80746A17902
S21401EBC8E279114E521A0C310123B06AD2B22144AD
S21401EBD81DF048FBE579A379ED1A57FA85F52468FF
S21401EBE80CB93561F8BDA179E2790023521A0C31C6
S21401EBF8D2B2B06A21441DF035FBE379A2799B1A9B
S21401EC0855FA83F5EBE700BF300B0020F8B5022371
S21401EC180E4E0D46F372FFF79DFD044620B1BDE882
S21401EC28F840042018F05CBE284618F071FE074626
S21401EC382A462146012018F066FE3B462246717A8E
S21401EC48B06A1DF057FA0028E9D1F8BD300B00204C
S21401EC580222084B10B50C46DA72FFF77BFD10B19D
S21401EC68042018F03DFE22460021012018F04BFE34
S21401EC7810BD00BF300B0020014B187B704700BF4A
S21401EC88300B002068B1084B194653F8042F0AB117
S21401EC988242FAD25B1A9B10013BDBB2034A13731A
S21401ECA870470123FAE700BF44E40300300B002055
S21401ECB8014BD863704700BF300B002073B50F4B6C
S21401ECC804469B7C0E4EFF2B15D10023ADF804009D
S21401ECD80DF10302B06A01A98DF803300BF008FEA6
S21401ECE89DF8035022462946B06AF6F7EDF840EA41
S21401ECF8052002B070BD034B1D78F3E746250020BA
S21401ED08300B002040250020044BC2B2C0F3072177
S21401ED18986A82B002B0F6F757B900BF300B0020E8
S21401ED2810B50D4C0021A06A0BF0AEFB0B49A06A8A
S21401ED381DF06DFAFE21A06A1DF058FAA06A0BF0C4
S21401ED48F7FB074BB3F90C208242C8BF98819A8912
S21401ED581A80DA895A8010BD300B00204025002021
S21401ED6846250020F0B585B0ADF80210ADF80420B0
S21401ED7869464FF0C812ADF806304FF08213ADF869
S21401ED880000CDE9022304200B460C4C02ADB4F971
S21401ED980C70B1F9002035F9026BBA42A8BF3A46A1
S21401EDA8B242A8BF3246013821F8022BF1D103CB73
S21401EDB8034B6060596005B0F0BD00BF46250020D2
S21401EDC84A25002073B50546F6F778F92F4E0368ED
S21401EDD8FF2D336083882E4CB380337818BF1D46C9
S21401EDE8A5742C4D8DF801300DF10303A86A0DF1B9
S21401EDF802020DF101011DF0D4FA9DF8013040B967
S21401EE080133DBB20B2B8DF80130EDD9012002B0AE
S21401EE1870BDA27CFF2A00D0A3748DF8053033702C
S21401EE289DF802308DF804300198FFF76DFFC82869
S21401EE38A8BFC8209DF80330A0818DF8043001983A
S21401EE48FFF762FF144B9842B8BF1846E081B4F941
S21401EE580C00FFF733FFADF804000198FFF754FFE5
S21401EE68A081B4F90E00FFF729FFADF80400019858
S21401EE78FFF74AFF4FF6FF7323826423E0811A46A1
S21401EE8818461946FFF76EFF0020C0E74025002008
S21401EE9846250020300B00200CFEFFFF0346034AE0
S21401EEA8B2F902000BB1FEF773BA70474625002087
S21401EEB8084B10B5B3F9004030B903EB4103B3F979
S21401EEC802309C42A8BF1C46A242A8BF2246104652
S21401EED810BD00BF46250020014BB3F90E00704750
S21401EEE846250020014BB3F90C0070474625002043
S21401EEF873B5064613F0D6FB0C4D0446B5F90E005D
S21401EF08B5F90C30B042B8BF30469842A8BF18468B
S21401EF18FFF7D4FEADF804000198FFF7F5FE688008
S21401EF28204602B0BDE8704013F0C2BB462500205B
S21401EF3873B5064613F0B6FB0C4D0446B5F90C003E
S21401EF48B5F90E30B042A8BF30469842B8BF184649
S21401EF58FFF7B4FEADF804000198FFF7D5FE288048
S21401EF68204602B0BDE8704013F0A2BB462500203B
S21401EF78F0B5C0F3072585B0FE2DADF8040027D0FF
S21401EF889DF8047013F08EFB124C0646637CAB4268
S21401EF980ED0114B02A918689B880290ADF80C3068
S21401EFA80E4B8DF80850986A1DF031F9FF2323742B
S21401EFB8237CBB4206D0094B3946986A1DF016F9E0
S21401EFC827746574304605B0BDE8F04013F070BB91
S21401EFD805B0F0BD4625002040250020300B002056
S21401EFE82DE9F04707460E461446DFF8409086B0EE
S21401EFF80DF10808A9F1100A3A4680215046CDE9D4
S21401F00800980A4BF6F718FD0028F5D1102C25466E
S21401F01828BF102530462A4641461DF020FE641BAF
S21401F0282F442E44E8D106B0BDE8F08766260020B6
S21401F03830B589B020226946FFF7D2FF6A460C4DE3
S21401F04804AB144603CC9C4228606960224605F14D
S21401F0580805F6D1074C08AD1A4603CAAA4220602D
S21401F0686160134604F10804F6D109B030BD00BF4B
S21401F078562600206626002010B588B0694620204E
S21401F08813F078F9044630B96846FFF7D1FF012234
S21401F098024B83F82020204608B010BD56260020D3
S21401F0A870B5134B054693F820300C468CB00BB957
S21401F0B8FFF7E2FF0023CDE90033CDE9023354B967
S21401F0C81C22214605A804941DF099FD04A8FFF703
S21401F0D8AFFF0CB070BD102C264628BF1026294657
S21401F0E832466846FFF77CFF3544A41BE7E700BFB6
S21401F0F8562600202DE9F84FDFF868908246D9F8A1
S21401F10800B088461746BBF1000F28D0002699F8AC
S21401F1180450B54207D13D7099F80400A84214BFBF
S21401F1280120022017E074196110C1EBC10159448E
S21401F1388879C4F3470400F00100B8EB000003D156
S21401F148062250461DF031FD002806DB02D0661C5B
S21401F158F6B2DEE73C70BDE8F88F2546D9E703200E
S21401F168F9E700BFA01D00200022014B1A71704765
S21401F178A01D0020F8B5054613F094FA104C85F347
S21401F188070563790646AB4205D10024304613F0DD
S21401F1988FFA2046F8BD002720686571277110B1DF
S21401F1A81EF079FC27606379002BEED0C5EBC5000D
S21401F1B813F0B0F820600028E7D160710724E5E76E
S21401F1C8A01D00204840704700EB0010084480B29C
S21401F1D8704700BF90FAA0F000BA80B2704700BF2F
S21401F1E8044BD3F8012002605B7903F01F03037117
S21401F1F8704700BF77260020234B2DE9F0410029F0
S21401F20814BF0C461C4600250646174613688AB0E6
S21401F218C4F801301379257063715FFA85F84146A1
S21401F228384618F0E4FB38B1237803F128026A441B
S21401F238013302F8288C23700135252DEDD194F879
S21401F24800803EB142466946A01D1DF008FD0AB081
S21401F258BDE8F081B8F1000FF9D00534F5B22946BA
S21401F268384618F0C4FB40B9B5FBF8F308FB13554C
S21401F2780AAB53FA85F515F8285C0136252E04F8ED
S21401F288015FEBD1E3E700BF77260020034B002898
S21401F29818BF03460B449879704700BF77260020AD
S21401F2A8F8B50D4682EA124296B23146034628461A
S21401F2B8FFF788FFFFF78EFFFFF786FFFFF78AFF46
S21401F2C8FFF782FFFFF786FFFFF77EFF0546FFF78A
S21401F2D879FF164C002B14BF1F4627460446144BCD
S21401F2E8781CA3FB0423E21A03EB52035B0903EB26
S21401F2F8C30203EB8203E41AE4B2214618F077FB53
S21401F30840B93B786E40B6B206FB03F307EB1347EA
S21401F318B879F8BD7B1D2A3701E09F4204D013F85F
S21401F328010F8442F9D1F4E72046F8BD772600207C
S21401F3384D91CFBA064B074A01201A60064B074A79
S21401F3481A60074B074A1A60074B084A1A60704743
S21401F358EC180020677A0300E8180020A17A030059
S21401F368E4180020657A0300E01800209F7A03005D
S21401F378042808BF032008B5FF21FDF7C3FF42F2A2
S21401F3881072064B00F5AF7090422CBFC3F89C0074
S21401F398C3F89C20C3F8980008BD00BFA01A002037
S21401F3A87FB56D46224CFFF75BFA04F158030FCB85
S21401F3B885E80F0094F876309DF80F20002163F356
S21401F3C803028DF80F2094F8AC2003F00F03C82031
S21401F3D88DF80E2018F018FB0146284618F0B5FAE5
S21401F3E82846FFF7F5FA15F085FC002201460420A9
S21401F3F815F070FCD4F8B05018F097FA636A2D1A15
S21401F40813F4003FD4F8B0100CBF102011208C2D37
S21401F41894F8A53001F5FA6606DC1A463146FFF778
S21401F428FBFA012004B070BD3246FFF75FFBF8E730
S21401F438A01A002073B5437901906FF30003437156
S21401F44801221C2101A81EF0DCF948B1144A01A8C2
S21401F458536A43F4006353621DF0D2FF02B070BDD5
S21401F468019A104C537904F1180643F001035371BD
S21401F478937913440C33254603CDB5421860596079
S21401F4882C4603F10803F6D1286811461860064889
S21401F4981EF09DF84FF0804000F0E4FFDEE700BF65
S21401F4A8A01A0020081B0020C01A002010B50A4C1C
S21401F4B8D4F8A80020B194F88B30012B01D0002095
S21401F4C810BD18F032FAD4F8B030181AB0F57A7FB1
S21401F4D894BF0020012010BDA01A002010B5124CC0
S21401F4E8636A1B051FD501201EF04EF928B9BDE831
S21401F4F810404FF0804000F0B5BFB4F86C3023F0F0
S21401F508600343F04003A4F86C30FFF793FF04F15F
S21401F518240353E8003F23F4006304F1240141E87F
S21401F5280032002AF3D110BDA01A002010B50D4CE8
S21401F538D4F8A8308BB1FDF7BBFE04F18C038342E7
S21401F54801D1FFF78DF900210748FDF79BFD074814
S21401F558FBF7A0FC0023C4F8A830BDE81040FFF76D
S21401F568BDBF00BFA01A00202C1B0020341B0020A2
S21401F57810B50446FDF79CFE844201D1FFF770F9E9
S21401F588084BB3F8B42032B9D3F8942012F4601FAC
S21401F59808BFA3F8B420FFF7C9FFBDE81040012053
S21401F5A8FDF7B4B9A01A0020F7B5424C05460E4639
S21401F5B8174618F0BAF994F88B30022B05D0D4F810
S21401F5C884301B1AB3F5FA7F2FD23B4B3B4AEE61C8
S21401F5D8CDE900323846D4F8843094F8882094F877
S21401F5E87610FFF74FFA064615F084FB002201460F
S21401F5F8042015F06FFB0020FFF75AFBA54209D13E
S21401F608D4F8A83033B1012104F18C00FDF73AFD96
S21401F618FFF78CFFD4F88430C4F8B03094F88830FB
S21401F62884F8AC30304603B0F0BDA54214D1D5F805
S21401F638A8208AB1D5F8B020121A934205D3002122
S21401F6482846FDF71FFD0126ECE7012105F18C0090
S21401F658FDF718FDFFF76AFFD4F884300021C4F8D7
S21401F668B03094F88830284684F8AC30FDF70AFDA7
S21401F678D4F88430C4F8A860C4F89030637E84F85F
S21401F688A530FDF797F80E4B1B6888B1DB7994F81F
S21401F698A52094F8760093423CBF02F1FF32D3B21C
S21401F6A884F8A530FFF764FE0648FDF79DFCCAE717
S21401F6B85B78ECE7A01A002055555500D6BE898E12
S21401F6C8701A00202C1B00202DE9F04F8D798BB085
S21401F6D80C350D44EB7A07910390002B3BD0174667
S21401F6E82E7B8B46B20916F03F0618BF6E7B029238
S21401F6F8012F05F10E029046049200F0978140F220
S21401F7088081FA1E012A26D8029AB2FA82F94FEAAD
S21401F7185919B9F1000F1ED02A7B02F03F029A420E
S21401F72819DABB4C636A23F4003363622B7BC3F399
S21401F7388113013BDBB2012B5AD95846FEF7CEFF9F
S21401F74894F88A3083B194F88B30002F40F0878084
S21401F758F2060BD453B107A81DF052FE4FF000096C
S21401F76848460BB0BDE8F08F002F78D17F20DDF832
S21401F7781CB02B7B9BF806A04FF0FF0C0AF10C0A75
S21401F788DA449AF8071084F878004FF600704FF0BC
S21401F798000E94F86720A4F87600C2F3030002F07E
S21401F7A80F029B09052AA4F86C3084F86EC0A4F8E9
S21401F7B87AE084F8750000F033811BB1636A43F47C
S21401F7C800336362F3071CD5D5F80E30049AC4F8E3
S21401F7D86F3092888F4B9A80AB7A13F0400340F0D3
S21401F7E87782626A22F48052626284F86E304DE053
S21401F7F8012FA2D19BF806A00AF10C0ADA44F107F8
S21401F80840D4B20746D4730700F18D80300741BF54
S21401F81898F8013008F10208C3F3031384F8773027
S21401F828012F40F091809AF80C3003F0C003402B6A
S21401F83802D0802B40F088800023626AB4F86C00FE
S21401F84822F40032F10620F06000A4F88A306262E1
S21401F85848BF08F1030880B2A4F86C0092E0DDF80E
S21401F8681CB0042F9BF806A00AF10C0ADA44C6D18C
S21401F878B4F86C30580754BF0A230E23F107A4F8CE
S21401F8886C30BED594F86E30FF2B9DD0B20705F1CB
S21401F8981408B8D5BB1E022B40F2DD8194F830005F
S21401F8A8AA7AB0FA80F35B09B3EBD21F00F0D681CF
S21401F8B8003818BF01204146FBF7BCFD0346A87A6D
S21401F8C84146C009059315F042FA069015F030FA3C
S21401F8D8616A069A01F4807C05991346002900F0AE
S21401F8E8C881AB7ADB09002A00F0AD80BCF1000FB5
S21401F8F800F0A980002840F0A980FE2384F87C3017
S21401F908D8F8003008F10608C4F87D30B4F86C3031
S21401F91838F8022C43F00403A4F86C303E4B9A8066
S21401F92873077FF573AF15F0E5F94FF6FF73CDF85A
S21401F93804B000930146374B94F86E20042008F172
S21401F948010815F0CFF961E7344ADAF80030009279
S21401F9584146324694F8560015F0D6FC8044B4F871
S21401F9686C0094F88A3020F06000626A80B2002B3E
S21401F9783FF472AF94F8893040F02000A4F86C0088
S21401F98884F8763016F0200A1BBF98F8023098F8EB
S21401F9980310CDF814A043EA01231EBFCDF8148046
S21401F9A8A4F87A3008F11208012F56D0069215F0FD
S21401F9B8CCF9F2060DD4069A80F00100C2F3C01BFA
S21401F9C8C3B25A46134994F86E0017F0CCFF0028C4
S21401F9D856D0042FDDF81CB077D8022F70D8002F28
S21401F9E873D1029B626A022B00F0F88194F88B307F
S21401F9F8002B40F06881BAF1000F40F0CF81D14664
S21401FA0869E0029AB2F1030918BF4FF0010980E6CE
S21401FA18A01A00200F1B00201D1B0020241B0020FD
S21401FA28042908BF032184F87510C6E6AB4AB2F864
S21401FA386C90029A09F00309A9EB0209B9FA89F947
S21401FA484FEA591965E600283FF458AF94F8303064
S21401FA58002B40F09681022350E7530700F1BE8041
S21401FA68C2F3C01B15F071F980F001035A469C4990
S21401FA7894F86E00DBB217F076FF002840F0E481B8
S21401FA88BBF1000F00F03881BAF1000F3FF463AE06
S21401FA9894F87720924994F86E002E6815F0EEFCDB
S21401FAA800283FF458AE05F10C0094F8764016F09D
S21401FAB872FA31460346059A204615F0E1FC4AE6F5
S21401FAC894F88B30002B40F0F280BAF1000F40F02A
S21401FAD86581D146626A730648BF98F80030CDF84A
S21401FAE820B048BF84F878302B7BD00703F03F0856
S21401FAF84FD5002F54D1F1064BD44FF0FF3108A84B
S21401FB08FEF736FD0898FEF7E9FDAB7908A884F8F4
S21401FB186B306B7908F10D0184F879301DF070FDB2
S21401FB280898002852D0C780B4F86C30099003F0C2
S21401FB386003202B636A4FF001020CBF43F4006395
S21401FB4823F40063636243791C216FF30003437156
S21401FB5809A81DF056FE002840F03A81099E614C1E
S21401FB687379B57943F00103737135440FCCE860B6
S21401FB7829616A61AB6107CCE8612962A4F1640076
S21401FB8831466A621DF023FD4FF0804000F06AFCA2
S21401FB98E6E508A81DF034FC48460BB0BDE8F08F32
S21401FBA84FF0FF3108A8FEF7E3FC0898FEF796FD2C
S21401FBB8AB7908A884F86B306B7908F10D0184F8E5
S21401FBC879301DF01DFD08980028ADD101201DF0E3
S21401FBD8DBFD089000283FF4C3ADA5E7029BD807D4
S21401FBE87FF53EAFDDF81CB00297C2F3003394F8F8
S21401FBF87620012100920020394AFEF757F98146FE
S21401FC085846FEF76BFDB9F1000F40F0F080BAF1E7
S21401FC18000F40F0A680029B002B00F0BC80D4F8B1
S21401FC2824A015F092F8034683F00103CAF3C01224
S21401FC382B4994F86E00DBB20AF0800A17F093FE9F
S21401FC4800283DD1BAF1000F7FF485AD514615F075
S21401FC5884F8A8B37FE508F10608D4E54146D0093B
S21401FC6815F075F8059015F063F8616A059B01F4BF
S21401FC78807C33B1BCF1000F7FF43CAE00287FF4E2
S21401FC88E5AED4F8A8307BB1FDF712FB164B8342DC
S21401FC9800F0C88000211448FDF7F4F91348FBF773
S21401FCA8F9F80023C4F8A830FFF718FC53E500223A
S21401FCB803980F49FFF778FC8146BAF1000F6FD118
S21401FCC8DDF81CB006E703980A49C2F34042F1E79B
S21401FCD8626A012342F4805286E500BFA01A00201A
S21401FCE80F1B0020081B00202C1B0020341B0020A3
S21401FCF80D7B03006DFE01005946584615F02DF898
S21401FD0800287FF4C1AE042FDDF81CB03FF6DDAE47
S21401FD18022F3FF6D5AE002F3FF463AE012F7FF4D6
S21401FD28D4AE626A029B51075CD4012B03D902F058
S21401FD380303032B63D094F88B3033B303984649F7
S21401FD48C2F34042FFF730FC034658469B46FEF78F
S21401FD58C5FCBBF1000F1BD0BAF1000FB0D00023D1
S21401FD68029394F877203D4994F86E00D5F800A0E0
S21401FD7815F084FB002848D1029B002B7FF44FAF77
S21401FD889EE7012B08BF0323B8E55846FEF7A6FCF5
S21401FD98BAF1000F5BD14FF0000991E74FF0000967
S21401FDA894F877202D4994F86E00D5F800A015F040
S21401FDB865FB002884D005F10C0094F876B016F09F
S21401FDC8EAF851460346059A584615F059FB77E76F
S21401FDD8636A09A843F400636362DBE691073FF5AB
S21401FDE805AE08E6D807D0D500230293FDE65946A6
S21401FDF80020FEF743F8BAF1000FBDD0B1E7584628
S21401FE0817F0B7FE88B9626A95E705F10C0094F811
S21401FE1876B016F0C0F851460346059A584615F0CE
S21401FE282FFBA9E7FEF71CFD34E7A97A0498C1F36E
S21401FE388011FDF765FF0028A7D0094B039A58469D
S21401FE48D361FEF74BFC87E7DDF81CB069E70023B2
S21401FE589946029385E700BF0D7B03000F1B002020
S21401FE68317B0300042810B50C460FD006D80328AA
S21401FE7816D02146BDE8104017F00FBE431F012BD0
S21401FE88F7D82046BDE81040FFF772BB0022064BA4
S21401FE980120A3F88A2017F01AFE0028F1D010BD19
S21401FEA8BDE81040FDF752BFA01A002004282DE92E
S21401FEB8F74F0D4617D007D8032872D0294603B046
S21401FEC8BDE8F04F17F0E9BD431F012BF6D8831F95
S21401FED8584258410021FCF70DFE284603B0BDE8FC
S21401FEE8F04FFFF745BB4FF0000901A84FF0FF316F
S21401FEF8CDF80490FEF73CFB0198DFF8C88048B1BE
S21401FF08FEF7ECFB0198FCF74DFF082817D001A86F
S21401FF181DF076FAFDF7CCF9854201D1FEF7A0FC73
S21401FF2801212846FDF7AEF8FFF700FBD8F8383070
S21401FF38002B41D003B0BDE8F04FFCF77BBB019C1A
S21401FF48D8F83870A379BE790C331C4414F0ECFE4B
S21401FF58E8B114F0E6FE002819DB0C36B85D07EBAD
S21401FF68060B0BF1080A4A465146C00914F0F1FE81
S21401FF7868B1D4F80E30CBF80830638AABF80C3089
S21401FF88A37ABA5DC3F3801363F3C712BA55FEF7B3
S21401FF9867FC002294F9051098F87600FCF7FCFD3A
S21401FFA8B5E7074B11201B685978FEF7EDFD054AA2
S21401FFB8536A43F02003536203B0BDE8F08F00BFD5
S21401FFC8701A0020A01A0020052808BF0320062260
S21401FFD8024B013802FB0030704700BF6AE4030099
S21401FFE8014B186E80B2704700C001B80A4BD8683A
S21401FFF800F07060B0F1106F0CD008D8B0F1E06F67
S21402000808D0B0F1006F14BF002001207047B0F18D
S214020018406FF8E701207047000002B870B50E4638
S21402002815460446A8B112F0C3F998B90A4B1C60E3
S2140200380A4B1E600A4B1D6013F081FE12F064F92B
S21402004802F076FD074802F07FFDBDE8704002F038
S214020058F9BA212070BD00BFC41D0020C01D0020B3
S214020068BC1D00201D2303002DE9F041854D86B0F6
S21402007812F01EF91120844911F06CFF2B685121E9
S2140200885A685423B2FBF3F2002392B2184611F0D0
S21402009807FF0446002840F0DF8011F0A1FF7B4BE3
S2140200A819687B4B186809F043FB00F0AFF9044661
S2140200B8002840F0D1800A20764A774911F018FEC7
S2140200C80446002840F0C88011F070FC0221322055
S2140200D804AA00F05BFA28B94FF0FF30BDF81010FA
S2140200E81CF0BEF86E460023324606212C208DF8F8
S2140200F8063000F04BFA58B9304618F02DFB08B116
S21402010830287DD13C2000F05FFA2C2000F05CFA03
S2140201189DF80630190740F1848096E80300ADF88A
S2140201280C10090C02908DF80E109DF8063013F08C
S214020138280F07D1DDE90201ADF80410090C00907A
S2140201488DF806102B68186900287FD12B685A6923
S2140201580AB9524A126852490A609A690AB9514A51
S214020168126851490A6093F82220D20778D413F00D
S21402017890FD02A902460746286817F05BFD04466A
S214020188002869D10AF062FD13F0CCFD0446002867
S21402019862D1012000F08CFE444B18681DF057FC13
S2140201A80446002858D119F002F9044603F0A2F8CA
S2140201B8804618F004FB41460246204616F020FC0C
S2140201C80446002848D12B681B689B0511D4B7F54E
S2140201D8FA7F0ED912F05FFA012105460846F7F7AC
S2140201E8FBFB0121324A084613F0B0FC284612F0FF
S2140201F856FA304600F0DAFE2E4811F073FD2BE070
S21402020801213C2004AA00F0C1F940B99DF810303B
S214020218012B14BF492372238DF8063078E7492349
S214020228FAE7F4F735FDCDE90401030C8DF80A3038
S214020238BDF81530ADF80800ADF80B309DF817304C
S2140202488DF80D3049238DF80E306EE718F0CCF98C
S214020258044600283FF47AAF204606B0BDE8F0818F
S21402026893F8232000234FF0FF3004A9CDE9043386
S2140202788DF812201BF0A4FF00283FF478AF40F256
S2140202880C44E9E7C41D00201D23030000290020B2
S214020298202900207F7B0300D1830100D0E30300DE
S2140202A8B81D0020CCE30300B41D0020C01D0020AA
S2140202B88BE403005D0302000022032101481CF0C0
S2140202C88CBF00BF841F00202DE9F041114818F0AA
S2140202D8FAFAE8B9F8F778F805460E460D4F07F128
S2140202E80C082846314618F0EAF911F09BFB04463A
S2140202F8384618F0E4FA10B940461DF081F802F0C4
S214020308D3FC08B9002CECD1BDE8F04118F056BA77
S214020318BDE8F0812829002008B5054B1B782BB9C3
S21402032817F06CFCB0FA80F0400908BD0020FCE724
S214020338A2260020012310B5044C2370044B1B6828
S21402034803B198470023237010BD00BFA2260020E1
S214020358B41D002050EA010337B504460D4604D101
S21402036803B0BDE83040FFF7E5BFB1F1FF3F08BF75
S214020378B0F1FF3F13D0F8F727F8221845EB010330
S21402038808490948C1E9002300239D420CBF2146BB
S2140203984FF0FF31CDE90033044A13F0EAFB03B00D
S2140203A830BD00BF700B0020D81E0020B903020023
S2140203B8D3B512F077F90446F8F706F80B46104A52
S2140203C8D2E90067B04273EB070107D3FFF7B2FF23
S2140203D8204602B0BDE8D04012F06AB9D2E90067FA
S2140203E80022311A67EB03039342CDE90022134633
S2140203F818BF4FF0FF31034A034813F0BAFBE7E78A
S214020408700B0020B9030200D81E00200D4B98423C
S2140204180DD8023B984210D870B1023B98420ED0D3
S21402042820F0704020F4604000F590607047064B5C
S2140204389842F5D140F21C4070472120704740F29E
S2140204481B4070470AE000F00BE000F00023044A65
S21402045852E8000F42E800310029F9D1FBF752B8FA
S214020468F81E0020054A52E8003F034342E80031DE
S2140204780029F8D1024B1B68184700BFF81E002057
S214020488B81D002037B51C68E10705D518F00AF92B
S214020498164917481CF0ADFEA20723D501F074FCD6
S2140204A8D0B9144D019012F0FDF8044628461CF007
S2140204B8C5FF0190204612F0FBF8019890B14379E7
S2140204C89B070CD401A802211DF09AF8019801F0A6
S2140204D84BFC18F096F8E6E718F093F8DEE701F01A
S2140204E837FCF6E7002003B030BD00BF3C290020E9
S2140204F8841F0020FC1E002008B5054811F062FA89
S214020508044B01211870BDE8084011F06BBA00BF11
S2140205184C290020A326002038B5044648B112F01C
S214020528C1F80546214608481DF051F8284612F03B
S214020538BFF8064B022193F9000011F053FABDE802
S2140205483840FFF7F7BE00BFFC1E0020A326002097
S214020558F8B50C4B0C4F04460E4638681968154613
S21402056809F0E6F8FFF752FF50B933462A463868CC
S21402057844F4802109F0B6F9BDE8F840FFF746BF13
S214020588F8BD00BF0029002020290020F8B50C4B32
S2140205980C4F04460E4638681968154609F0C8F81E
S2140205A8FFF734FF50B933462A46386844F48021A8
S2140205B809F0E2F9BDE8F840FFF728BFF8BD00BF2A
S2140205C8002900202029002038B50A4B0A4D044687
S2140205D81968286809F0ACF8FFF718FF40B92868C8
S2140205E844F4802109F0AEFABDE83840FFF70EBFA2
S2140205F838BD00BF00290020202900202DE9F0433D
S214020608134B0E461968134B05468DB018681746E5
S21402061809F08EF880B933460A222846009702A9BE
S2140206281BF0B7FB4FF0000804460DF108094445D5
S21402063805D1002CEFD120460DB0BDE8F083284640
S21402064859F8041B09F07EFA08F10108EFE700BF23
S2140206580029002020290020F8B50C4B0C4F06462E
S2140206680C463868196809F063F8FFF7CFFE0546A6
S21402067848B9E24316FA82F2386842F4802246F40F
S2140206888021FFF7BBFF2846F8BD00BF00290020DF
S214020698202900200022034B1A609A80FF229A71B2
S2140206A8704700BFC6260020064A1379834207D938
S2140206B8012312688340134214BF012000207047AA
S2140206C800207047001F0020054A034610680022D3
S2140206D808B91A607047C10748BF01324008F7E7F1
S2140206E8001F0020014B1879704700BF001F00202A
S2140206F8F0B541EA002087B040F4902606200F465F
S2140207081546F5F771F81DF0C4F9044640B90146D6
S2140207181A2004F0A9FA6FF08C05284607B0F0BD37
S21402072843688660DAB222B923F0FF0343F0010376
S2140207384360F4F799FA052804BF40F20113636090
S214020748062F204B0CBF40F201114FF48071204651
S21402075817F0BAFA2361E3696BBB4FF41053238090
S2140207688023638002AB2A461E4605F110071D4603
S21402077810685168083203C5BA422B46F7D11021D1
S21402078830461DF041F910223146204601AB13F0DF
S2140207982FFE054620B1014640F2074004F064FAEF
S2140207A8102130461DF03EF9204614F07FF8204608
S2140207B81DF071F9B1E700234FF410511A4614F0F0
S2140207C881F8CDE700444004102A2DE9FF47064683
S2140207D80F46154623D800244FF00109DFF8448057
S2140207E8DFF844A0D8F8002009FA04F3134213D01D
S2140207F846EA042040EA0A006A46E9B280B2FFF7EF
S214020808C5FE48B92A46394668461CF0CEF918B9D4
S21402081860B204B0BDE8F0870134202CE2D14FF074
S214020828FF30F6E7001F00200080FFFF2DE9F341A6
S2140208381D4E05460146062230461CF0B6F920B97A
S21402084896F9060002B0BDE8F0810024A046EF1C27
S2140208582046FFF729FFD8B13B88CDF80080ADF8CF
S2140208680330BB786946E0B28DF805301AF095F980
S21402087821280DD0A8B90322294668461CF095F906
S21402088830B92B6860B23360AB88B071B380D9E7F1
S2140208980134202CDCD12B683360AB88B380FF236D
S2140208A8B3714FF0FF30CDE7C6260020034B93F90D
S2140208B80630013301D1FFF7EDBE7047C626002089
S2140208C8F7B5044617F09FFF631C58D1FFF7E2FE00
S2140208D80024624E3379A3422CD84FF400410024F8
S2140208E80846FFF7B9FE20224FF0FF315C48346015
S2140208F81CF085F9204602F087FAFF260446594D71
S2140209085CBB594813F075FC014630B110F1880FEC
S21402091803D040F2074004F0A7F90C214F4A43F6E9
S214020928FF70FFF715FE202138204D4AFFF710FE0C
S21402093800202AE02046FFF7B7FE60B165B205211F
S214020948284617F0C3F90321284617F0BFF90621EF
S214020958284617F0BBF90134BCE794F97530013321
S21402096805D02B7843B91321204618F022FD2046DD
S21402097802F04AFA0446C3E784F87560F7E72046A9
S214020988FFF792FE18B940F2064003B0F0BD6B4678
S21402099806220021204617F0DCF9002845D0492314
S2140209A88DF806304FF47F41304840EA042008406C
S2140209B8FFF752FE0521204617F088F90321204644
S2140209C817F084F90621204617F080F901222349F8
S2140209D8E3B29A400B6823EA02030B60244B93F9AE
S2140209E80630A34201D1FFF755FE002005460B79D3
S2140209F81B4A013BC1B2994221DBFF260020D6548E
S214020A0802F002FA0546174F002D86D095F9753082
S214020A18A34205D13B78EBB91321284618F0C9FC46
S214020A28284602F0F1F90546EEE76B460622012152
S214020A38204617F08EF90028B4D07223B0E756562F
S214020A48A64200D025B1551895F9015055540125EE
S214020A580130CFE785F87560E2E700BF001F002087
S214020A68A6260020A4260020370004000080FFFFE8
S214020A78C62600202DE9FF41354C064601A8FFF799
S214020A8823FE2379019A93421ED86279012A40D11D
S214020A9800274FF0FF383D4610E02368EB40D907A1
S214020AA80BD5082202AB114668B217F052F920B1EC
S214020AB8039B43453CBF2F469846013523799D4202
S214020AC8EBD378B2FFF7FCFE236813F0010529D0B2
S214020AD8002501220135202D18D002FA05F71F42FB
S214020AE8F8D13B432360A3680C21013343F6FF7019
S214020AF8174A7361A360FFF72BFDA8B1236823EAA0
S214020B0807032360A368013BA36073614FF0FF35B8
S214020B1819E0022AFAD10F4A134413F9010D421CAE
S214020B28FBD0CFE70127DCE722790A4C013A2146B7
S214020B38D2B2601C1CF049F86DB222462021382039
S214020B482570FFF705FD284604B0BDE8F08100BF12
S214020B58001F0020A62600202DE9F043002489B0B5
S214020B68B54D04213F2001AA2C70FFF70FFD00B1F6
S214020B780194019F002F4FD000267A1E57425741F4
S214020B8800242C70AD4D0C212A4643F6FF70FFF761
S214020B98FDFCC0B10D23AB80019B2C60032BAC601F
S214020BA811D803AC2246142143F6FF70FFF7EEFC79
S214020BB848B994E8070085E807002A460C2143F658
S214020BC8FF70FFF7C5FC019B042B06D004213F20CB
S214020BD80DEB01020191FFF7BBFC20213820984A51
S214020BE8FFF7D4FC28B120224FF0FF3194481CF0BE
S214020BF806F803222B795B00B3FBF2F3914A1370D3
S214020C08FFF748FDF8F7F2F8014618B140F2074038
S214020C1804F02AF8002413E001263746B0E72B68CA
S214020C28E340DB070BD508224FFA84F81146404604
S214020C3803AB17F08EF810B94046FFF741FE0134B1
S214020C482B799C42EBD38EB11021372003AAFFF7EB
S214020C589DFC002858D10620F4F7C6FD1CF019FFA3
S214020C68044680B901461A2003F0FEFF3FB13D2034
S214020C78FFF7AAFC00242B799C42C0F0B88000201B
S214020C8809B0BDE8F083704A43688260DAB222B9D6
S214020C9823F0FF0343F001034360F3F7E5FF05285B
S214020CA804BF40F201136360684B40F2011120460C
S214020CB817F00AF82361E36943BB4FF41053238005
S214020CC880231021638003A81CF09EFE102202AB2C
S214020CD803A9204613F08CFB0646102103A81CF035
S214020CE8A1FE204613F0E2FD20461CF0D4FE372073
S214020CF8FFF76AFC46B140F20740314603F0B4FFFC
S214020D084FF0FF30FFF7DCFD00262AE000234FF401
S214020D1810511A4613F0D6FDD2E73046FFF7C4FC48
S214020D28F0B174B210220321204603AB17F011F873
S214020D381028814620D10321204603AAFFF7D8FCB3
S214020D488046494603A81CF06DFEB8F1000F0CD089
S214020D5840F20740414603F087FF2046FFF7B0FD02
S214020D6801362B799E42D8D380E748F2030040EA40
S214020D78062080B2FFF728FC10220521204603AB86
S214020D8816F0E7FF1028814613D10521204603AA4C
S214020D98FFF7AEFC8046494603A81CF043FEB8F1AE
S214020DA8000FD5D148F2050040EA062080B2FFF7C8
S214020DB80BFC10220621204603AB16F0CAFF1028A9
S214020DC88146CDD10621204603AAFFF791FC80462C
S214020DD8494603A81CF026FEB8F1000FB8D148F21F
S214020DE8060040EA062080B2FFF7EEFBB8E7204688
S214020DF8FFF75AFCF0B166B204220C21304602AB69
S214020E0816F0A7FF04280AD1029B0122C3F3002387
S214020E188DF80C300C21304603AB16F06CFF00231D
S214020E281022CDE90333CDE905330D21304603AB55
S214020E3816F061FF01341EE7A4260020001F0020DA
S214020E48A6260020A52600203700040000444004F9
S214020E58F8B5104B044618790F4B00221D46D1B23E
S214020E68884204D913F9017B561CA74204D10B4BBE
S214020E781B788B4202D9F8BD3246F0E70649481C71
S214020E881BF0A3FE2C702021BDE8F8403820024A49
S214020E98FFF75EBB001F0020A6260020A52600201E
S214020EA8014902481CF0A5B95C290020841F0020CD
S214020EB810220A4B2821DA826422C3E906124FF668
S214020EC8FF721A8402225A60002283F82B200F220D
S214020ED883F82D0083F82C20704700BF0C1F0020D3
S214020EE838B5104C94F82B30D3B1626812F001056D
S214020EF816D104F1080003F03BFF16F042FF78B162
S214020F084EF6602294F82C304FF48271534306480A
S214020F182A4610F00BFF18B9636843F001036360B2
S214020F2838BD00BF0C1F0020841F002022F000429C
S214020F38052A10B50DD0B2F5827F13D0032A06D142
S214020F48114A536823F00203536002F0EFFB0020B5
S214020F5810BD0D4A1B88118D9942F8D100231385BE
S214020F680120F5E7084B5A6893F82B4022F0010255
S214020F78012C5A60F4D118F0B5F8FFF7B1FF2046F5
S214020F8802F01EFCECE700BF0C1F0020004870476A
S214020F981B1F0020044890F82B1000F10F0208309F
S214020FA8012918BF104670470C1F002038B58379F0
S214020FB8044613F0280F25D00368134DC5F80F30E2
S214020FC88388A5F81330837900206B7502F074F9CC
S214020FD840B96B68032043F004036B60BDE83840F1
S214020FE802F0EEBB436A13F4404FEFD1226843F097
S214020FF80803C0F80120A288A0F80520A279436257
S214021008C271E3E7212038BD0C1F00204379024A4B
S2140210189B09D05C704700BFB0E403000B6810B5AC
S21402102803608B88FF2A0446838002D10723A371B4
S21402103809E0032A08D8054B9B5C072B837102D16B
S214021048FFF7E4FFA07110BD0023F0E7B4E4030045
S2140210588379024A03F00703D05C7047A8E40300CA
S21402106810B582798B79094C02F0070203F0070360
S214021078A25CE35C9A4206D106221BF096FDB0FA01
S21402108880F0400910BD0020FCE700BFA0E4030082
S2140210987FB5134B0E46054604460393A0B118F0D7
S2140210A890FA78B900223146204618F0BAFB022890
S2140210B807D10123314600932046042303AA16F0DB
S2140210C819FF0DB104B070BD204618F049FA04465F
S2140210D80028F7D018F075FA0028F5D1E2E700BF25
S2140210E80100FFFF2DE9F04F97B08346099118F0EB
S2140210F8AEF9099883790C33C45CC5181CF005FA56
S2140211081E2C0646099F24D8012C26D9C54BE34037
S214021118DA0722D5384697F806801CF0F6F9BBF8A7
S2140211280A2083B29A4228D214F0010240F0A18023
S21402113804F07F03522B00F09C801E2C00F099804E
S214021148099B214600935846042317F056FD21248E
S2140211580CE004F07F03522BDCD021460623002243
S2140211685846009717F049FD41F20614584618F0FB
S21402117873F9204617B0BDE8F08F47443A7B013B27
S2140211881E2A9BB242D8012ACED9023A1C2ACBD8AA
S21402119801A151F822F000BF3112020031110200FB
S2140211A835120200311102002B1202003111020020
S2140211B8211202003111020031120200311102001E
S2140211C835120200311102003912020031110200F2
S2140211D821120200311102006712020031110200C8
S2140211E831110200311102006B12020031110200A5
S2140211F86F12020031110200311102003111020091
S214021208311102003111020073120200522A26D04E
S214021218D22A89D10D2B05E0062B0FD0142B83D1A9
S2140212280CE0052B80D909E0022BF8E7042BF6E739
S214021238032B7FF679AFDB073FF576AF022C00F07B
S214021248F380DBF800309B689F0516D40BF1440048
S2140212581CF0D6F8099BCBF84430002486E7012B0D
S214021268E0E7032BDEE7012BD9E7002B7FF45CAF20
S214021278E4E709A81CF0C4F869E71E2C584600F0F3
S214021288918318F09EF90746002840F08280584657
S21402129818F092F900287CD004F07F03522B00F055
S2140212A8BC80082C68D1B6B2152E14BF02201020B6
S2140212B8691D18F06CF900285ED0DBF81430D807E0
S2140212C84BBF23F0010343F0010339460121584678
S2140212D84CBFCBF81430CBF8143018F089F90998BB
S2140212E80D9017F0F8FB0446B0F80180B0F80390AA
S2140212F80D981CF00AF9152814BF02251025053486
S2140213082146284602F044FF21460390284618F054
S2140213183EF90490B8F1000F00F04381C84500F288
S2140213284081022109200D9A17F0F8FBBBF80A70D3
S2140213388246023FBFB23E4640464FF0FF35494618
S214021348039A18F020FC0446002800F06C8118F076
S214021358F0F9002800F0848101222146584618F048
S2140213688FFA03468DF82E00002800F01F810D9A8A
S214021378009222460821A3E0DBF8143013F0010697
S2140213883CD023F0010300215846CBF8143018F05D
S2140213982FF91E2C63D8032C66D9231F142B63D867
S2140213A801A252F823F000BF7F1602007114020051
S2140213B86F17020071140200E7120200711402008D
S2140213C85518020071140200731802007114020004
S2140213D889180200711402007D14020071140200BA
S2140213E87D190200711402007114020071140200C1
S2140213F89919020071140200A319020043F00103AE
S21402140801215846CBF8143018F0F2F81223324667
S21402141821465846009617F0F0FB09A81BF0F0FF85
S2140214281BE700BF54554541099DBA4C284617F09C
S21402143852FB2188B0F801602A46584617F0F2FB9C
S2140214482388BBF80A10B34228BF3346172BB8BF07
S21402145817235846ABF80A3017F0E5FFFDE6522C7C
S21402146800F08F82D22CD8D0099B00220093214606
S214021478062325E0099F384617F02DFB0546B0F8E7
S2140214880180B0F803A038461CF03FF815280CBFB8
S21402149820460220691D02F07BFEB5F8053004904E
S2140214A80793B8F1000F07D0D04505D818F0C2FC4C
S2140214B850B91023009701E00123009742461021F5
S2140214C8584617F09AFBC8E63A460221112017F04A
S2140214D825FB44464FF0FF35BBF80A3005909E1EA2
S2140214E80393063B9BB2B6B2089351462046049A2B
S2140214F818F049FB814668B35146079A18F090FBE4
S2140215080446484618F015F940B94FF6FF739C4250
S21402151801D00134A4B25445E7D91BE04FF00003CA
S2140215280DAAADF8343049460CAB584618F045FAC1
S214021538039ABDF83430053A9A42089A0690D8BFFC
S2140215481346002DADF8343009DB9D4202D1EB1C60
S214021558B34208DB691C1CD10A230097AEE7351F85
S2140215689D42A8BF1D46042211A93846ADF84490EC
S214021578ADF846401CF006FA2A46384606991CF08C
S21402158801FA4FF6FF73043E761B9C42B6B2C0D1F0
S214021598E0E73946059B04355D70584601F028FD9C
S2140215A85BE60D9B009301234246E3E6049B13B1D8
S2140215B8204618F0A2F8204618F0D3F8D8B1002D25
S2140215C854DC0DA81BF01CFF082358468BF81C3069
S2140215D850F80C2B40F2025192F870208DF84830E1
S2140215E800238DF8442011AAADF84640ADF84A30DB
S2140215F81BF03BFE31E6ADF844000DF12E03214602
S214021608584611AA18F0D9F9BDF844300590BB42DD
S21402161828BF3B46002DADF844300ADBAB4202D168
S2140216286B1CB34209DB6A1C0D9B1FD100930A236D
S214021638BAE7B51E9D42A8BF1D4602220CA90D9800
S214021648ADF830401CF09EF92A4605990D981CF014
S21402165899F94FF6FF73023E761B9C42B6B2E2D069
S214021668601C80B28145BFF46AAEDCE702350D998C
S2140216788AF8015091E7DDF82490484617F02BFACD
S214021688B0F80330B0F801800493B8F1000F43D0E5
S214021698984541D84FF6FF774A460221052017F0AB
S2140216A83DFA4546BA46BBF80A400590023CA4B243
S2140216B82946584618F042FB504506464BD04FF48A
S2140216C800622946584618F0DBF800283ED1304614
S2140216D818F0CCFB00280CBF0223102357450393AF
S2140216E820D0304618F0C2FB0690384618F0BEFBEB
S2140216F8069B834203D1039B0133A34213DB38467E
S21402170818F0B4FB059B013019465870584617F076
S2140217185DFAA2E5F22A00200123CDF8009042469F
S2140217280421CDE637460DF146013046ADF8445061
S21402173802F084FD039B48469A1C11A91CF022F964
S214021748039B023CE41A5545A4B2D8D0049B013543
S214021758ADB2AB42ACD24FF6FF739F42CFD10A234B
S214021768CDF80090DBE7DDF824900024484617F011
S214021778B2F9B0F80530B0F803A0B0F80160074631
S214021788484603931BF0C1FEC51FADB2102D0C943C
S21402179858D82A46F91D0DA81BF061FA002E53D018
S2140217A8564551D84A460121072017F0B7F9A046F0
S2140217B8074633460A249A45049307D93946BBF89E
S2140217C80A0017F08EF90328049B04D8B8F1000F14
S2140217D81AD039469AE7ADF84430039B5846ADF816
S2140217E848300DAB13930BAA0DF12E0311A9ADF8D1
S2140217F846A0ADF8505018F03FFA0A280446E5D03D
S214021808BDF82C3030B11E46234632460621CDF8A6
S214021818009055E6ADF83030BDF82E300CAAADF87B
S214021828323039460423BBF80A0017F065F94FF63A
S214021838FF72BDF82E309342CBD001334FF0010829
S2140218489BB2B8E70424DFE70124DDE70A23099CF4
S2140218588BF81C30204617F03EF923460022B0F8D3
S2140218680110584616F016FCF7E4099C204617F0B5
S21402187832F90C238BF81C30B0F803202346EEE727
S214021888DDF82480404617F026F9054640461BF048
S2140218983CFE0023441EBBF80AA08DF8343061D003
S2140218A814F001075ED1204610F034FD06460028E3
S2140218B85ED00AF1FF332246691C03931BF0CFF968
S2140218C8424601210F2017F029F9B1460490002C50
S2140218D804DC30461CF0DFF8049917E739F8025B97
S2140218E801222946584617F0CBFF023C8DF83400F1
S2140218F868B9284617F041FE10B1284617F0FDFED3
S214021908284617F02EFF60B180238DF83430304613
S2140219181CF0C1F82A460E219DF83430CDF8008016
S214021928CEE529460DAB584611AA18F046F89DF89A
S21402193834300146002BEAD1039BBDF84420DB1B5A
S2140219489A42C2BF0AF1FF33DB1BADF84430404669
S214021958BDF844201CF016F8BDF844309842B8D3B7
S2140219681F44B4E7042300258DF834302E46CEE70C
S2140219781123F8E75846099AB5F8011016F028FC1C
S2140219886BE45846099AB5F8011016F07CFC64E434
S2140219985846099916F0B6FC5FE45846697816F078
S2140219A81CFD3AE516F039FD37E500BF7FB5174A44
S2140219B80646136842F6052023F00803136018F05B
S2140219C81DF9054650B1684602F09AFA002017F04B
S2140219D8C7FD044620B92946FFF75AFB04B070BD76
S2140219E81022684604F121011BF0DFF838B1012104
S2140219F8204617F0FDFD636923F0010363611EB1FB
S214021A083146204618F0CBF92046E0E7F01F0020C2
S214021A1807B5837801916A46082104488DF8003094
S214021A281BF023FC03B05DF804FB00BF841F0020F4
S214021A380022054BC3E90322C3E905221A70DA61BC
S214021A484FF6FF725A847047601F0020014B1860D9
S214021A58704700BF5C1F002082780D4B13B55A6092
S214021A68B0F8032091B2102910D040F60344A142E0
S214021A780CD041795B8C8DF80210ADF80420052154
S214021A886A460448ADF800301BF0EFFB02B010BD02
S214021A98601F0020841F002073B5837901900C33E1
S214021AA8C418C35C132B0ED8042B10D9053B0E2B77
S214021AB80DD8DFE803F01E0C0C1E0C0C0C0C0C16D2
S214021AC81A0C0C0C2300302B13D03E2B1BD0F9F724
S214021AD883FA019B834202D001A81BF091FC02B054
S214021AE870BD2046FFF7B8FFF1E7E2780E4B5A6062
S214021AF8EDE7204601A901F045FFE8E7204601A9DF
S214021B0816F060FEE3E70025084E019B3BB120462F
S214021B1856F8043B01A9013598470E2DF5D101A8C0
S214021B281BF06EFCD3E700BF601F0020B8E403007A
S214021B3807B500F013F920B103B05DF804EBFFF720
S214021B48ABBF00F017F9019018B1054B1B681BB123
S214021B58984703B05DF804FB01A81BF051FCF8E7B0
S214021B685C1F0020024610B1022804D070470321E9
S214021B7802481BF032BBFFF7DBBF00BF841F002002
S214021B88024B1A78024B53F822301847601F00207F
S214021B98F0E4030010B504460120FFF7F1FF034BFB
S214021BA800201C70BDE81040FFF7EABF601F002047
S214021BB810B50446062142F2050016F028FD2368F1
S214021BC8C0F80330A388A0F807300648F9F726FAC3
S214021BD816F061FD407920B116F05DFD407940F4BB
S214021BE8805010BD0962030010B5044606214FF660
S214021BF8284016F00CFD2368C0F80330A388A0F826
S214021C0807300648F9F70AFA16F045FD407920B17A
S214021C1816F041FD407940F4805010BD29B101000C
S214021C2838B505460C4669B9022142F21B0016F081
S214021C38EEFCB5F86E30A0F803300D48BDE8384023
S214021C48F9F7ECB9122142F21A0016F0E0FC214626
S214021C58B5F86E30053020F8023C04F1100351F84E
S214021C68042B994240F8042BF9D10248E6E700BF54
S214021C7895640300D164030001481BF0DFBB00BF74
S214021C88701F002040F6FF732DE9F3410D46B0F8A9
S214021C986E100192994205D101A81BF0B1FB02B061
S214021CA8BDE8F0811146134601229BBB1E481BF075
S214021CB88EFCFFF7E1FF04460028F0D01BF025FC57
S214021CC86379074603F001086FF300036371042182
S214021CD82046A6681BF05CFD4379044668F30003B9
S214021CE84371DB438179B6F86E200C31866003F0C7
S214021CF801036254C2F30322084442EA0312427002
S214021D08478022463046294616F061FD2046F9F7F6
S214021D1899F9CEE75C79986024F0030414435C7161
S214021D2800221B68C1E700BF701F002070B5054679
S214021D38064C206800B970BD8368AB4204D10668B9
S214021D4810F082F92660F4E70446F2E7701F0020D6
S214021D58014601481BF03BBC741F002001481BF0DB
S214021D686DBB00BF741F0020014601481BF02FBC44
S214021D786C1F0020034BD86818B103F10C001BF047
S214021D885DBB7047601F0020044BDA6822B95869A9
S214021D98003818BF0120704701207047601F0020D6
S214021DA80138C0B20A289ABF014B185C0020704757
S214021DB8F8E4030007B506481BF040FB042101902F
S214021DC80DEB01001BF01CFC019803B05DF804FB48
S214021DD8881F0020F7B5186810F0020003D0164EC8
S214021DE8316811B9012003B0F0BD0024042223464D
S214021DF80DEB020001941BF0F9FABDF80630DB077A
S214021E0802D4FFF7D7FF044600250C4F57F8043BC9
S214021E1823B12146BDF80400984748B13368002B21
S214021E28E0D0074B022193F900000FF0DBFDD9E75B
S214021E380135062DEAD1F1E7881F00208C1F002005
S214021E48CD26002010B509480FF0BCFD0024084B2B
S214021E580849187020200C6010F040F9064BC3E9B8
S214021E680044C3E90244C3E9044410BD6C290020B7
S214021E78CD260020881F00208C1F002013B5C37AA9
S214021E880093B0F80930D0F80520D0F80110007891
S214021E9801F056FB0446034800F014FF848002B0A3
S214021EA810BD00BF2002040310B54178007817F071
S214021EB844F90446024800F005FF848010BD00BFBE
S214021EC820020404FF2337B50DF107008DF807300A
S214021ED801F064FB044604489DF8075000F0F2FE41
S214021EE88480857103B030BD2003040110B50078E4
S214021EF817F0A5F90446024800F0E4FE848010BDF7
S214021F082002040A38B54B7905465B070C460CD402
S214021F1814212046054A16F05BFC2046217916F065
S214021F2808FD10B9A3791C44257438BD20E50300C2
S214021F38837810B5132B0C4608D1054B1B6803B1E2
S214021F4898472046BDE810401BF05ABA10BD00BF9D
S214021F58A41F002010B5837804461F2B10D8002132
S214021F68007816F009FC68B1A37861782078E21C3C
S214021F7817F09EF80446044800F0A4FE848010BDBC
S214021F882124F8E70224F6E72002560010B50021BD
S214021F980446007816F0F0FB48B16178207817F00E
S214021FA8B9F80446034800F08DFE848010BD02246A
S214021FB8F8E700BF2002560110B54178007817F0FE
S214021FC818F90446024800F07DFE848010BD00BF62
S214021FD8200256020020024B1870024B18707047F7
S214021FE8CF260020CE2600202DE9F04183780D4624
S214021FF80D2B90B04FD109AC2646821C00F11A036D
S214022008274610685168083203C79A423C46F7D1F9
S21402201813881C213B8028461BF0F2FABDF826409E
S2140220282F6814F00C043ED138461BF06EFAA0F165
S2140220380208A0450DDA4FF0FF3400239C428DF8C3
S2140220481C301EDB01223946A31C07A81BF0CEF95A
S21402205817E0631C0122394605A81BF0C7F99DF84C
S2140220681430012BE9D023460122394607A81BF073
S214022078BDF99DF81C3013B101331C44D9E78DF81D
S2140220881C3001F045FB012808D0022837D050B989
S21402209828461BF0B5F910B0BDE8F0819DF81C3053
S2140220A813F0010FF4D09DF82F0000F031FC04461F
S2140220B89DF8300000F02CFC0DF11C089DF8282035
S2140220C80DF12901074605A8FEF7A8FF40469DF828
S2140220D836200DF13701FEF7A1FF0D4B1B78DB0703
S2140220E812D405A815F02EFECDE901053A4621467A
S2140220F83046CDF8008005AB00F00CF8C8E79DF82E
S2140221081C3013F0030FCDE74FF0FF30ECE700BFAB
S214022118CE2600202DE9F74FB0F802C006461CF07E
S214022128100F1C460C9F9DF934A0DDF838B033D04A
S2140221385FFA8CF51CF0080F184614BF05F0080560
S21402214805F00F0517F051F98146384617F04DF994
S21402215896F90F3080465A4604211348019376783A
S21402216816F07BFC019BA0B105712268C0F8052019
S214022178A28880F80B90A0F8092080F80CA0437378
S21402218886733B68C0F80F30BB8880F81580A0F8C5
S214022198133003B0BDE8F08FCDE90DAB0C9703B052
S2140221A8BDE8F04F16F0FDBA5CE50300002110B555
S2140221B8421D0379044608461BF011FC024648B144
S2140221C86188208815F0BFFF0446034800F07AFDB0
S2140221D8848010BD1A24F8E720020A0213B50446C2
S2140221E8007817F0B7F970B10023CDE90033E2782A
S2140221F8B4F8011016F03DF90446044800F062FDF2
S214022208848002B010BD2524F7E700BF20020A0426
S214022218014816F054BB00BF2829002010B5104B01
S2140222281B681C7FD4B1102C28BF10241BF034F86E
S214022238621C81B200230820D2B20FF031FE044697
S21402224850B9084908481AF0D4FF084808491AF04D
S214022258D0FF084810F032F8204610BD0424E5E7FF
S214022268C41D002084290020AC1F0020A81F0020BF
S214022278942900207C29002030B5124B0D4699423D
S214022288144689B01BD1930011D505A906A80FF0EC
S214022298EDFD082300220393059BE1B20293069BF9
S2140222A82846CDE9003241F000511AF077FF064879
S2140222B816F09DFB00B10471012009B030BD002064
S2140222C8FBE700BFA81F0020D0E5030022F000426B
S2140222D8B2F1A04F08B504D1034816F088FB0120D6
S2140222E808BD0020FCE700BFD4E5030070B5FFF781
S2140222F88FFF90B1FEF74AFE002604462046FEF7F8
S214022308A7FE0546064800F0DDFC86802268C0F86F
S2140223180620A2880573428170BD0226014CEDE7AD
S21402232820090115ACE5030000200A4B10B5187108
S21402233800F06AFD04463CB901F05CFABDE81040BC
S214022348054906481AF079BF204617F036F8646839
S214022358F1E700BF5A250020A4290020841F002088
S21402236870B5002000F050FD01260446074D04B95A
S21402237870BD94F8723033B12E7116F01DFA13211F
S214022388204617F016F86468F1E700BF5A250020C1
S21402239838B50023094C2360A3800368236020789D
S2140223A817F003F8054630B9054806491AF021FF22
S2140223B8608801F035FA284638BD00BF5A25002045
S2140223C8841F0020A429002022F00042B2F5887F4C
S2140223D82DE9F0471C4600F0E5800ED840F20313BC
S2140223E89A423CD040F209139A4200F0C5800E2A5F
S2140223F800F0B6800020BDE8F08740F207239A4234
S2140224084AD0B2F5037F59D040F206239A42F1D158
S21402241820684C30FEF71CFE25680746664895F885
S214022428736095F870A095F9759095F87680A488EB
S21402243816F0DDFA0028DDD0EB6C4360B5F85030B4
S21402244887720381731E5E425E41C67280F80CA0D4
S21402245880F80D9080F80E80A0F80F40CAE7207822
S21402246800F0C4FC0028C5D0544894F80090B4F88C
S2140224780280A788E688257A648916F0B8FA0028C2
S214022488B8D080F80490A0F80580A0F80770A0F8E5
S2140224980960C5728481ADE7207800F0A7FC0028A1
S2140224A8A8D060782578FFF77BFC0446444816F0E7
S2140224B89EFA00289ED0057144719BE7A578012DE7
S2140224C81ED0022D2DD0CDB9E37894F80080023BB9
S2140224D8DBB2022B8CBF01253A4A94F9047066795E
S2140224E898BFD55C94F90640374816F080FA28B1AA
S2140224F880F8048045718771C671047201207AE7F4
S214022508E37894F80080023BDBB2022B98BF2D4A90
S21402251894F90470667998BFD55C94F906402B48FE
S214022528E3E7E3782A48023BDBB2022B94BF254A4C
S214022538012594F80180277898BFD55C94F9049011
S214022548667994F9064016F052FA0028D6D0A0F812
S21402255804808771C57180F8089046728472CDE748
S21402256823460822002113F8014B1A4816F050FA9F
S2140225780028C3D00471C1E7174894F8008067881A
S214022588A688E588248916F032FA0028B6D080F89C
S2140225980480A0F80570A0F80760A0F80950A0F813
S2140225A80B40ABE70D481C7816F021FA00283FF4DA
S2140225B821AF04711EE700BF1CE6030018E60300FD
S2140225C810E60300D8E5030008E6030004E6030065
S2140225D80CE6030000E60300FCE5030014E603002D
S2140225E810B5007800F002FC40B1132116F0E1FEA7
S2140225F80446034800F066FB848010BD2524F8E7ED
S2140226082002060570B5144606460D4620461421D5
S2140226180A4A16F0DDF82046217916F08AF958B9E2
S214022628A3790C331C44064BA6711B79A5801BB1F3
S214022638BDE8704016F0C1B870BD00BFF8E50300EB
S2140226485A250020024B00201A68024B5A6070472F
S214022658BC1D00202829002010B5FDF705FD0446FC
S21402266830B9044816F001F9044608B9FDF724FE05
S214022678204610BD2829002073B51C4640F20A637E
S21402268822F000429A4206D8B2F5C06F06D8032A4C
S21402269820D00D2A57D0002002B070BD6FF4C06358
S2140226A81A44092AF7D801A353F822F0BB270200D6
S2140226B8672702008B2702009B270200B327020027
S2140226C89F260200D3270200E927020009280200F3
S2140226D85528020000240DF102000DF103018DF8C1
S2140226E802408DF8034011F052FB01A89DF80260E3
S2140226F89DF80350019411F058FB00B10194554817
S214022708019C16F074F90028C5D000234371C371E2
S214022718037243726FF0720383720123C3720D232E
S21402272883746FF07C030822C3746FF0520302713D
S214022738037502226FF0250345EA06258271C460F6
S21402274805824375A7E723460422002153F8044B63
S214022758414816F05DF900289DD084809BE72078D2
S21402276800F044FB002896D03C48267894F901509D
S214022778A47816F03CF900288DD00671457184714C
S21402278889E72478364816F032F9002883D004718F
S21402279881E725783348646816F029F900283FF45B
S2140227A87AAF0571C0F8054075E725782E48646843
S2140227B8F2E72E482578646816F019F900283FF4DF
S2140227C86AAF0571A0F8054065E729482578646868
S2140227D816F00DF900283FF45EAF057144715AE70A
S2140227E8637824480D2B96BF234A0125D55C2478A6
S2140227F816F0FDF800283FF44EAF047145714AE71B
S214022808637800210D2B98BF1B4A1C4898BFD55CDD
S2140228186368A27888BF0125267816F0F9F808B109
S214022828067145716378012B3FF635AF8DF8043093
S21402283801220021114801AB247816F0E9F8002895
S2140228483FF429AF01230471437124E724780C4826
S21402285899E700BF5CE6030058E6030044E6030077
S2140228684CE6030050E6030048E6030040E6030091
S2140228783CE6030038E6030020E6030034E60300DD
S21402288830E603001422002101481AF0B8B900BF46
S214022898B01F002070B505460FF004FF1A4C064616
S2140228A863795B070ED414212046184A15F090FF68
S2140228B82046217916F03DF820B13046BDE8704032
S2140228C80FF0F6BEA3790C3323442DB91A79FF2AE2
S2140228D8F3D001321A71F0E7012D05D15A79FF2A91
S2140228E8EBD001325A71E8E7022D05D19A79FF2A10
S2140228F8E3D001329A71E0E7032DDED1DA79FF2AB6
S2140229081CBF0132DA71D8E7B01F002054E6030074
S214022918042828BF0020014B185C704760E60300B5
S21402292838B50546084800F049F9044648B900F0A3
S2140229389BF904461DB1054B1B689B792B7000F06A
S214022948ABF9204638BD00BF7CE60300CC1F00204A
S2140229582DE9F84380460D480F4616461D469DF853
S214022968209000F02BF978B9094B1C6884F804808B
S214022978C4F80570C4F80960A4F80D5084F80F90DE
S214022988BDE8F84315F0A6BFBDE8F88374E6030071
S214022998D01F002038B5054606480C4600F00EF94A
S2140229A838B9054B1B681D715C71BDE8384015F0D7
S2140229B891BF38BD6CE60300D01F002010B5044650
S2140229C8054800F0FBF830B9044B1B681C71BDE8DB
S2140229D8104015F07FBF10BD64E60300D01F00202C
S2140229E838B505460C460748012100F0F7F838B90D
S2140229F8054B1B681D715C71BDE8384015F06ABF4F
S214022A0838BD00BF94E60300D01F002038B505463F
S214022A1806480C4600F0D2F838B9054B1B681D71FB
S214022A285C71BDE8384015F055BF38BD8CE603002A
S214022A38D01F002038B5054606480C4600F0BEF8FA
S214022A4838B9054B1B681D715C71BDE8384015F036
S214022A5841BF38BD84E60300D01F002010B50446E7
S214022A68054800F0ABF830B9044B1B681C71BDE88A
S214022A78104015F02FBF10BD9CE60300D01F0020A3
S214022A8838B505460C460748012100F0A7F838B9BC
S214022A98054B1B689D80DC80BDE8384015F01ABFE0
S214022AA838BD00BFACE60300D01F002070B506464E
S214022AB808480D46144600F081F848B9064B1B68CC
S214022AC81E71A3F80550DC71BDE8704015F002BF10
S214022AD870BD00BFA4E60300D01F002070B50546EF
S214022AE80B480E4600F06AF8044678B900F0BCF8BF
S214022AF8084B04461B6825B1D3F806202A605A8973
S214022B08AA800EB11B7B337000F0C6F8204670BD53
S214022B18B4E60300CC1F0020044A0346106810B12E
S214022B2802789A4200D170470069F8E7C81F002069
S214022B3808B515F098FEFFF7A5FE0022014B1A60AD
S214022B4808BD00BFC81F002038B50F4C05462146F1
S214022B58204610F05DFF4FF48270A8470B4B0146E3
S214022B6818604FF48272204610F057FF4FF48270B6
S214022B78A847074B014618604FF482722046BDE804
S214022B88384010F04ABF00BFBCE60300D01F002042
S214022B98CC1F0020084A136833B94178036141F014
S214022BA80101417010607047197802789142FAD094
S214022BB803F110021B69EFE7C81F002010B5044690
S214022BC818F074FC28B9034B22681C60024B1B6879
S214022BD81A6010BDC41F0020D01F00202DE9F84F30
S214022BE8046898464FEA042A0AF4E06AC4F30723FC
S214022BF84AEA030A0AEB0209B9F5807F83460F46BA
S214022C08154603D91D263046BDE8F88F18F04EFC47
S214022C1806460028F7D1124B24F47F44C3F800B0C6
S214022C2824F0C7040F4B44EA19244FEA09291B6803
S214022C381FFA89F944EA090443F8044B53442A461E
S214022C48414618461AF00BF8012F04D1FF2DD9D8A1
S214022C5800F8015CD7E7022F08BF20F8025CD2E72B
S214022C68C41F0020D01F002008B5074B1A68074B60
S214022C7852F8040B1968064B49681B689847054BB7
S214022C881B68988808BD00BFD01F0020C41F0020FC
S214022C98B4290020CC1F00200022024B1A6018F02C
S214022CA80DBC00BFC41F0020054B186808B1C368D6
S214022CB81BB1003818BF012070470069F6E700BF4D
S214022CC8C81F002010B5034C23681860FDF732FBB6
S214022CD8206810BDCC1F0020F8B504460D460146F4
S214022CE80020174615F0C0FD0022184B184E1B6828
S214022CF820461C6033681A705A709A70DA7015F09B
S214022D088DFD18B165B94368220E2BB90F250DE063
S214022D185979914204D008331D68002DF8D1F5E799
S214022D283846A84733681B684BB9012524F47F4008
S214022D3820F0C70040F40070FFF7C4FF85803268B1
S214022D48012052F8041B15F08FFDF8BDD01F002095
S214022D58CC1F002070B504460D461B4A13686BB399
S214022D6893F87D10586811F0040129D110608C225E
S214022D78184693F8706019F042FF034680F87060B0
S214022D882268C0F85A20A288A0F85E20A27980F8A5
S214022D9860202868D864AA79A98883F85220FF2276
S214022DA883F8752083F8762040F6FF72A3F86E2023
S214022DB8064AA3F85010116813605960184670BD89
S214022DC81A1D0346CBE700BFD81F0020D41F0020D9
S214022DD8054A0346106800B97047B0F86E209A4252
S214022DE8FAD04068F7E700BFD41F0020054A03461A
S214022DF8106800B9704790F870209A42FAD0406876
S214022E08F7E700BFD41F002010B9024B18687047B6
S214022E1840687047D41F00200023114A2DE9F0416C
S214022E288C2113608046024601200FF039F80446CA
S214022E3820B905460B4E3060A84502D82046BDE8A4
S214022E48F08101200FF092F807468C220021013506
S214022E5819F0D5FE87F8705037603E1DECE700BFC4
S214022E68D41F0020D81F0020012310B58B4090F8ED
S214022E787110044621EA030149B280F8711000294C
S214022E8849D115F0A3FC204617F0B2FE102104F132
S214022E9818001AF0C7FD2046FEF748FF04F138006E
S214022EA81AF0AEFA204617F00BFE214A13681BB139
S214022EB89C42596830D11160A36859050BD51A058A
S214022EC809D443F40063A18994F87000A36004F15E
S214022ED87802FFF797FB0023204663601AF0B1F9E1
S214022EE815F0F3FD4FF48072B2FBF0F2424394F809
S214022EF870300344B3FBF2F102FB1133DBB2591E06
S214022F08C9B2FD29F5D884F8703000236360094BEE
S214022F181A6852B91C6010BD1A465B68002BCBD0E3
S214022F289C42F9D163685360C6E7131D5268F0E7FE
S214022F38D41F0020D81F002010B5084C206830B9CE
S214022F48BDE81040064B186001200EF0EDBF43683E
S214022F5890F871102360FFF787FFEFE7D41F002071
S214022F68D81F002090F8743003F00B03013BDBB245
S214022F780A2B9ABF014AD05C00207047CAE60300B3
S214022F881FB5014690F870308DF80430FFF7EAFF57
S214022F98B1F862308DF80C00ADF80630B1F864303E
S214022FA801AAADF80A30B1F866300748ADF808301D
S214022FB8B1F86C3040F20311ADF80E301AF055F93C
S214022FC805B05DF804FB00BF841F002007B590F823
S214022FD870308DF8051001AA40F2072103488DF8D3
S214022FE804301AF042F903B05DF804FB841F00208F
S214022FF838B50A4B04461B680D462BB143699B0736
S21402300802D516F02EFA30B12A4620680421BDE809
S214023018384017F003BDA3699D6138BDDC1F002048
S214023028014B1860704700BFDC1F0020024B18686F
S214023038003818BF01207047DC1F002013B504466D
S214023048019120B901A81AF0DBF9212012E00846FE
S2140230580029FAD01AF059FA80B20028F2D0094BA1
S21402306820461B6801994BB1984728B92046019912
S214023078FEF738F802B010BD0020FBE716F00DFF89
S214023088F3E700BFDC1F0020436A70B55904044604
S21402309816D4154A03F4004392F82B20012A10D1BD
S2140230A8826A92040DD4002B00F101010CBF532052
S2140230B8142014F078FE18B9636A43F008036362B2
S2140230C870BD002BFCD1094D661C29463046FDF71B
S2140230D8C7FF0028F4D12B68C4F80130AB88A4F8DF
S2140230E80530AB79E371E7E70C1F00201B1F0020B1
S2140230F82DE9F041244E86F82A00002841D000EB3C
S214023108C000C1000023012204200EF0C9FE0546B5
S21402311858B904200EF02AFF4FF048082F463060B0
S21402312896F82A30AB4203DC00252846BDE8F08133
S2140231383468002108FB05441422A76104F1340010
S21402314819F05DFDA0224FF4A073C4E907230723F4
S21402315804F1100084F83130E773E7711AF050F979
S21402316804F114001AF04CF9204615F01DFE40F240
S2140231780113E3857F23A76284F83230676201353C
S214023188CEE73060D0E700BF0C1F0020084A03468F
S21402319892F82A10814209D9106840B103EBC3039A
S2140231A800EBC300406A00F0010070470020704739
S2140231B80C1F002038B504460D46FFF7E7FF034606
S2140231C840B10020044B04EBC4041B6803EBC403A1
S2140231D82B6038BD2120FBE70C1F00202DE9F04F9D
S2140231E80446344A93B0106851680FAB03C390681C
S2140231F812AA1860E37B94F82E7002EB430333F8A6
S2140232080C1C636A94F82F60DA0444D40126374605
S21402321841F0100194F80E80C3F340495B0348BF9F
S21402322849F002098BB288F00808012F94F800A02A
S21402323894F831500B9304F1080BD4E90723C8F32A
S214023248C00894F9324005D0022F03D0042F14BFC9
S21402325800270327012E05D0022E03D0042E14BF02
S214023268002603265046CDE90C2315F041FEDDE97B
S2140232780C230121CDE90760CDE900515046CDE97E
S2140232880547CDE903B90B99CDF8088001F014FA81
S21402329813B0BDE8F08FA26A950648BF41F0200138
S2140232A8500648BF41F04001DA0348BF41F0040126
S2140232B8B0E700BFD6E6030037B5044648B104783F
S2140232C82046FFF763FF10B9002003B030BD013473
S2140232D8E4B2074D95F82A30A342F5D9204601A94B
S2140232E8FFF768FF08B90198EFE70134E4B2F1E79F
S2140232F80C1F0020014B93F82A0070470C1F002071
S2140233082DE9F04F054600F1100A87B0504605F140
S214023318140B0C4617461AF073F858461AF070F84B
S21402332800201AF031FA0646002800F00381012F21
S21402333840F2726818BF4FF01F08012C60D0022CAA
S2140233480CBF062404240221304615F037FD01215D
S214023358304615F033FD2146304615F02FFD30462F
S2140233681AF0D3F8012384B2A8EB04010A220093C8
S21402337889B242F60723304615F070FD042304444A
S214023388A4B2A8EB04010093122242F604233046A4
S21402339889B215F063FD0719BFB2A8EB0709B9F1A0
S2140233A8010F04962EDC0024644F97F82B30002B6E
S2140233B800F0A08050461AF023F86B6A2E6143F09C
S2140233C880026A62DB0400F1A78097F82B000028C7
S2140233D840F0A2801AF0D8F90590002800F09C80E8
S2140233E8414615F0F6FC002800F0A0805846059CD9
S2140233F81AF006F86B6A6C6143F480736B628BE0B2
S2140234080524A0E700201AF0BFF905900028CAD0C4
S214023418022100F0ADFFA8F10204E41BA4B2844224
S214023428074611D224F001018BB2411A05A803936C
S2140234381AF00DF9039B1F4602233FB90598E0B917
S21402344805A819F0DDFFAEE70323F6E7791C049812
S214023458C9B2039315F0B2FC039B0498194615F0FB
S214023468ADFC059904A81AF06BF900201AF08CF93D
S2140234780590002832D0E41BA4B2022C38BF0224DE
S214023488A31E9BB20F2B30D91021039300F070FFB6
S214023498039B044683421ED223F00F018BB2411AC5
S2140234A805A803931AF0D3F8039B1C460623611C4F
S2140234B80498C9B2039315F081FC039B0498194635
S2140234C815F07CFC059904A81AF03AF9BB1C1C44B2
S2140234D8A4B23FB968E740B10723E8E705A819F0A0
S2140234E88FFF3C460234A4B25EE705A819F088FFAF
S2140234F83C46EEE7A9EB040189B2304615F069FCB2
S2140235080446504619F07CFF6B6A2E6143F080022F
S2140235186A62002C3FF456AF686A10F010000AD0B0
S214023528284607B0BDE8F04F15F01DBD05A819F0EE
S21402353867FFF1E71A2007B0BDE8F08F0C1F0020DE
S214023548F7B50E4601A915461F46FFF733FEF0B932
S214023558019C626A93050AD40F4BA6F12001994290
S21402356817D8A5F12001994213D8AE4211D8E369BB
S214023578B34202D1236AAB4204D0C4E9076542F0DB
S214023588020262629DF82030A78584F8303003B0C4
S214023598F0BD2120FBE700BFDFFFFF00002370B568
S2140235A81349054691F82A4008689C4201DC1A200D
S2140235B819E0426AD60717D490F83960760713D40A
S2140235C8DCB2034603F8014BD1F80F10094EC0F8D7
S2140235D80110B18842F009029980B1799971426264
S2140235E8FFF7FCFD2C7070BD01334830DDE700BFE5
S2140235F80C1F00201B1F00208378F7B5122B0E46DF
S21402360844D10B689A790C321344DD781F790DB1D0
S21402361845F48055384601A9FFF7CCFD00BB019C4E
S214023628636A23F01003636205BB40F20323A069B2
S214023638A56180F87670A0F87230D4F80130144983
S214023648C0F85A30B4F80530A0F85E30E37980F84E
S214023658603000F009F9222229460D4819F0CFFAFF
S214023668304603B0BDE8F04019F0CABE204615F051
S2140236789BFB636A5A0603D523F040036362EFE7AF
S214023688384604F13401FEF73DFCE9E703B0F0BD25
S2140236983A1F002073B5144D144C6A68236802F06A
S2140236A8800103F002030B431BD053064CBF0126CE
S2140236B8A67AFDF76FFC0196837983F00803C3F3B5
S2140236C8C0030093E388A288217A607A00F0B0FFEC
S2140236D840B9236823F0020323606B6823F0800353
S2140236E86B60002002B070BD0C1F0020E01F002097
S2140236F801210020054BA3F10802C3E9000043F8A4
S214023708081C4FF01013517253607047E81F0020D0
S214023718014B187B704700BFE01F0020024BD87A87
S214023728003818BF01207047E01F002070B5224EEF
S214023738716811F002013AD1204D2B68580706D558
S214023748084600F09BFF2B6823F004032B602B68C7
S214023758726803F0080302F00402134310D0FDF760
S21402376819FC83791A071FD5FEF73EFA0446C8B92C
S2140237782B6823F008032B60736823F00403736036
S214023788FFF788FF044668B9EB7A5BB12B685B07DC
S21402379808D40121084600F071FF50B92B6843F09F
S2140237A804032B60204670BDFEF702FADEE71124FA
S2140237B8F8E70446F6E700BF0C1F0020E01F0020CB
S2140237C8032805D10A4A136843F00803136008E081
S2140237D8012808D1064BDA7A42B11A6842F0080282
S2140237E81A60FFF7A3BF10F0FD0FEBD0002070475A
S2140237F8E01F00200020094B10B55862FFF704FBB3
S21402380804461CB9BDE81040FFF796BB204641F2B5
S214023818160115F047FD6468F3E700BF0C1F002089
S214023828A0F11B03E02B10B5044618D8042142F277
S214023838240014F0ECFE6FF06F0343714223A0F8E5
S214023848034083710748F7F7E9FB14F024FF407931
S21402385820B114F020FF407940F4805010BD21209A
S214023868FCE700BF3366030037B504460D4615F07D
S21402387840FD6988204615F01DF96A7E2B7E204693
S21402388843EA0223A4F862306A7F2B7F43EA0223C4
S214023898A4F86430EA7EAB7E43EA0223A4F86630D4
S2140238A81B23A4F86C302D4BDA8B1B8CA4F86820EB
S2140238B8A4F86A30022384F8723014F086FF204691
S2140238C817F071F994F87330022B15D101F028F924
S2140238D870B194F9753001330AD105212046A368E0
S2140238E843F48053A36003B0BDE8304015F061BDD1
S2140238F80021204615F0E1F80021204600F006FADD
S2140239084FF6FF73288C984225D000F0A5F900944C
S21402391800F090F96A46ADF8040040F20621104815
S21402392819F0A3FC002240F20221204619F055FCA9
S2140239382046FFF725FB204617F041F9204600F0FF
S2140239484BFEA368012123F480432046A36015F0AA
S21402395838FD03B030BD0020D9E700BF0C1F002099
S214023968841F002007B590F870304FF4887101AABA
S21402397803488DF8043019F078FC03B05DF804FBB0
S214023988841F00202DE9FF4103780446302B0E469B
S21402399839D006D8052B25D0082B41D004B0BDE86F
S2140239A8F0813E2BFAD183780C2B4BD8022BF5D913
S2140239B8033B092BF2D801A252F823F05D3A020023
S2140239C8C13B0200A5390200A5390200593B020094
S2140239D8A5390200A5390200A5390200A539020058
S2140239E8AD3B0200B0F80300FFF7F2F928B161799F
S2140239F809B141F4805115F055FC304604B0BDE8D3
S214023A08F04119F0FDBCB0F80300FFF7E1F9002811
S214023A18F3D0A17809B141F4805115F09CFCECE78B
S214023A28B0F80300FFF7D4F90028E6D0627990F8D8
S214023A38743022B143F0010380F87430E9E703F0EA
S214023A48FE03F9E7212B00F0CC80292B1FD0202B70
S214023A58D3D0A3E78088FFF7BBF90028CDD0E27859
S214023A68002ACAD1E179A27942EA0122A0F86220A4
S214023A78E17AA27A42EA0122A0F86420227A617ADE
S214023A8842EA0122A0F86620FFF77AFAB5E7C77875
S214023A98851C3C2F02D115F0E9FBAEE790F80680AC
S214023AA8B8F1000F23D15F4A546AC2F82480CFB116
S214023AB82946204647F4805715F01BFCE76084F831
S214023AC8728040F20121204601AACDE9014719F089
S214023AD8CCFBA368414643F480632046A360FFF705
S214023AE8C3F98AE729462046FFF7BEFE85E74FF662
S214023AF8FF73408C984220D000F0AEF8E8B101A8D7
S214023B08E27904F10801FDF789FA01A815F044FCE8
S214023B1828B140F203222946A0F87220E4E70321DE
S214023B2840F2064014F073FDA388A0F803300D2374
S214023B3843713D48F7F772FA5FE73C4B223455F873
S214023B48042BA54243F8042BF9D12A881A8054E795
S214023B58B0F80300FFF73CF900283FF44EAF40F2F6
S214023B680911B4F8053090F87020A0F86C308DF87A
S214023B780420ADF80630227AE37943EA0223ADF848
S214023B880830A27A637A43EA0223ADF80A30227B27
S214023B98E37A43EA0223ADF80C3001AA244819F066
S214023BA864FB2AE78088FFF713F900283FF425AF5D
S214023BB8A179FFF70BFA20E78088FFF709F90028B2
S214023BC83FF41BAF90F870300E218DF80430D4F80D
S214023BD8063001AACDF80530D4F80A30CDF80930F7
S214023BE8DCE78088FFF7F4F800283FF406AF90F881
S214023BF870304FF403718DF80430E37801AA8DF81B
S214023C080530A3798DF80630E3798DF80730237AE4
S214023C188DF80830637A8DF80930A37A8DF80A3061
S214023C28BCE700BF0C1F0020176503003A1F0020E0
S214023C38841F002050B10C22064B1B68C31AB3FB24
S214023C48F2F3807A40EA032080B270474FF6FF709C
S214023C58704700BFB8290020024609490B7A09684E
S214023C68FF2B01D10020704703EB430301EB8300CF
S214023C7831F82330C3F30B039342F4D0C37AEFE749
S214023C88B8290020044908B508460FF0C1FEF722F5
S214023C98024B1A8008BD00BFE2E60300F22A0020A3
S214023CA810B5044670B30068836CA34222D16368D9
S214023CB883642246144919F0A0FA04F10C0019F09C
S214023CC8C0FA04F1440019F09BFBFFF7AFF958B1AC
S214023CD8A06948B1143019F093FBA069183019F09E
S214023CE88FFBA06919F0D7FE2046BDE8104019F0F0
S214023CF8D2BE1346002BDCD05A68A242F9D16268BB
S214023D085A60D6E710BD00BFFB94030070B505469F
S214023D1848200E4619F0BDFE0446014648222648AB
S214023D280FF07BFE84B1FFF781F990B11C2019F0E1
S214023D38B0FE1C220146A0611F480FF06EFEA36962
S214023D482BB9204619F0A7FE0024204670BD002293
S214023D581A700321284614F0B0FEAB6C2246636044
S214023D68AC641723268100266381144928462560F9
S214023D78267766640DF0FCFF04F0A0FB3246014687
S214023D8804F10C000DF0F4FF02232374FFF74EF93A
S214023D980028DAD00A4B19881729D6D9204614F0F3
S214023DA81BFF0028D1D11221204615F067FB636954
S214023DB843F002036361C8E7E2E60300FB940300EC
S214023DC8F22A0020F8B5054610B3002920DB114C6C
S214023DD82468247E8C421BDD3F2919DC032701F068
S214023DE8030600EBA10191F831407600B74002F0D5
S214023DF8030224EA0704B240224381F8312013B1B1
S214023E08002115F0F5FB2846BDE8F84015F04DBC34
S214023E18F8BD00BFF81F002070B5164600221A70BB
S214023E2832800A7A0D46072A4DD8DFE802F00409DE
S214023E380D111A1E304AE86830F8023B338043E018
S214023E48EB68981D5B88F9E7EB68981D9B88F5E791
S214023E58697B15F01AFC02221C4B18801846328021
S214023E6832E002231A4833802EE01A4C2B7BE8896C
S214023E7823702B88E11C013363702B8801331B12D5
S214023E88A37000F0DBF90330308020461CE0124CA9
S214023E98A889EB89020AA3701B0A20706270E37075
S214023EA800F040FA58B1C3681A88022A07D19A78ED
S214023EB82271DB78637106230748338004E0042303
S214023EC8FAE780221A70002070BD00BFE92600209B
S214023ED8F2E60300D6260020D0260020054A064B26
S214023EE81860136843F001031360828B034B1A8031
S214023EF8704700BFF01F0020F81F00206025002032
S214023F0800232DE9F04FDFF8C09191B0D9F8007080
S214023F18054617F00807CDE90633CDE908330AD077
S214023F28664B03F1100253F8041B934245F8041B30
S214023F38F9D1002011E00320F1F756FC19F0A9FD8B
S214023F48804648B10620F1F74FFC19F0A2FD064656
S214023F5830B9404619F09FFD1A2011B0BDE8F08F1F
S214023F68CDE90477F4F742FF044668B1404619F0F3
S214023F7892FD304619F08FFD40F20740214600F0C8
S214023F8873FE40F20740E8E74FF4A0524C4BC6E9EE
S214023F980323F369002B42D14FF410533380802356
S214023FA810227380304604AB06A910F021FA0446A4
S214023FB8A0B94046424A049910F0F8FA044668B98D
S214023FC88346404BBAB21B68D98891422FD8102232
S214023FD82946404605AB10F007FB0446404610F05B
S214023FE86FFA404619F057FD304610F05FFC30462F
S214023FF819F051FD049810F0FCF8002CBCD12F4B98
S21402400805F1100255F8041B954243F8041BF9D132
S214024018D9F8003043F00803C9F8003089E73B4670
S2140240283A464FF41051304610F04CFCB7E71A687F
S214024038BCB2210102EB04142046ADF80EB0019181
S214024048009215F015FF8246204600F03FF930B37D
S214024058DDE90021AAF5205080B2032802D9BAF574
S214024068245F1ED1525A00202146ADF828200DF1B1
S2140240780D030DF10E02ADF82AA0FFF7CDFEBDF82E
S2140240880E2001460BA818F0EAFDBDF80E204046A1
S21402409804320AA910F08DFA044600289ED1013788
S2140240A88FE70AF55640FF3080B20428F7D8525AEE
S2140240B8ADF82AA0ADF82820E7E700BFEB260020D7
S2140240C80002C003F81F0020F01F0020134B014611
S2140240D81B6870B513F0040306D00022104B1C6848
S2140240E8E38990B2834209D80E4A14680022E58909
S2140240F890B2854209D84FF6FF7005E0A56835F8F4
S214024108125001328D42ECD170BDA66836F81260A4
S21402411801328E42ECD1034498B2F5E7F01F002034
S214024128F41F0020F81F0020094B1B685B070AD5FE
S214024138084B1A68D389834203D9936833F8100068
S2140241487047C01A80B2044B1B689B68F6E700BF2C
S214024158F01F0020F41F0020F81F002038B504685E
S21402416805460C222046084918F01FFD50B90222BF
S214024178064904F10E0018F018FD18B902200C348E
S2140241882C6038BD1020FCE7F5E6030003E70300C1
S2140241982DE9F743102801910BD0022804D04FF6D8
S2140241A8FF7003B0BDE8F083019B1888FFF78EFF07
S2140241B8F7E701A8FFF7D2FF0228F5D01028EED1BC
S2140241C81B4B019F1E6816F0040608D00024194BE4
S2140241D8D3F80080B8F81660A5B2AE421AD8002501
S2140241E8154BD3F80080B8F81690ACB24C45D6D228
S2140241F8D8F81000102200EB0510394618F0D5FC46
S21402420801350028F1D1A0196FEA40406FEA504004
S21402421880B2C6E7D8F81000102200EB0410394620
S21402422818F0C3FC01340028D6D145F40040B8E79C
S214024238F01F0020F41F0020F81F0020020408B513
S2140242481DD5124BC0F30E001B685B0713D5104B27
S2140242581A68D38A98420CD2136903EB001000F14D
S214024268100350F8042B984241F8042BF9D1102079
S21402427808BDC01A80B2074B1B681B69EDE7FFF73B
S21402428853FF0870000A48700220F1E7F01F00206A
S214024298F41F0020F81F002070B5044642F60306F5
S2140242A8094B1B681D68A5420AD2204629B915F093
S2140242B8DFFDB04206D1103402E015F0E3FD08B186
S2140242C8204670BD103CEEE7F81F0020437ADA0756
S2140242D802D5C3F380007047034BC2881B881A4274
S2140242E814BF012000207047602500200A4B1B6877
S2140242F8DB0708D570B1094B1B68DB88834234BFDD
S21402430800200120704728B1054B1B88834294BFC2
S21402431800200120704700BFF01F0020F81F002071
S2140243286225002070B50246FFF7E0FFE8B10F4BA2
S2140243381968CD88954209D302F180500B68013876
S214024348040103EB00101B5B93420ED0002398B2C5
S214024358854201D8002008E00E681C01345B06EB93
S2140243680310944203F10103F1D170BDF81F002037
S2140243782DE9F34100250E46A846174F01903A68E4
S214024388ABB2D18899421DD91468ABB204EB0314B8
S214024398B4F90430002B1CDA2046FFF797FFC0B1A9
S2140243A8E1680B889E4214D132460198023119F010
S2140243B8E9FAE36882B21B88934207D0114601A83D
S2140243C819F045F9404602B0BDE8F08143441FFAA9
S2140243D883F80135D3E700BFF81F002038B5124B23
S2140243E804461B8842898B4228BF0B46172BB8BF48
S2140243F817231146438115F016F8636923F0020362
S2140244086361A3699D693DB10022294620469A61E7
S214024418BDE83840FEF7ECBD40F20941204615F0EB
S2140244282AF8A3691D7038BDF22A00200148FEF753
S214024438F7BD00BFCD84020008B5002142F20E0087
S21402444814F0E5F8BDE808400148F6F7E7BD00BFF6
S2140244580366030038B590F872300446032B1546F7
S21402446806D1FFF7E9FF0123002084F8723019E02D
S214024478C9B9012B2DD9032140F2064014F0C7F81A
S214024488B4F86E304571A0F803301348F6F7C6FD47
S21402449814F001F98378002BE5D014F0FCF8807844
S2140244A840F4805038BDA3B102214FF6044014F000
S2140244B8AEF8B4F86E30A0F803300848F6F7AEFD4A
S2140244C814F0E9F84379002BCDD014F0E4F84079DB
S2140244D8E6E70220E6E700BF176503004D6503001E
S2140244E8F8B507460E4642F213000E2115461C463C
S2140244F814F08DF8B7F86E30A0F80560A0F803300F
S214024508BDF81830A0F80750A0F80B30BDF81C30DC
S214024518A0F80940A0F80D30BDF82030A0F80F30FA
S2140245280648F6F77BFD14F0B6F8807820B114F04A
S214024538B2F8807840F48050F8BD00BF8F6503005B
S214024548F8B507460D4642F219001C211C461646C7
S21402455814F05DF8B7F86E300F3020F80C3C2B6874
S21402456804F1100240F80A3C6B6820F8026C40F826
S214024578063C234653F8041B934240F8041BF9D121
S2140245880648F6F74BFD14F086F8807820B114F04A
S21402459882F8807840F48050F8BD00BF3F6403007C
S2140245A870B506460D4642F27A000421144614F007
S2140245B82EF8A0F80360457184710648F6F72EFDBA
S2140245C814F069F8407920B114F065F8407940F49F
S2140245D8805070BD8F69030010B50446022142F26E
S2140245E8300014F014F8B4F86E30A0F803300F4810
S2140245F8F6F714FD14F04FF8437963B914F04BF844
S214024608C088FEF7E5FB044628B114F044F8017AA0
S2140246182046FEF7DBFC14F03EF8407920B114F091
S2140246283AF8407940F4805010BD00BFE5B3010067
S214024638F8B507460E4642F24100082115461C46C2
S21402464813F0E5FF9DF818304771C3709DF81C30CB
S21402465886710371A0F80750A0F809400648F6F7D5
S214024668DDFC14F018F8407920B114F014F84079FB
S21402467840F48050F8BD00BF8DB0010038B505463D
S2140246880C4642F24200062113F0C1FF0023C57011
S21402469843718371C371037204710648F6F7BEFC50
S2140246A813F0F9FF407920B113F0F5FF407940F492
S2140246B8805038BDEDB001002DE9F041154606469A
S2140246C80F4642F2360019211C46DDF8248013F004
S2140246D89EFF2B0AC371230A83729DF818308571D0
S2140246E803739DF81C30447243739DF820302D0CDA
S2140246F8240CC67087800572C4728373D8F800309B
S214024708C0F80F30B8F804308676A0F813309DF853
S214024718283043759DF92C3083759DF83030C37563
S214024728002303769DF8343043769DF83830C376F6
S2140247380648F6F773FC13F0AEFF407920B113F083
S214024748AAFF407940F48050BDE8F0818DB101009F
S21402475838B505460C464FF61940052113F057FFA3
S214024768C57044600648F6F759FC13F094FF407982
S21402477820B113F090FF407940F4805038BD00BF56
S214024788A961030038B505460C464FF61A400521BE
S21402479813F03DFFC57044600648F6F73FFC13F079
S2140247A87AFF407920B113F076FF407940F48050C2
S2140247B838BD00BFD961030070B50D460646012113
S2140247C8DAB1FFF7C5FF0446A8B9072142F2350059
S2140247D813F01DFFC6702B684360AB880381084838
S2140247E8F6F71CFC13F057FF437923B113F053FF77
S2140247F8447944F48054204670BDFFF7C3FFE2E7CD
S214024808AB6303000A4610B50421044642F2370099
S21402481813F012FF032303710023C47043718371DC
S2140248280648F6F7FBFB13F036FF407920B113F083
S21402483832FF407940F4805010BD00BF9F620300EB
S2140248480A4610B50421044642F2380013F0F4FE74
S214024858032303710023C470437183710648F6F775
S214024868DDFB13F018FF407920B113F014FF4079EE
S21402487840F4805010BD00BFEB620300F8B5064650
S2140248880F4642F23900062114461D4613F0BFFEB3
S21402489801238471240A0371C7704671C4710572B4
S2140248A80648F6F7BBFB13F0F6FE407920B113F084
S2140248B8F2FE407940F48050F8BD00BF376303002B
S2140248C80148FDF7C3B800BFD54802002DE9F04FEE
S2140248D8867987B00C3605900546805BC0F30B00D8
S2140248E8FEF776FA044618B905A818F089FD4EE0D0
S2140248F890F87230022BF7D1AB5B059AC3F30B0123
S21402490803F44053B3F5805F9060A95342D15379BC
S2140249186FF300035371836B002BE5D0042105A8BF
S21402492804F1380618F06CFE3046059918F04FFE6A
S214024938A06B002301465A1CA9BBDBB2012B01D986
S21402494818F0B6FEA06B18F0E0FD03281FD9D4F8BD
S2140249583890484699F8067018F0D7FD0C3709EBD8
S214024968070539F80770A0F10408474522D9524FBF
S214024978D4F838A007F1100957F804BB5346424644
S21402498829462046D8474F4510D00028F4D007B00D
S214024998BDE8F08F383018F033FD059A537943F0A6
S2140249A801035371BAE713460968C4E70028EED133
S2140249B830469AE7A06B18F0A8FD04378742F7D36B
S2140249C86988A1F140033F2B0BD80421304618F022
S2140249D817FE2046A26B698816F06AF80023A363BE
S2140249E8D5E705290BD0062961D00429E0D130463F
S2140249F818F006FEA16BA06CFEF720FBEEE7294630
S214024A08204616F053F802460028D1D12B79122BED
S214024A1806D0132B36D02046697916F01FF8C7E75A
S214024A2894F87330022BF6D040F67A4029898B1F09
S214024A389BB2834224D86A89931F9BB283421FD8AB
S214024A4891421DD8AB89B3F5FA7F19D240F6764C57
S214024A58EF89A7F10A0080B2604511D8B4F86A0057
S214024A680290B4F86800CDE900702046FFF738FDDA
S214024A78021E18BF01222046697915F0ABFF97E798
S214024A880122F8E794F87330012B03D1204669799E
S214024A9815F0E4FFA3681A048AD523F40043A3603A
S214024AA82B89012B84D12046FEF75CFF80E720463F
S214024AB8A16B16F076F891E708E703000C4B01465F
S214024AC81A789AB95B689B0710D490F97520013258
S214024AD818BF012291F8523013F0400005D091F821
S214024AE8600010F0400018BFD0B270470122F1E70C
S214024AF8FC1F0020024B586800F00200704700BFF7
S214024B08FC1F0020024B586800F00800704700BFE0
S214024B18FC1F0020014B1B68184700BFC429002051
S214024B2808B513F0E6F8022817BF034B00205868AA
S214024B3800F0100008BD00BFFC1F002007B50246A3
S214024B480846042802F0010113D9B1B903200C4B18
S214024B585A6002F08003019302F04003009302F0C9
S214024B68200302F0040200F087FB002003B05DF881
S214024B7804FB0029EBD00328E9D12120F6E700BF81
S214024B88FC1F002038B50D490D480DF0E3FB04461E
S214024B98054688B90B4B0C4A1A600C4A5A600C4AEE
S214024BA89A600C4ADA6000F0A5FB03210446284600
S214024BB8FFF7C4FF084B1D70204638BDEFBEADDEBA
S214024BC8BEBAFECAC42900207552020027AF0300E7
S214024BD8C1520200915D0200FC1F002038B504464F
S214024BE803200DF097FB0546D0B194F87030037099
S214024BF894F8753043702046FEF7B4F92A46A87032
S214024C0840F20261074818F0E8FA074B2046DB68CC
S214024C180121984794F97500BDE83840FBF746BE6F
S214024C2838BD00BF841F0020C429002070B5054681
S214024C3808200E460DF06EFB044680B195F87030DB
S214024C4800210370064B4660DB68284698472246D2
S214024C58BDE8704040F20161024818F0BEBA70BD65
S214024C68C4290020841F002038B5054608200C46B3
S214024C780DF050FB024638B1C0E90054BDE8384092
S214024C880D21024818F0A9BA38BD00BF841F0020BB
S214024C9838B5054608200C460DF03CFB024650B1D6
S214024CA895F8703040F20561037044600248BDE82A
S214024CB8384018F092BA38BD841F002013B504464F
S214024CC80191114612B301A904200DF053FB019B72
S214024CD8104A2046B3FBF2F102FB113345F21802E2
S214024CE80021019301AB16F079F808200DF012FBAB
S214024CF8024648B194F8703040F204610370019B92
S214024D084360054818F069FA02B010BD45F2180269
S214024D1801ABE8E740420F00841F002010B50446A6
S214024D2801200DF0F7FA024648B194F8703040F2C6
S214024D3803610370BDE81040014818F04EBA10BD72
S214024D48841F002038B5054608200C460DF0E2FA06
S214024D58024650B195F8703040F20761037044601D
S214024D680248BDE8384018F038BA38BD841F00201B
S214024D78014B5B68184700BFC429002010B50446DB
S214024D88006C30B94FF4B07018F083FE206420B976
S214024D9810BD4FF4B07118F045FEFF23226C82F85E
S214024DA85E31A3681B0603D5054B01201360EFE7A7
S214024DB894F87300034B0449012808BF0B46F4E72E
S214024DC8D9B30300816202001D5E020010B50F4CC3
S214024DD82368D3B10022D3F8A0001A7783F83D20BF
S214024DE883F85E200FF005FA20684421603018F038
S214024DF819FE206821211D3018F014FE2068212192
S214024E08BDE810403E3018F00DBE10BD042000204C
S214024E18036C53B983681B0609D490F87320054BB4
S214024E280548012A08BF184670471868704703489D
S214024E38704700BF1D5E020081620200D9B30300FC
S214024E482DE9F0438BB006AC88461546034626463F
S214024E5800F11007224618685968083303C2BB4295
S214024E681446F7D11021304618F0CEFD002306204E
S214024E780593F0F7B9FC18F00CFE044648B3DFF8C1
S214024E8880904FF4807115F0DEFE4FF41051C0F892
S214024E98109015F0AEFF80231027638005AB2846D6
S214024EA8029332463B464946CDE90087F3F7D8FED9
S214024EB80546F0B93946404618F0A6FD394630464A
S214024EC818F0B0FD20460FF0F1FC204618F0E3FD7E
S214024ED80BE06FF08C0140F20740FFF7C5FE102189
S214024EE8304618F09FFD6FF08C0528460BB0BDE8DB
S214024EF8F083014640F20740FFF7B6FEDEE700BF42
S214024F080044400470B50E460446154692B0202268
S214024F183046434917F049FE68B9202228464149D7
S214024F2817F043FE38B9404B1B681B7D002B63D035
S214024F3840F203401BE0246C2022304604F1540160
S214024F4817F033FE38B92022284604F1740117F008
S214024F582CFE0028ECD00620F0F746FC18F099FD47
S214024F68044630B901461A20FFF77EFE1A2012B010
S214024F7870BD00234FF48041009315F064FE2B4B5E
S214024F8844F21211036115F034FF4FF48073638004
S214024F98042330468DF8043006F120020DF105038D
S214024FA850F8041B904243F8041BF9D10DF1050092
S214024FB8202118F029FD28460DF1250305F12002C7
S214024FC850F8041B904243F8041BF9D120210DF136
S214024FD8250018F019FD01A96B46412220460FF05C
S214024FE807FA014650B920460FF060FC204618F032
S214024FF852FD00980FF0FDF80020B8E710F1870F71
S21402500803D040F20740FFF72FFE20460FF04EFC73
S214025018204618F040FD00980FF0EBF888E700BF2E
S214025028CDE70300ADE703000420002000000209D4
S2140250382DE9F0439846002387B0044606200E461C
S2140250481746CDE90433F0F7CFFB18F022FD0546E4
S21402505860B3DFF884904FF4805115F0F4FD4FF4F6
S2140250681051C0F8109015F0C4FE802321466B80BC
S2140250781022284604AB0FF0BBF9044628BB05AB42
S214025088029310233246CDE9008349463B460498EC
S2140250980FF0DBFA0446C0B904980FF0AAF82846BF
S2140250A80FF004FC284618F0F6FC0AE06FF08C01B4
S2140250B840F20740FFF7D8FD04980FF09AF86FF011
S2140250C88C04204607B0BDE8F083214640F207402C
S2140250D8FFF7CAFDE0E700BF0002C0032DE9FF4163
S2140250E8044606208846F0F77FFB18F0D2FC0546F1
S2140250F848B901461A20FFF7B7FD6FF08C04204620
S21402510804B0BDE8F0814FF4807115F09CFD184B91
S2140251184FF41051036115F06CFE22466C4680234C
S21402512827466B8002F1100326461068516808323B
S21402513803C69A423446F7D11021384618F064FC62
S21402514843461022394628460FF052F9044620B143
S214025158014640F20740FFF787FD1021384618F04F
S21402516861FC28460FF0A2FB284618F094FCC6E716
S21402517800444004FF282DE9F74318BF384C8146FF
S21402518818BF44EA00244FF006000F46164608BF2A
S214025198344CF0F729FB18F07CFC804600285AD0DD
S2140251A8014620460FF039F8054640460FF07EFBCA
S2140251B8404618F070FC15F1880F48D1B9F1FF0F78
S2140251C847D10620F0F710FB18F063FC044658B9DE
S2140251D801461A20FFF748FD002005463C6006B146
S2140251E8356003B0BDE8F08300231E4A0193436886
S2140251F88260DAB222B923F0FF0343F00103436068
S214025208EFF732FD052808BF40F20113204608BF13
S214025218636040F2011115F016FD134B4FF410515E
S214025228236115F0E6FD802301A9204663800FF06E
S2140252387BFA014618B140F20740FFF715FD2046F3
S2140252480FF034FB204618F026FC019CC4E7002D1C
S214025258C2D02120C3E71A206FF08C05BFE700BF33
S214025268068004003700040000444004014B1B6813
S214025278187A704704200020003918BF0121003B25
S21402528818BF012310B50B4C003A246818BF012238
S214025298A3749DF808302070003B18BF0123E374FE
S2140252A89DF80C302174003B18BF012362742375E5
S2140252B810BD00BF0420002001280AD002280ED004
S2140252C898B90B4B1A68936943F00103002093615F
S2140252D87047074B1A68936943F00203F6E7044BD4
S2140252E81A68936943F00403F0E72120704700BF69
S2140252F80420002010B5194C236833B9A42018F0EE
S214025308C8FB206038B91A2426E0FFF75FFDA421FF
S214025318206818F087FB03224FF0FF3123681048F5
S2140253281A70D960002210211A77197283F83D2064
S2140253380C4983F85E201A829A749A610CF018FD5A
S214025348044648B9F3F752FD30B1224605490448E7
S21402535817F053FF40F20744204610BD04200020F1
S2140253680820002083AD03002DE9F0438368044635
S214025378590687B040F1B48023F040038360FFF7F4
S21402538847FD734EB04203D0724B984240F0AB8052
S21402539894F9758004F13409B8F1FF3F1DD112F073
S2140253A8A8FC022872D0636B04201A888DF808209D
S2140253B81A4632F8021B090A8DF80910D3F8023089
S2140253C802A9CDF80A3053680A22CDF80E30FBF748
S2140253D8FBF9B0F1FF3F804658D0A56815F48075F2
S2140253E854D10620F0F700FA18F053FB074698B98E
S2140253F801461A20FFF738FC204641F20601FFF75D
S21402540815FC20460021FCF70BFC04F1340007B01B
S214025418BDE8F04315F004BD2046FFF7F9FC8642C6
S21402542828D14D4D394645EA082528460EF0F5FEA0
S214025438064638460FF03AFA16F1880F1BD1474D42
S214025448394645EA082528460EF0E7FE0646384657
S2140254580FF02CFA384618F01EFB9EB9606B2A46E7
S21402546802A90A30FFF7ECFC78B3102102A818F05C
S214025478D9FAC1E72E462046FFF7CAFC354B8342C7
S214025488E8D1DCE7314640F20740B3E794F87430D7
S214025498DA0702D4A368DB05AED5002301A904F116
S2140254A818000193FFF71AFE18B101980EF0A1FE34
S2140254B8A2E7606B019A02A90A30FFF7C1FC05460B
S2140254C801980EF096FE002DCFD1204602A9FCF7D1
S2140254D8A7FB02A8102118F0A5FA484615F0A0FC6A
S2140254E807B0BDE8F083636B1A88002A84D11C4A89
S2140254F8904203D01B4A90427FF47EAF00220133CB
S21402550813F8011F00297FF477AF0132082AF7D172
S214025518206C019100F5987001A9FFF7DFFD0028BD
S214025528C3D1606B019A02A90A30FFF789FC0546C7
S21402553801980EF05EFE002D97D1204602A9FCF7D0
S2140255486FFB02A8102118F06DFA04F13400C5E7C3
S214025558816202001D5E02000580040003800400CA
S214025568296F0200217E020038B504460D46052042
S214025578022115F07EFB0246C0B183790621034458
S2140255885D73204615F04AFA204645F49051FFF717
S2140255984DFB94F87310064B064A2046012914BFA1
S2140255A811461946BDE8384015F0F4BB38BD00BFB1
S2140255B81D5E0200816202002DE9F043804693B028
S2140255C806200F4616469946F0F70EF918F061FAC5
S2140255D8054648B901461A20FFF746FB6FF08C04C9
S2140255E8204613B0BDE8F0834FF4804115F02BFB3C
S2140255F85D4B47F21211036115F0FBFB4FF4807303
S2140256086B805A4B1A68137F022B21D102F1600372
S21402561802F1800153F8040B8B4247F8040BF9D1C8
S21402562802F1A00153F8040B8B4246F8040BF9D199
S214025638D2F8A0302846C9F800300FF037F92846C5
S21402564818F029FAB8F1000F40F086800024C7E760
S2140256589369DB072DD5464B03F1200253F8041B4A
S214025668934247F8041BF9D1424B03F1200253F840
S214025678041B934246F8041BF9D14B4620223E49A6
S21402568828460EF0B5FE044628460FF00FF92846BF
S21402569818F001FA002CD5D0214640F20740FFF751
S2140256A8E3FAB8F1000F9BD008214046FFF75CFFEB
S2140256B896E7494628460FF037F8044690B1014661
S2140256C840F20740FFF7D0FAB8F1000F03D00821DE
S2140256D84046FFF749FF28460FF0E8F8284618F034
S2140256E8DAF97DE76B46412201A9D9F800000EF0E7
S2140256F845FE044628460FF0D9F8284618F0CBF996
S2140257084CB1214640F20740FFF7AEFAD9F800003E
S2140257180EF06FFDC5E73A460DF105030DF12501BA
S21402572853F8040B8B4242F8040BF9D132460DF1BA
S214025738450153F8040B8B4242F8040BF9D101A831
S214025748412118F06FF93846202118F05DF920211A
S214025758304618F059F975E7002245F21601404618
S21402576815F02EFB72E700BF000002090420002095
S21402577818E7030039E70300EDE703002DE9F743CE
S21402578890F873700446012F056C04D195F85031D1
S214025798002B40F04F8195F85C3195F85181032B28
S2140257A800F2F180DFE803F00287AFD418F0010FA9
S2140257B87CD01121062015F05CFA8146002800F0FC
S2140257C839818679102106440D36304615F01EFBBF
S2140257D8014658B120460821FFF7C6FE002140F2CE
S2140257E8074003B0BDE8F043FFF73EBAA07CC0F11D
S2140257F81002304417F003FA12F07BFA022895F9E1
S2140258085E010BD032460521FAF772FF90B10821E5
S214025818204603B0BDE8F043FFF7A6BE3346102283
S214025828052112F068FA28B1002140F21B40FFF762
S2140258381BFAECE712F05DFA02280FD1012F0DD001
S21402584804F1180306F1100256F8041B964243F8B0
S214025858041BF9D1A36843F48073A3604A46062161
S214025868204615F0DBF80B21072015F002FA8146D0
S214025878002800F0DF80867995F95E310C360644FA
S21402588843F43F430821A6F80130F01C15F0BEFA8F
S2140258980A22042195F95E01731C12F02CFA0028DC
S2140258A8C2D14A460621204615F0B8F895F85C316A
S2140258B8013385F85C3118F0020F1FD01121082039
S2140258C815F0D7F90646002800F0B480002381793F
S2140258D801AA01440D31FF20019315F001FB40B1E6
S2140258E808212046FFF740FE40F207400199FFF7DD
S2140258F8BBF932460621204615F090F895F85C3139
S214025908013385F85C3118F0020F1CD008210920F3
S21402591815F0AFF98146002800F08C8086790C369F
S2140259280644FBF733FB83794A4683F00803C3F33E
S214025938C003737003680621C6F8023083882046BF
S214025948F38015F06BF895F85C31013385F85C3115
S21402595818F0040F12D011210A2015F08AF906460B
S214025968002867D0807910223044AB210D3017F01A
S21402597846F932460621204615F050F895F85C316D
S214025988013385F85C31012F08D0236C93F8503127
S214025998002B4FD195F85C31042B4BD1A36C102207
S2140259A80B2195F95E01313312F0A5F978B140F270
S2140259B81B412046FFF73AF9204B21492046012F82
S2140259C808BF194603B0BDE8F04315F0E3B9A36C67
S2140259D801220C2195F95E01203312F08CF9002879
S2140259E8E5D1A36C10220D2195F95E01213312F040
S2140259F882F90028DBD1082295F95E01114604F1E6
S214025A08100312F078F90028D1D1236C93F85E219E
S214025A1884F87520FF2283F85E2112F06AF90228BC
S214025A2808BFA368204604BF43F48073A360FFF749
S214025A38D5F8C1E703B0BDE8F08300BF1D5E0200DB
S214025A48816202002DE9F04F97B01546DDE92098ED
S214025A5804AA06468C4692461C46524B229F03F1DF
S214025A68100B9646186859680833AEE803005B457B
S214025A787246F6D16B46202261465046FFF7D8FAA0
S214025A888346002871D1484B05F110020893652316
S214025A988DF824300DF12503184655F8041B954257
S214025AA843F8041BF9D1102117F0AEFF0DF13503A8
S214025AB8184604F1100254F8041B944243F8041BD7
S214025AC8F9D1102117F0A0FF99F80630062183F0C5
S214025AD80803C3F3C0038DF84530D9F800300DF13A
S214025AE84600CDF84630B9F804300124ADF84A30FD
S214025AF817F08AFF98F80630062183F00803C3F3E6
S214025B08C0038DF84C30D8F800300DF14D00CDF8B2
S214025B184D30B8F80430ADF8513017F075FF002351
S214025B2835228DF854306846239B08A98DF85340D1
S214025B38FFF77EFA8346C0B91021239817F064FF50
S214025B483B463522684608A98DF82040FFF770FACA
S214025B58834650B9B27C0146C2F11002384617F0A5
S214025B684EF81021384617F04FFF1021684617F0F6
S214025B7859FF352108A817F055FF1021504617F08F
S214025B8851FFBBF1000F06D008213046FFF7ECFCA8
S214025B9817B0BDE8F08F5A4645F21201304615F0A6
S214025BA80FF9F5E75AE703000062746C70B51E46F3
S214025BB80423054696B014468DF8143001F12002E7
S214025BC80DF1150351F8040B914243F8040BF9D171
S214025BD820210DF1150017F017FF22460DF13503A7
S214025BE804F1200152F8040B8A4243F8040BF9D157
S214025BF820210DF1350017F007FF04AB029320238E
S214025C0801931A9B314600930E48412305AA0EF0CB
S214025C1829FD0446412105A817F004FF54B1214680
S214025C2840F20740FFF720F808212846FFF79CFCB9
S214025C3816B070BD224645F21501284615F0C0F882
S214025C48F6E700BF00000209F8B50446FEF736FF7D
S214025C58266C054628B394F975305F1C0BD086F877
S214025C685E31FEF747FF0721012015F002F80246CB
S214025C7818BB1A2111E02046FAF7FCFE86F85E01E8
S214025C88236C93F95E310133EBD1FEF733FF90B103
S214025C98A3685D0709D441F205212046FEF7C6FF30
S214025CA807E0FF2386F85E31EFE705212046FFF777
S214025CB85BFC0020F8BD0025D5E7324986790968DD
S214025CC80C3691F800C0831983F801C091F81CE0DD
S214025CD8281E18BF0120BEF1010F0DD183F802E07D
S214025CE8D870487C00B3D87800071DD4A3685B0731
S214025CF8DBD441F20321D0E78F69BEF1020F07F029
S214025D0802070ED191F85EE0BEF1000F09D04FF0FF
S214025D18010E83F802E0D870002FE2D140F00800A6
S214025D28DEE74FF0000EF4E7BCF1030F07D009696F
S214025D3811F0FF1F1EBFD97841F00401D97094F8FC
S214025D4874108F0708D5D978480705D4BCF1030F15
S214025D58CFD041F00401D970002D18BF03251021B9
S214025D685D7119719D71216C9059C1F80600988869
S214025D7848819B7920460B73062114F04FFE0120BA
S214025D8898E700BF04200020204B10B51B68044685
S214025D989B6913F0040310D141B180F8773090F86C
S214025DA87010BDE810401A4817F0EEB990F8733034
S214025DB8012B03D18368580705D410BD022B02D1E4
S214025DC883685907F9D494F9772094F87730002A2B
S214025DD8F3DBB3B9012384F8773094F877305B089D
S214025DE8EBD04FF47A7294F87010534308480022A6
S214025DF80BF09CFF94F8773063F07F0384F87730D3
S214025E08DBE75A06E9D45B00E5E700BF042000207A
S214025E180820002045F21E0330B59942044615466E
S214025E2889B010D845F21603994213D845F20103F1
S214025E38994200F09F8145F20C03994222D0B1F5AF
S214025E48A04F00F09D812A46204609B0BDE83040A2
S214025E5800F0C0B9A1F5A043173B072BF3D801A25F
S214025E6852F823F0515F02004F5E02004F5E0200B6
S214025E784F5E0200396102004F5E0200FF600200B8
S214025E883D5F020090F97730002B02DB82685307E9
S214025E9807D520460921FFF767FB41F2092009B01A
S214025EA830BDAB792B449F4D5B7C2D6803F008010F
S214025EB86D7CD5B121B90321FFF756FB2120EEE709
S214025EC813F0040F03F0010308D042F008028260C0
S214025ED893B9A36843F02003A36013E0002BF8D01D
S214025EE8836843F010038360F3E7580744BF42F021
S214025EF80802A260DB0703D5A36843F01003A36079
S214025F080029E6D1A368224643F00403A360864923
S214025F1820460BF02DFF0221204612F0CEFD47F256
S214025F283053002245F21A0120460BF0FFFEA36802
S214025F389D054AD5A368580747D594F8700009B056
S214025F48BDE8304014F0C4BD90F87430D90745D582
S214025F5890F9753001333AD094F9131001291DDCF3
S214025F68A26893060DD56F4B15071B6801D4187CDB
S214025F7838B1187F10B91878032802D09B69980799
S214025F882CD501290AD0674B12071B6801D41A7C44
S214025F9822B11A7F12BB1B78032B1FD10023CDE92F
S214025FA80433CDE9063311F0A4FE022801AB2DD145
S214025FB8A06AE16A228E03C31A802046BDF804202E
S214025FC804AB0DF10601FEF7BBFA002067E783680B
S214025FD8DA0616D4FEF78EFD0028BDD0514B1B6894
S214025FE8197F022929D1DA7C3AB393F85E3023BBAB
S214025FF8A3685B0717D52046FFF7B6FA41F20220D8
S2140260084DE7FEF75BFD0028E4D0E7E70A22022107
S21402601894F9750011F09DFE0028CED1CDE9010055
S214026028ADF80C00C9E7204641F20221FEF7FEFD54
S21402603801212046FFF7A8FEE0E72046FEF79EFE6F
S214026048A56860B96D0705D508212046FFF78CFAC2
S2140260581A2024E71A212046FEF7E8FDF8E715F08D
S214026068040508D0FEF74EFDC8B1204694F975100F
S214026078FEF768FEA9E722462B4920460BF078FE73
S2140260880221204612F019FD47F230532A4645F2FD
S2140260981A0120460BF04AFEA3685807E2D494F980
S2140260A87530591C15D048F2080040EA032080B221
S2140260B8FAF78AFA052194F9750011F007FE03210A
S2140260C894F9750011F002FE062194F9750011F094
S2140260D8FDFD226C2046D2F8583143F02003C2F860
S2140260E85831FFF7B1FD00283FF46FAF20460F493D
S2140260F814F050FE69E7FEF705FD002862D0236C0F
S214026108002B5FD0A26852075CD5D3F858319806A0
S21402611858D42B78002BC2D105212046FFF724FA43
S21402612853E700BF04200020E5AD030051750200C6
S21402613890F87430D90706D4234914F02BFE294662
S2140261482046FEF773FDA3685A077FF53EAF204642
S21402615845F21A0117F018F8204622461B4917F08E
S2140261684CF8A368022123F03C032046A360FCF700
S2140261787BFE2AE70246154915480BF0F9FD24E787
S21402618845F21A0117F000F8A36823F03E03A3604D
S214026198236C2BB193F95E01431C01D0FAF790FBEE
S2140261A822462046094917F028F822460749084891
S2140261B817F023F820460221FCF756FE204614F074
S2140261C86DFE02E702206AE61D5E0200E5AD0300E8
S2140261D8841F002045F21703994210B5044640D0A2
S2140261E81AD845F20603994228D019D840F2012354
S2140261F821F00201994213D190F870101A4816F04D
S214026208C3FF94F873300022012B4FF4A0412046B6
S21402621808D1FFF7FFFD03E045F21A03994204D0BE
S21402622848200AE000F028F8FAE7104914F0B2FD10
S21402623807212046FEF7FAFC002010BD93791A447F
S214026248517C41F49051FEF7F1FC94F87310084A19
S214026258084B2046012914BF1146194614F09AFD28
S214026268EAE70220E9E700BF08200020D9B30300C6
S214026278816202001D5E020045F21E0399422DE964
S214026288F3410446154611D845F21603994214D826
S21402629845F20103994200F0258345F2020399422A
S2140262A800F09880B1F5A04F00F022832A462046D7
S2140262B802B0BDE8F041FFF78DBFA1F5A043173B3A
S2140262C8072BF3D801A252F823F000BFF5620200AA
S2140262D8B5620200B5620200B5620200A968020051
S2140262E8B56202009764020071640200974E336832
S2140262F81A7F022A11D1DA7C7AB193F85E3063B932
S21402630841F20221FEF792FC20460121FFF73CFDEE
S21402631841F2022002B0BDE8F081A368590701D510
S2140263280220F7E72046FEF7C9FB3368051E1A78EF
S21402633818BF0125032A07D019696AB211F0FF1F90
S21402634824D042F0040503E094F87420920725D47A
S2140263589A6996071FD41A7F012A1CD045F00805A9
S21402636802210B2014F085FC0246E0B1837906214F
S21402637803445D7394F975302046013302BFA3685F
S21402638843F00203A36014F049FB0CE094F874107F
S2140263988F07D6D4DCE75B7C002BE1D041F20321E1
S2140263A82046FEF743FCA368224643F00403A36094
S2140263B8674920460BF0DCFC0221204612F07DFBE2
S2140263C847F23053002245F21A0120460BF0AEFC83
S2140263D800209FE78368580703D494F97730002B88
S2140263E805DB236C53B1D3F85831D90606D52046B7
S2140263F80921FFF7B9F841F209208BE72046FEF794
S214026408BDFC28B908212046FFF7AEF8212081E70F
S214026418206CD0F8583143F01003C0F85831AB79E5
S2140264280C332B445A68C0F806201A894281012286
S2140264389B7A0373236C9A71A26812F0040610D131
S2140264482246434920460BF093FC0221204612F0CE
S21402645834FB47F23053324645F21A0120460BF017
S21402646865FCA3689A05B3D5236C002BB0D0D3F885
S2140264785831DB06ACD594F97530013320D094F840
S2140264887430DF071CD5A36843F00203A360236CAD
S214026498002B3FF445AFD3F85831DA067FF540AF04
S2140264A89F063FF53DAFFEF72DFB10B3A3689E0788
S2140264B81FD42B78EBB905212046FFF755F887E756
S2140264C8FEF720FB94F9751040B14E1C02D1A36862
S2140264D89807DCD42046FEF735FC79E70846FAF733
S2140264E8E3F80028D3D094F87430D907CFD405211E
S2140264F889E794F97530581C15D048F2080040EA26
S214026508032080B2FAF760F8052194F9750011F0B5
S214026518DDFB032194F9750011F0D8FB062194F9E6
S214026528750011F0D3FBA368256C23F00203A36061
S214026538D5F85831054F43F02003C5F858313B6863
S214026548AA7A1B7A934205D906215CE70420002022
S214026558E5AD030094F9521094F852300029B2BF00
S214026568012383F00803C3F3C003102A28BF1022AE
S2140265782B7194F86030204683F00803C3F3C003F7
S2140265886B71A2746E7AFEF799FA002836D0F10774
S21402659834D594F97530D4F840805A1C24D088F83B
S2140265A85E3106F00D063B689A69900704D41A7F96
S2140265B8012A01D0310701D406F0F7061A78032A11
S2140265C81FD01B6913F0FF1F01D046F0040694F88B
S2140265D874309A071BD5730719D403212046FEF791
S2140265E8C3FF40F2034095E62046FAF743FA88F8D6
S2140265F85E01236C93F95E310133D2D106F00C06A4
S214026608D1E71B7F002BE2D106F0FB06DFE7072166
S214026618022014F02EFB01900028E2D090F806C063
S2140266283A680CF10C0C137800EB0C014B70137FD4
S214026638012B06D0022B46D192F85E30003B18BFDB
S21402664801238B701023CE7016F0010608BF32465F
S2140266580B711FBFEB7A2A7B03F003034B71236C83
S21402666814BF02F003024E718A7183F851214A79E7
S21402667883F8502150F80C20C3F80D208A88A3F816
S21402668811208A79DA7406B3206C90F8501111F04A
S21402669802061AD194F85210062281F0080190F9DF
S2140266A85E0104F14C03C1F3C00111F024FB60B192
S2140266B83146FEF7D9FA20460821FEF755FF01A80B
S2140266C816F09EFE8DE70023BBE7019E002E88D0BB
S2140266D8FEF710FA95F809C078B11CF0010F04D03D
S2140266E8236C93F95E31013307D105212046FEF764
S2140266F83BFF30460BF0A8FC88E63B680CF0080225
S214026708597C29B112B12A7C100703D40321EDE77C
S214026718002A75D02A7C110772D5D5F8581141F08F
S2140267280401C5F85811B5F8501121F4807121F00A
S2140267380101A5F85011187F297A02280BD071B9E1
S21402674842EA0C0212F0040248D185F85D211B7C4D
S214026758002BDBD10DE021B993F85E209ABB02210B
S214026768C4E7012283F83D20DA7C92BB042385F82D
S2140267785D3132460621204614F050F995F85D310F
S214026788206C042B52D13B6800F5987003F11D0269
S2140267982D3352F8041B9A4240F8041BF9D1D5F857
S2140267A8583195F85D2103F00401002A45D123F0FB
S2140267B80203C5F85831E27400294AD05B492046DC
S2140267C814F0E8FA04E683F83D10DB7C002BC6D109
S2140267D8CCE793F85E30002BC8D1C0E7EA7919787F
S2140267E8052A28BF0322524801EB810101448A5C2C
S2140267F885F85D211B7C002BBBD0002AB9D185E722
S2140268081A7F012A02D12A7A002AAFD11CF0040F75
S21402681803D12A7C12F0040297D0EA791978052A5D
S21402682828BF0322434801EB8101DFE7102200213B
S21402683800F5987016F0E3F9B1E743F00203C5F8DD
S214026848583141B90123032AE37412D9042A7FF482
S214026858BFAD3949B3E7A37C0F2B89BF94F87430D0
S214026868012343F0080384F8743088BF0223E374D4
S214026878A4E7012A07D02046304914F08BFA2046AE
S214026888FEF74CFAA4E520462C4914F083FA3B6836
S214026898D968481C424242412046FEF70FFA97E55D
S2140268A890F87430D90706D4254914F073FA2946A5
S2140268B82046FEF7BBF9A3685A077FF589AD45F26D
S2140268C81A01204616F060FC224620461D4916F09C
S2140268D894FCA36823F00403A36002212046FCF775
S2140268E8C3FA75E50246174917480BF041FA6FE5F1
S2140268F845F21A0116F048FCA36823F03E03A3608B
S214026908236C2BB193F95E01431C01D0F9F7D8FF2B
S214026918224620460B4916F070FC224609490A48C8
S21402692816F06BFC204614F0B9FAD6E73D7402005E
S2140269386BE7030084E7030055690200AD730200A3
S2140269481D5E0200E5AD0300841F002073B545F204
S2140269580406B142044615460DD045F21006B14269
S21402696822D0B1F5A04F38D114F073F9236CD3F8BE
S2140269785831D90720D5236CD3F85821D2070BD41F
S214026988AA7998330C3215446A1D153552F8041B39
S214026998AA4243F8041BF9D1216CD1F8583113F0F6
S2140269A804030CD00F4904E0016CA83114F0A5F9D1
S2140269B80D49204614F0EEF9002002B070BD81F8A9
S2140269C85C31012301F1B8020093204601F1A803C5
S2140269D801F5987114F017FCEEE702B0BDE87040B6
S2140269E8FFF7F8BBF56902008D6A0200B1F5A04F01
S2140269F8F7B5044608D045F21105A94236D003B0C9
S214026A08BDE8F040FFF7E6BB006C1021B83014F082
S214026A18FDF960B108212046FEF7A6FD40F20740C0
S214026A280021FEF721F940F2074003B0F0BD256CBD
S214026A3895F85D6105F1A807013E022E01979CBFF5
S214026A48D5F82C0195F85C6105F154019EBFF0401B
S214026A5800F0010040F08000009005F11402204684
S214026A6805F1B80314F042FC0020DEE7016CA831F9
S214026A7814F043F92046024914F08CF9F4E700BFF3
S214026A888D6A020045F2100330B59942044685B075
S214026A9800F0A6800CD8B1F5A04F27D045F2050322
S214026AA8994228D0204605B0BDE83040FFF792BB91
S214026AB845F21103994200F0B08045F2120399425A
S214026AC8F0D1016C91F85D3113B1043B012B03D868
S214026AD82046B83114F0F5F8236C93F85D31042B90
S214026AE840F2DF80052B03D16F4992E014F0B1F82B
S214026AF8002005B030BD9179036C0C310A44511D53
S214026B08C833153251F8040B914243F8040BF9D1F5
S214026B18206CD0F8583113F0040354D090F85D3145
S214026B28042B22D1614B1B6893F85E5065B1002195
S214026B3800F114020091114600F5A07001903E3350
S214026B48204614F0D3FBD3E71021B83014F05EF9D0
S214026B5858B108212046FEF707FD40F207402946AD
S214026B68FEF782F840F20740C3E7216C91F85D31E0
S214026B7801F1C80213B1043B012B12D801F1F80344
S214026B88039301F59873029304F15A03019304F1EF
S214026B985303009301F1B8032046D831FEF752FF9B
S214026BA8A6E701F5A073019391F85C01D1F82C31A0
S214026BB8C34003F0010343F080030093134601F138
S214026BC854021431BCE780F85C3100F1C802009325
S214026BD800F5987100F5A073204614F014FB87E7B9
S214026BE8056C102205F1980105F5A07015F0DDFF79
S214026BF820B104212046FEF7B7FC79E7D5F85831CC
S214026C082B499B0742BF94F8743043F0020384F87A
S214026C187430204614F0BEF86AE7056C95F85D31C4
S214026C2805F5A070042B1ED1204B102219684E3190
S214026C3815F0BBFF0028DCD1102105F1B80014F0CE
S214026C48E5F8216C01F1F803039301F598730293B2
S214026C5804F15A03019304F15303009301F1C802A5
S214026C6801F1B80398E70146102205F1980015F0DD
S214026C789CFF0028BDD105F1B801204614F021F882
S214026C88216C91F85C310133DBB2142B81F85C314C
S214026C98D8D0D1F8583123F00103C1F85831054944
S214026CA8B7E70549B5E700BFC56C02000420002017
S214026CB8296F0200556902007D6D020045F2140331
S214026CC8994213B504462BD00CD8B1F5A04F13D071
S214026CD845F20E03994232D0204602B0BDE8104073
S214026CE8FFF778BA45F219039942F5D1137813BB20
S214026CF80C21FEF739FC10E013F0ABFF216C20469E
S214026D0801F59473019301F1B803009301F154025B
S214026D1801F1C803143114F061F9002002B010BD65
S214026D28036CD3F82821114BB2FBF3F103FB1121B4
S214026D38FDF7AEFFF1E70E4914F02CF8EDE791796E
S214026D48036C0C310A44511D03F58473153251F84D
S214026D58040B914243F8040BF9D1226CD2F858314D
S214026D6843F00803C2F85831D7E700BF40420F0085
S214026D787D6D0200F0B545F20E06B1420446154690
S214026D888DB00ED045F21306B1425CD0B1F5A04FD5
S214026D9840F0BD8013F05DFF236CD3F85831190715
S214026DA857D5236CD3F8582112070CD4AA7903F5C1
S214026DB884730C3215446A1D153552F8041BAA4210
S214026DC843F8041BF9D10023256CCDE90833CDE935
S214026DD80A3385F85C3195F85D310DF1200C042BE9
S214026DE82AD14D4B1B6893F83D205AB1674603F1EA
S214026DF81D022D333E4610685168083203C69A4271
S214026E083746F7D105F5A073069304F15A0305939E
S214026E1804F153030493EB7905F1C80203932B7A22
S214026E2802936B7ACDE900C305F1B803204605F153
S214026E38F80114F047F90CE0013B022B9CBFD5F889
S214026E482C310893DEE7056C95F85C3123B1012BEB
S214026E5854D000200DB0F0BD102205F5A07105F53E
S214026E68847015F0A2FE20B10B212046FEF77CFBAB
S214026E78EFE7D5F858310DF1200C9B0742BF94F87E
S214026E88743043F0020384F87430012385F85C31C9
S214026E980023CDE90833CDE90A3395F85D31042B92
S214026EA825D11D4B1B6893F85E205AB1674603F13D
S214026EB83E024E333E4610685168083203C69A426E
S214026EC83746F7D105F58C73069304F153030593F9
S214026ED804F15A030493AB7B05F1B8020393EB7BE8
S214026EE802932B7CCDE900C305F1C8039EE7013B5C
S214026EF8022B9CBFD5F82C310893E3E705F58C7175
S214026F0813F0C3FE2046054913F044FFA1E70DB06F
S214026F18BDE8F040FFF75EB904200020296F0200A2
S214026F28B1F5A04F73B50446154677D045F21B0651
S214026F38B14240F0F68090F87430DB0766D5056CEF
S214026F48B5F850312BB1794913F024FF002002B06E
S214026F5870BDD5F858315E0747D56B7AD80744D541
S214026F682B7CD90741D5A36C10220B2195F95E011B
S214026F78313310F0C0FE38B140F21B412046FDF70F
S214026F8855FE40F21B40E2E7A36C206C01220C215E
S214026F9890F95E01203310F0AEFE0028ECD1A36C07
S214026FA8206C10220D2190F95E01213310F0A3FE09
S214026FB80028E1D10822206C114690F95E0104F1FE
S214026FC8100310F098FE0028D6D1236C93F85E21A1
S214026FD884F87520FF2283F85E212046544913F070
S214026FE8D9FE2046FDF7FAFDB0E705F5987304F1D9
S214026FF8180205F5A07553F8041BAB4242F8041BA9
S214027008F9D1A36843F48073A360E6E7484913F00E
S214027018C1FE29462046FDF709FE97E7036CD3F81A
S214027028582112F0040245D05A7AD2078ED51B7C14
S214027038DB078BD510F05DFE0228206C0ED000F51B
S2140270489872032190F95E01F9F752FB00283FF483
S2140270587DAF08212046FEF787FA92E700F5987377
S2140270681022032190F95E0110F045FE28B1002196
S21402707840F21B40FDF7F8FDEBE7206C102200F506
S2140270889873052190F95E0110F035FE0028EED1BE
S214027098236C04F1180103F5987203F5A07352F8ED
S2140270A8040B9A4241F8040BF9D1A36843F480739F
S2140270B8A3604BE7D3F8B810C3F8D010D3F8BC10C7
S2140270C80192C3F8D410006C01A900F59870FEF777
S2140270D805F848B101980DF08CF820460821FEF70D
S2140270E843FA40F2074032E7206C019A00F598719D
S2140270F8C830FDF7A5FE05460198002DEBD10DF028
S21402710878F8236CA07C03F598732946C0F1100220
S214027118184415F074FD216C2046B83113F0D1FDE1
S21402712814E702B0BDE87040FFF754B83D7102009C
S21402713881620200B1F5A04F2DE9F04104461546DA
S21402714800F01E81A1F5A043DE1F042E00F21F8167
S2140271589279083B0C321544026C92F85021032BA4
S21402716805D8DFE813F047009300C4000A01D107E8
S21402717840F1BB80053510222946874815F015FDD3
S214027188002800F09C8010F0B4FD0228206C27D05E
S2140271982A46032190F95E01F9F7AAFA002607465D
S2140271A810F0A7FD022812D194F87330012B0ED1E5
S2140271B82B4604F1180205F1100153F8040B8B4212
S2140271C842F8040BF9D1A36843F48073A360102134
S2140271D8284616F027FC002E6CD0002130462FE0F9
S2140271E82B461022032190F95E0110F084FD002739
S2140271F80646D5E712F0010777D010F07AFD022886
S21402720821D0236C062093F95E81EEF7EDFA16F08C
S21402721840FC064608B91A26DFE701465F4840EAF8
S21402722808200CF0FAFF804630460DF03FFB304649
S21402723816F031FCB8F1000F05D0414640F207407F
S214027248FDF712FD37E0206C05F1050843460A22D1
S214027258022190F95E0110F04EFDD5F8053006467B
S214027268A362D5F80930E362B5F80D302386002804
S214027278B3D1226C92F8503123EA070382F85031D0
S2140272882046FEF77BFA0020BDE8F08192072CD54F
S21402729810F02FFD022805F10505206C16D00621F0
S2140272A82A4690F95E01F9F723FA1021074628467E
S2140272B816F0B8FBCFB108212046FEF755F920464E
S2140272C80821FEF751F940F20340DDE706212B4676
S2140272D8102290F95E0110F00EFD0646102128468F
S2140272E816F0A0FB002E7FF478AF0027C1E79307BD
S2140272F8FBD510F0FEFC02281AD0236C062093F960
S2140273085E71EEF771FA16F0C4FB0646002882D0C4
S2140273180146234840EA07200CF07FFF074630461E
S2140273280DF0C4FA304616F0B6FB0FB1394685E7BB
S214027338697989B90A466B1D13F8010F60B90132DB
S214027348062AF9D194F85210206C81F0080104F14B
S2140273584C03C1F3C00106E000394FF0060218BF1D
S2140273680121206CAB1D90F95E0110F0C4FC0646A4
S21402737800287FF432AF02277BE702F0040778E79B
S21402738813F067FC0022236C83F85C2178E7BDE8DB
S214027398F041FEF71FBF00BF9DE70300038004000D
S2140273A80680040070B545F20406B1420446134648
S2140273B824D045F21806B14206D0B1F5A04F32D114
S2140273C813F047FC002070BD11684D1C03D1012143
S2140273D8FEF7CAF8F6E7026CD2F85801400743BF30
S2140273E8002182F85C111B68C2F830112046104949
S2140273F848BFC2F82C3113F0CDFCE3E79979026C4A
S2140274080C310B44591D9832153351F8040B994226
S21402741842F8040BF9D1226CD2F8583143F0010332
S214027428C2F85831CEE7BDE87040FEF7D3BE00BFBB
S2140274385569020045F215039942F7B5044651D03C
S2140274480CD8B1F5A04F19D045F20D0399421BD0BE
S214027458204603B0BDE8F040FEF7BCBE45F2160370
S2140274689942F5D1016C01F1D8030093D1F8943012
S21402747801F134021431FEF799FB01E013F0E9FB3F
S2140274880027384603B0F0BD93790C331A44551DCD
S21402749802F1250632462946FDF734FD074620B195
S2140274A80B212046FEF760F8EBE72946236C1433D7
S2140274B851F8042BB14243F8042BF9D1236C01F19D
S2140274C82002343351F8040B914243F8040BF9D1E5
S2140274D8216C204601F1940301F174025431FEF73F
S2140274E86BF8CDE713F025FC236C93F85D31052B7A
S2140274F8C6D8DFE803F0190311111E1920460E49F3
S21402750813F048FC0D4B20461B68D9684B1C5A42A0
S2140275185A41FDF7D3FBB3E72046074913F03AFC76
S2140275282046FDF7FBFBABE70549204613F032FC85
S214027538A6E70449F9E700BFAD730200042000205D
S214027548F56902008D6A0200F8B545F216039942FB
S214027558044600F061810BD8B1F5A04F0ED045F273
S214027568030399420ED02046BDE8F840FEF732BE25
S21402757845F217039942F6D1022002E013F069FB9E
S2140275880020F8BD9379056C0C33D618F379DF071B
S21402759808D4FDF7AFFA28B105212046FDF7E4FF27
S2140275A82120EEE79E4F327A3B681B7A9A4201D236
S2140275B80621F2E7D6F80530C5F80E30B6F80930D7
S2140275C86B8202236B7394F9523094F85210002B94
S2140275D8B2BF012381F00803C3F3C0036B7194F8AA
S2140275E8603083F00803C3F3C0032B71337A102B81
S2140275F828BF1023A374F379D8072BD56B7ADA073A
S21402760828D5737AEA7A134085F85131B37A2A7BF9
S214027618134085F8503195F95E3101331ED0206C3F
S21402762890F850319B0719D481F00801062290F988
S2140276385E0104F14C03C1F3C00110F05CFB68B1B3
S21402764840F21B412046FDF7F1FAA3685907A7D571
S2140276580821A2E7002385F85131DAE73B68F0797A
S214027668597C00F0080229B112B16A7A120703D4CB
S214027678032192E7002A79D06A7A110776D5D5F8D7
S214027688581141F00401C5F85811B5F8501121F403
S214027698807121F00101A5F8501193F81CC0B17948
S2140276A8BCF1020F02D019B3022176E789B1012292
S2140276B883F83D20DA7CB2B9042285F85D21A27CE3
S2140276C80F2A27D994F8742042F0080284F8742006
S2140276D820E093F85E20002AE6D0DA7C83F83D1094
S2140276E8002AE1D1E8E793F85E20002AE4D1DBE736
S2140276F8024312F004023FD072794A49052A28BF8B
S2140277080322187802EB82020A44125C85F85D218D
S214027718002AD4D1197C95F85D2109B1002AA7D090
S214027728206C042A00F598703AD103F11D022D3315
S21402773852F8041B9A4240F8041BF9D1D5F858317E
S21402774895F85D2103F004017ABB23F00203C5F81D
S2140277585831E27400295AD0216C204601F194036C
S21402776801F174025431FDF727FF09E71A7F012A4F
S21402777805D1B2791AB1042285F85D21CAE7420713
S21402778803D46A7A12F00402F6D072792649052AD8
S21402779828BF0322187802EB82020A44125CEBE73F
S2140277A81022002115F02BFAC8E743F00203C5F8A9
S2140277B8583149B90123013AE374032A3FF6E0AE89
S2140277C8DFE802F010181025A37C0F2B89BF94F867
S2140277D87430012343F0080384F8743088BF022308
S2140277E8E374B9E72046114913F0D4FA2046FDF7A8
S2140277F895FAC5E620460D4913F0CCFA3B682046B2
S214027808D9684B1C5A425A41FDF758FAB8E6084955
S214027818204613F0BFFAB3E613F08BFA0549F7E7EA
S214027828042000206BE7030084E703002D82020091
S214027838098102004178020045F20D039942F7B524
S214027848044627D00DD8B1F5A04F1DD045F2040343
S214027858994200F08F80204603B0BDE8F040FEF75C
S214027868B9BC45F21103994200F0A68045F2150309
S2140278789942F0D1006C90F85D31052B06D8DFE806
S21402788803F0503A423A555013F0E3F900273846C7
S21402789803B0F0BD93790C331A44561D02F1250540
S2140278A82A463146FDF72EFB074620B10B21204615
S2140278B8FDF75AFEEBE73146236C143351F8042BD6
S2140278C8A94243F8042BF9D1236C01F12002343380
S2140278D851F8040B914243F8040BF9D1216C204667
S2140278E801F1D8030093D1F8943001F1340214312F
S2140278F8FEF75CF9CAE720463B4913F04BFA2046E6
S214027908FDF70CFAC2E72046374913F043FA374B1D
S21402791820461B68D9684B1C5A425A41FDF7CEF9D5
S214027928B4E73349204613F035FAAFE72F4B1B6806
S21402793893F85E5065B1002100F1140200F5A070BC
S21402794801900091204611463E3313F0CFFC9DE786
S2140279581021C83013F05AFA00283DD008212046D4
S214027968FDF702FE294640F20740FDF77DF940F290
S21402797807478CE79179036C0C310A44511DA833EA
S214027988153251F8040B914243F8040BF9D1256CD1
S214027998102205F1A80105F1980015F006F920B99C
S2140279A804212046FDF7E0FD70E7D5F8583143F08C
S2140279B80103C5F8583169E70C4B056C19681022A3
S2140279C84E3105F5A07015F0F0F80028E8D1102120
S2140279D805F1C80013F01AFA216C2046C83113F0D4
S2140279E870F904499EE700BF2D8202000420002099
S2140279F861800200017A020045F21003F0B599424E
S214027A08044685B000F087800CD8B1F5A04F1CD08C
S214027A1845F2050399421DD0204605B0BDE8F04060
S214027A28FEF7D8BB45F21103994200F08D8045F265
S214027A3812039942F0D1036C93F85D31042B40F29D
S214027A48B380052B03D159497BE013F002F90020D5
S214027A5805B0F0BD9179036C0C310A44511DB83358
S214027A68153251F8040B914243F8040BF9D1256CF0
S214027A78102205F1C80705F1B8063146384615F052
S214027A8894F820B904212046FDF76EFDDFE7D5F805
S214027A98583113F0040332D095F85D31042B13D114
S214027AA805F1F803039305F59873029304F153035B
S214027AB8019304F15A0300933A463346204605F1E9
S214027AC8D801FDF7BFFFC2E705F5A07005F114015E
S214027AD805F1540201900BB1052B06D10023009341
S214027AE82046334613F002FCB1E795F85C01D5F858
S214027AF82C31C34003F0010343F08003EFE785F817
S214027B085C3132460093204605F5A07305F5987158
S214027B1813F079FB9BE7056C102205F1A80105F521
S214027B28A07015F042F80028ACD1D5F85831204993
S214027B389B0742BF94F8743043F0020384F874300B
S214027B48204613F027F982E7056C102205F1A801F2
S214027B5805F5A07015F029F8002893D195F85D313F
S214027B68013B022B0FD895F85C310133DBB2142B9C
S214027B7885F85C3107D0D5F858310E4923F0010351
S214027B88C5F85831DCE705F1F803039305F5987351
S214027B98029304F15303019304F15A03009305F187
S214027BA8C80205F1B80389E70349CAE7C57B02009C
S214027BB8217E020009810200457C020073B545F267
S214027BC81406B14204461AD045F21906B14221D02B
S214027BD8B1F5A04F28D113F03CF8216C204601F5E8
S214027BE89473019301F1B803009301F1140201F1B1
S214027BF8C803543113F0F2F9002002B070BD036CCA
S214027C08D3F828210B4BB2FBF3F103FB1121FDF746
S214027C183FF8F1E713781BB90C21FDF7A5FCEBE753
S214027C28054913F0B7F8E7E702B0BDE87040FEF77B
S214027C38D1BA00BF40420F00457C0200F0B5B1F54C
S214027C48A04F05468DB008D045F21304A14244D091
S214027C580DB0BDE8F040FEF7BDBA0023046CCDE9CE
S214027C680833CDE90A3394F85D310DF1200C042B64
S214027C782CD11F4B1B6893F85E205AB1674603F156
S214027C883E024E333E4610685168083203C69A4290
S214027C983746F7D104F58473069305F15303059323
S214027CA805F15A030493E37928460393237A04F1E9
S214027CB8C8020293637A04F1F801CDE900C304F11D
S214027CC8B80313F0FFF900200DB0F0BD013B022BFC
S214027CD89CBFD4F82C310893DCE7016C01F584715B
S214027CE812F0D3FF2846034913F054F8EBE700BF17
S214027CF804200020017D0200F0B545F20E06B142CE
S214027D08044613468DB00BD045F21303994260D051
S214027D18B1F5A04F77D112F09CFF00200DB0F0BD50
S214027D289979026C0C310B44591D02F58C72153385
S214027D3851F8040B994242F8040BF9D1256C10222B
S214027D4805F58C7105F5847014F02FFF20B90B2108
S214027D582046FDF709FCE0E70023CDE90833CDE924
S214027D680A3395F85D310DF1200C042B2AD1284BE5
S214027D781B6893F83D205AB1674603F11D022D335E
S214027D883E4610685168083203C69A423746F7D10B
S214027D9805F5A073069304F15A03059304F15303F9
S214027DA80493AB7B20460393EB7B05F1B802029360
S214027DB82B7C05F1F801CDE900C305F1C80313F0E1
S214027DC881F9AAE7013B022B9CBFD5F82C31089310
S214027DD8DEE7056C102205F5A07105F58C7014F027
S214027DE8E4FE0028B3D1D5F8583120469B0748BF91
S214027DF894F87430074944BF43F0020384F8743099
S214027E0812F0C8FF89E70DB0BDE8F040FEF7E2B908
S214027E1804200020217E020070B5B1F5A04F04466A
S214027E28154688B077D045F21B06B14240F00A8163
S214027E3890F87430DB0766D5056CB5F850312BB16F
S214027E48834912F0A7FF002008B070BDD5F8583154
S214027E585E0747D56B7AD80744D52B7CD90741D518
S214027E68A36C10220B2195F95E0131330FF043FF04
S214027E7838B140F21B412046FCF7D8FE40F21B40C0
S214027E88E2E7A36C206C01220C2190F95E012033F4
S214027E980FF031FF0028ECD1A36C206C10220D21C4
S214027EA890F95E0121330FF026FF0028E1D108225F
S214027EB8206C114690F95E0104F110030FF01BFFC7
S214027EC80028D6D1236C93F85E2184F87520FF2209
S214027ED883F85E2120465F4912F05CFF2046FCF7D5
S214027EE87DFEB0E705F5987304F1180205F5A0754E
S214027EF853F8041BAB4242F8041BF9D1A36843F4B7
S214027F088073A360E6E7534912F044FF29462046E9
S214027F18FCF78CFE97E7036CD3F8582112F004029C
S214027F2855D00022CDE90122ADF80C205A7AD207A4
S214027F383FD51B7CDB073CD50FF0DBFE0228206C06
S214027F480CD000F59872032190F95E01F8F7D0FB81
S214027F5878B308212046FDF707FB8FE700F59873EC
S214027F681022032190F95E010FF0C5FE28B1002108
S214027F7840F21B40FCF778FEEBE7206C102200F577
S214027F889873052190F95E010FF0B5FE0028EED130
S214027F98236C04F1180103F5987203F5A07352F8DE
S214027FA8040B9A4241F8040BF9D1A36843F4807390
S214027FB8A3600023BDF80420CDE90433CDE90633D7
S214027FC80DF1060104AB2046FCF7BAFA3BE7D3F8F4
S214027FD8B810C3F8D010D3F8BC100092C3F8D41067
S214027FE8006C694600F59870FDF778F848B1009875
S214027FF80CF0FFF820460821FDF7B6FA40F20740D3
S21402800822E7206C009A00F59871C830FCF718FF32
S21402801805460028EBD100980CF0EBF8236CA07C00
S21402802803F59873C0F110022946184414F0E7FDC8
S2140280382A46CDE90155CDE90455CDE9065504ABE6
S21402804801A9C0E708B0BDE87040FEF7C3B800BF94
S214028058D5B303001D5E0200B1F5A04F70B5044605
S214028068154607D045F20406B1420CD0BDE870406A
S214028078FEF7B0B812F0EDFD236CD3F85831D907E5
S21402808801D4002070BD236CD3F85821D20718D427
S214028098AA79A8330C3215446A1D153552F8041B02
S2140280A8AA4243F8041BF9D1206C102200F1A80159
S2140280B8983014F07AFD20B904212046FDF754FAC8
S2140280C8DFE7206C1021C83012F0A0FE58B1082154
S2140280D82046FDF749FA40F207400021FCF7C4FDA6
S2140280E840F20740CEE7216C2046C83112F0E9FD7F
S2140280F82046024912F04EFEC3E700BF017A02008C
S214028108B1F5A04F13B504460ED0A1F5A043103B17
S214028118012B45D8016C983112F0EFFD2046234911
S21402812812F038FE002017E0016CD1F8583101F140
S214028138C80213F0040328D01021104612F066FE77
S21402814860B108212046FDF70FFA40F207400021E9
S214028158FCF78AFD40F2074002B010BD216C2046AB
S21402816801F19803019391F85C21D1F82C31D340A0
S21402817803F0010343F08003009301F1140201F1B6
S214028188C803543113F0B2F8CCE781F85C31012306
S214028198009301F1980301F5987113F034F8C1E7DA
S2140281A802B0BDE81040FEF715B800BFB98102005C
S2140281B8B1F5A04F70B51346044607D045F204063B
S2140281C8B14207D0BDE87040FEF704B812F041FD90
S2140281D8002070BD9979026C0C310B44591DA832E7
S2140281E8153351F8040B994242F8040BF9D1256C61
S2140281F8102205F1A80105F1980014F0D6FC20B962
S21402820804212046FDF7B0F9E2E7204605F1C80149
S21402821812F057FD2046024912F0BCFDD8E700BF0F
S214028228017A0200B1F5A04F70B50346144607D08E
S21402823845F21806B14207D0BDE87040FDF7CABF3E
S21402824812F007FD002070BD1268551C03D10121EB
S214028258FDF78AF9F6E7016CD1F85801400743BFE3
S214028268002281F85C212268C1F8302148BFC1F893
S2140282782C211846014912F08DFDE3E70981020018
S214028288184640F20A4322F000429A422DE9F0418B
S21402829820D8B2F5806F01D800203EE06FF48064E3
S2140282A82244092AF8D801A353F822F0FB820200D6
S2140282B807830200278302007583020049830200AF
S2140282C891830200B3830200BB830200A1820200EC
S2140282D8D38302006FF4A0615318042BDCD8A2F2F1
S2140282E80252032A79D8DFE812F08A009200B70011
S2140282F8CB0005784488644810F079FB3EE00578A0
S2140283084468826900F108030021604810F080FB87
S21402831810B10571C0F805400120BDE8F081067865
S21402832845880479826900F108030021584810F04C
S2140283386FFB0028F0D00671A0F80550C471EBE771
S21402834804790778A4F11B03594259414688C5881F
S21402835800F1080289004F4810F07FFB0028DBD0A6
S2140283680771A0F80560C4710581D5E705784488C9
S2140283784269031D0021484810F04AFB0028CBD06A
S2140283880571A0F80540C7E706784588848800F195
S21402839808020021414810F060FB0028BCD0067194
S2140283A8A0F80550A0F80740B6E7057844683C48A8
S2140283B8A2E704783A4810F01AFB0028ACD0072344
S2140283C84371002304718371A6E70478354810F0D8
S2140283D80EFB0028A0D004719EE707784688057928
S2140283E8C48800F1080200212F4810F036FB002846
S2140283F892D00771A0F80560C57104818CE70778EA
S21402840846880579C488294810F0F1FAEFE78768A4
S2140284184588047906787FB1C78800F108020021EA
S214028428234810F01AFB00283FF476AF0671A0F82E
S2140284380550C47107816FE73B463A4639461C48E1
S21402844810F0E6FA00283FF467AF0671A0F8055068
S214028458C471077247725FE790F80080478806790A
S214028468C5880489134810F0C2FA00283FF454AFAE
S21402847880F80480A0F80570C671058144814BE730
S214028488057844680C4837E740E803003CE80300F0
S21402849838E8030030E8030034E803002CE8030059
S2140284A828E8030010E8030024E8030020E8030095
S2140284B81CE8030018E8030014E8030000487047A5
S2140284C88982020030B5044685B00846039113F047
S2140284D8E1F8830708D410F0010003D003A814F0CB
S2140284E88FFF012005B030BD03998B7903F10C028A
S2140284F888188A5C013A1C2A00F2E880DFE802F053
S2140285080FE689E68CE695E69CE6A4E6ACE6B3E6D4
S214028518BAE6C2E6E6E6C4E6D2E6D4E6DD000379C3
S2140285280BB103F588534278023A162AD6D801A127
S21402853851F822F099850200E5840200A38502001C
S214028548E5840200AF850200E5840200BB850200CE
S214028558E5840200C7850200E5840200DF85020082
S214028568E5840200D3850200E5840200EB8502005A
S214028578E5840200F7850200E5840200E58402002D
S214028588E584020001860200E584020011860200E4
S21402859817212046FBF722FFA0E7002220461146B5
S2140285A811F004FE9AE71A460021204611F0ABFEA7
S2140285B894E700222046114612F016F88EE70022AB
S2140285C82046114611F0FEFE88E71A46002120468C
S2140285D811F0EBFF82E71A460021204611F0C8FF89
S2140285E87CE700222046114612F0F1F876E7194693
S2140285F8204612F055F971E70093002320461A46E2
S214028608194612F057F969E71946204612F0A4F9F6
S21402861864E7B0F80110BCE702338B710A46002300
S2140286284178204611F0C2FD5BE70133002220465E
S2140286388B7111F068FE54E702338B71427800237F
S214028648204611F0D1FF4CE701338B7100232046F8
S2140286581A4611F0B7FE44E70133002220468B7112
S21402866811F086FF3DE70133002220468B7111F098
S2140286789CFF36E702338B7142780023204612F0BD
S214028688A6F82EE70021B3E705338B710023B0F86E
S2140286980320B0F8010000930B460146204612F06C
S2140286A809F91EE70021B0E703338B710A46B0F8D2
S2140286B80110204612F06FF913E703338B710A464E
S2140286C8B0F80110204612F06FF90AE7002009E711
S2140286D82DE9F04F144687B09B46C36B06460D46F7
S2140286E85B69012202A960689847F36B012203A915
S2140286F85B692846984702A813F0D6FB074648B196
S2140287080023A37563754FF0FF33A360002007B0FC
S214028718BDE8F08F03A813F0D4FB0123A375237ECC
S21402872804EBC303DD611F846368AB420ED120608D
S21402873803A813F0E8FB4FF0FF332075A360237DF0
S214028748043B022B25D80023A375DFE723681A1AF1
S21402875803A853425341A37513F0D5FB237D8342E6
S21402876803A818BFA77513F0B0FB074602A813F0B4
S214028778ACFB874203A81CBF0023A37513F0ADFB0E
S214028788074602A813F0A9FB87421CBF0023A3755D
S214028798D5E703A813F099FB80B1F36B022204A96C
S2140287A828465B69984704A813F09EFB0346207D7B
S2140287B8032839D8DFE800F03838040903A8F3E7B5
S2140287C8237ECC2204EBC3031A8401F0C9FA109B59
S2140287D8187003A8277E13F06CFB04EBC70787F80C
S2140287E8220003A8237E04EBC303B3F8209093F871
S2140287F8227013F06AFB804603A813F06EFB8246CB
S214028808B8F1000F15D0F36B022204A928465B695B
S214028818984704A813F02DFB6075637D6BB9002397
S214028828A3754FF0000838E0227E04EBC2021384D8
S214028838CBE703A813F008FBEEE794F81680B8F126
S214028848000FEED0B9F1000F09D1DFB10123627E25
S214028858E375002A44D19F4218D1677614E0736CF8
S21402886805EB0A02594285EA020008421CBF0021AB
S214028878A175591E0A409B1A9945D0D8A37D002B8C
S214028888E3D1CEE7E37D43B94FF000084B465246A4
S2140288982946304613F084F8A060A27D12B12369F7
S2140288A84B4423611349237E097899421ED9013322
S2140288B82376BBF1000F1BD0D2B1E37DC3B1B8F16A
S2140288C8000F15D1032F13D0A1684B1C10D0109B94
S2140288D82246304600930123FFF7FAFEA07507E00A
S2140288E8012FDAD0032F08BFA376CDE70023A3759E
S2140288F8A07D0CE798E103002DE9F04F0E468BB0F9
S2140289089846002304464FF0FF31104617468DF866
S214028918133001F00FFAB6F5801F3BD3B21C53D1C1
S214028928E56A6B1C57D1616A204612F07FFF05463E
S214028938B31CDFF8189118BF01230193636A05A9CF
S214028948626C4FF0000B0293236802FB053AE36B56
S21402895805225B695046984705A813F05EFB13F09C
S21402896881FB504613F089FB824601464B1C05D014
S214028978636C81EA0A025B42134232D029462046D9
S21402898812F054FF029BAB424DD0BBF1000F4DD103
S2140289980546D3E7314605AA04F1080013F03AFA69
S2140289A80146481C10D0384601F0C4F90DF11303ED
S2140289B801223946204613F06FF828B19DF8133085
S2140289C888F80030002003E0237C002BA8D11D483D
S2140289D80BB0BDE8F08F2368ED1A636CB5FBF3F5B0
S2140289E8A6E7484601F0A6F90DF11303019A49468F
S2140289F8204613F051F8034690B1B21C03D0D9F8BA
S214028A080020B2420CD19DF81320494603933846FB
S214028A180D4B88F800201A6814F021F9039B9B4630
S214028A28D9F80810A2E7BBF1000FD0D0B6F5801F20
S214028A38C8D298F8003031467A6804F1080001F086
S214028A48BDF8BFE70BE000F094E10300941600209F
S214028A582DE9F3410E46044617469846816A194D93
S214028A68E36A8B422AD04B1C18E0284601F062F9CA
S214028A780DF1070301222946204613F00DF830B1FE
S214028A8843469DF8072029462046B847B0B1A9684C
S214028A984A1C05D0012E0AD0E36A9942E5D10DE0B8
S214028AA86968204612F04FFF012E0146D8D16B683E
S214028AB881EA0302636C5B421A42D1D002B0BDE877
S214028AC8F08100BF681600202DE9F041036B90463E
S214028AD8826B90B007680E469A42426C01A9044619
S214028AE888BF8363436A02FB0377C36B05225B690D
S214028AF83846984701A813F090FA012801463070C4
S214028B0856D0656C06A9E26B2368606AD2F814C070
S214028B18052205FB00300025E04706A813F07DFA7B
S214028B28012823D001218DF834800E958DF83C104B
S214028B38D4E90A32CDE90B4593422AD11946204692
S214028B4812F001FF236B626C1433E0629B1A2363F4
S214028B580C9B53B99DF83C303BB1626A616C236842
S214028B68E06B01FB023113F010FA0C9DE36B052251
S214028B7801A938465B69984701A813F04EFA307087
S214028B88236B2846A26B9A4288BFA36310B0BDE83F
S214028B98F081237C33B90BAA1C4904F1080001F0C2
S214028BA85DF8D5E70BAB1A4A2046FFF751FFCFE729
S214028BB8237C23BB2246174904F1080001F04EF82D
S214028BC8616A204612F053FE616A421C204612F081
S214028BD81CFE054620B9236B626C1344143B2363C0
S214028BE8A16A204612F0AFFE2368A062C01A636C20
S214028BF8B0FBF3F06062204612F0E9FEB6E7002307
S214028C08054A2046FFF724FFDAE700BF059402006C
S214028C188193020029BB0300C5BA030073B50D464B
S214028C28D11E1C461B7E4A424A419A4226D12968D0
S214028C382368994222D3636899421FD8114E0DF1D0
S214028C4807033246FFF758FEC0B972686B689A4245
S214028C5814D19DF80730DA1E53425341227E9342BE
S214028C680CD1636901336361D4E90323934205D2C5
S214028C782968A26842F8231001332361012002B052
S214028C8870BD00BFC01600202DE9F04F8BB09A4683
S214028C98DFF854B180469DF850300D4616460293CA
S214028CA8DBF810305345C0F09880DBF80430D14624
S214028CB80193B9F1000F00F08C80D8F83C300122FD
S214028CC807A901985B69984707A813F0FAF8DBF832
S214028CD80030984240F0848007A813F0FEF8042873
S214028CE8074614D107A813F0FFF8019B029A044618
S214028CF83B44002A3ED1864212D9361A14460199B6
S214028D08404612F020FEA9EB04090190D1E7D8F8F4
S214028D183C30022208A901985B69984708A8E2E74E
S214028D28841B9F19544528BF5446032CAAEB040AF1
S214028D384FEA94021CD9D8F83C302946384604F043
S214028D4803065B69984724F003031F441D44002E5C
S214028D58D5D0D8F83C30012208A938465B6998472E
S214028D683246284608A9354413F079FF0026C6E796
S214028D782646ECE700F003020344074603922A1845
S214028D8805930492049BDD1B059BD81B039B9F42FD
S214028D980FD1002FB3D0D8F83C30012208A95B695E
S214028DA898473A4608A9284613F0FFFE78B93D4484
S214028DB8A5E7D8F83C30012208A95B69984704223F
S214028DC808A9284613F0F1FE08B9043FDAE7DFF8E7
S214028DD81C9048460BB0BDE8F08FDFF81490F8E711
S214028DE8DFF81090F5E700BFEC16002012E000F05E
S214028DF811E000F022E000F02DE9F0410F4688B0BD
S214028E0816469846044660B390F83450FDB10121E0
S214028E1812F0D1FC0E9B0021CDF804800496CDE911
S214028E2802379DF83C308DF81C30237CCDE90511BD
S214028E388BB901AA0C4904F1080000F00FFFE06B99
S214028E48DDE90553002E08BF1D4612F077FE2846B8
S214028E5808B0BDE8F08101AB044A2046FFF7F8FDEA
S214028E68EDE70546F3E700BFF3BA0300258C0200D8
S214028E782DE9F04F99B00F46044609920A69416CEB
S214028E880E93D31D1439B3FBF1F3013302EBC3027D
S214028E98036B9342C0F00F820023DFF824940D93ED
S214028EA8E36A48461946079300F044FFD7E90336B3
S214028EB804930E9B022B4ED1CC2E40F08C81099B3C
S214028EC8002B42D03946204612F096FE656C079A69
S214028ED86B1E14901340ED1AE36B012216A97868EC
S214028EE85B69984716A812F0F0FF00280CBF042307
S214028EF80823782E06933FD9012300254FF0080A47
S214028F0805933B6805990E98C9F80030C9F81060B1
S214028F1812F0FDFF4FEA9A03DDF81CB089F8140038
S214028F28109300230B930F9308930C93616C4A1EBD
S214028F380BEA02028B1A002E3AD05544AB4242D8AC
S214028F48236B5B1A13442363ADE0049B1B681493DC
S214028F5808230693D0E7656C782E079A05F1FF3347
S214028F6803EA0203A5EB030516D8FB7D7BB9099B2A
S214028F78002BB1D104230693331DAB4210D9A6B1F8
S214028F88082DB9D804250023AA460593B9E7099BF4
S214028F98002BA1D10823EEE7099B002B9CD1D7E72B
S214028FA8002505954FF0040AABE704250596F9E770
S214028FB85345C5D30BEB0A03B0460393089B002B15
S214028FC818BF032313E0A3EB0A03B0460BEB0A020F
S214028FD89E42039228BF98469E42EFD9D9F810209F
S214028FE80123964289F8173071D1C9F804B008935C
S214028FF899F81730002B6CD099F818200899D31CCA
S214029008013209EBC30389F81820C3F804B0A3F8A1
S21402901808809972B8F1000F14D00E9B022B5BD110
S2140290280B9B7BB90F9B4344032B0BD9E36B0122A3
S21402903814A903989B6998470546002840F03D8185
S21402904801230B93089B16A80193059B009343469E
S21402905899F81420396800F023FEE36B109A16A9D3
S2140290689B6958469847051E0D9B18BF5B46524695
S2140290780D9359464346204612F092FC236B08F19C
S2140290880302C9F80800A3EB0A0322F003029B1A9C
S2140290982363002D40F011810F9BA6EB0806DDF82E
S2140290A80CB043440F935946204612F04CFC002558
S2140290B88346002E7FF43AAF814A04F108003968E5
S2140290C893685268E3620E9B00F078FDDEE00223A6
S2140290D88DE7C9F804B09DE7099B002B30D1049BA5
S2140290E8B8F1030F43440A9327D9E36B4FEA980271
S2140290F89B69DDE9030198470546002865D118F003
S21402910803025FD028F00305049B2B440493039BB9
S2140291181D444FF0FF33049915A8159313F09FFDCD
S214029128E36B2846012215A99B6998470A9B0546C0
S2140291380493002D86D0039B99E7039D4246E8E7F1
S214029148039B0A9307F120031193FB7D78689BB172
S2140291583D7E00230C9AD9B28D4211D9119903F19A
S214029168010C31F83310914226D907EBC30306994E
S214029178D8690A44104403E00C9B069A1344184420
S214029188E36B012215A95B699847159B012213A96F
S21402919813930C9B0A9804330C93E36B9B699847CA
S2140291A8039B0A9A054643449B1A042B07D978B9A7
S2140291B8134604330A93C8E7521A6346CBE70A9B58
S2140291C80393B6E70A9B04933CE70A9B0493B2E729
S2140291D80A9B0393AFE73B4E04F108030393236805
S2140291E8079A606CA2EB030ABAFBF0FA00FB0A3095
S2140291F812F043FFE16A8046204612F0A4FBA26AF8
S21402920882424AD0626CD9F80830511E2568E0625C
S2140292180B40216B891A0B4423630D9B5D1BB5FB20
S214029228F2F5AA4536D1079BB3EB080A12D0E36BD0
S2140292384FEA9A0241469B699847E36A079A834629
S21402924853440398DA46E362236B9B1A4344236328
S21402925812F0B1FD2368616CE06B01FB053112F078
S21402926881FE204612F0B2FA204612F0B0FB2063C6
S214029278BAF1000F11D03A69616CD31D1439B3FBE9
S214029288F1F3013302EBC3029042A8D2304619B07A
S214029298BDE8F08F4FF0000ADCE73A69616CD31D2F
S2140292A81439B3FBF1F3013302EBC302236B934287
S2140292B8BFF4F6ADEAE7044EE8E72E468CE700BFB1
S2140292C89416002023E000F006E000F02DE9F347AC
S2140292D81E46436904468846B34217469DF82890B8
S2140292E83DD300258DF80750D4F830A0204612F05A
S2140292F839FA82450AD2236AB5EB430F06D2002210
S2140293080DF107012046FFF7DFFB30B39DF8073063
S214029318012B05D100220DF107012046FFF7D4FBE9
S214029328B9F1030F06D0256B3146204612F005FA2E
S214029338854218D30D4D4FF0FF31284600F0FAFC4F
S2140293484B46002229462046C5F80080C5E9037622
S21402935802B0BDE8F047FFF78BBD0135C4E7044805
S21402936802B0BDE8F0870348FAE700BFC01600203F
S2140293780FE000F006E000F0032A2DE9F341064666
S2140293880D4617461C4606D1237A012B23D0012008
S21402939802B0BDE8F081DFF860800DF107030968C6
S2140293A84246FFF7A9FA60600028EDD19DF807202B
S2140293B8237A032AE8D0D8F804106A689142E3D1DF
S2140293C8012B2969D4F80CC007D10CEB010372698A
S2140293D8934202D92074207CDAE708313B46012200
S2140293E830466144E1602946FFF742FD6060002886
S2140293F8CAD00020CCE700BFC01600202DE9F341F2
S214029408089C032A1746266806D1237A012B24D0FD
S214029418012002B0BDE8F081DFF890800DF1070365
S21402942830464246FFF768FA60600028EDD12568A4
S214029438D8F80400A96AD5F844C04840227ACCF184
S21402944800031840E1D1012A09D1E268D8F81030A1
S21402945813447269934202D92074207CD9E728689B
S214029468EB6A1B1A081AB3FBFCF3B0FBFCF0834248
S2140294780BD1706CF36A421E1340326B121A2846DE
S2140294881344336312F05FFAE862D8F81020E368F0
S21402949808320649206813440122E3603B46FFF778
S2140294A8E7FC60600028B0D00020B2E7C0160020B3
S2140294B82DE9F04F4FF0FF334FF6FF72002500F10B
S2140294C80806044687B0C3620F4605620563C0E90C
S2140294D80923304612F06FFC204612F077F928BBB3
S2140294E82046394612F0F2F9204612F06FF928BBE8
S2140294F88A4D204612F09EFAECE0E26B01A9236838
S214029508606CD2F814C0052200FB0530E04701A8BB
S21402951812F083FD012828D12946204612F0A7F921
S214029528421C2946204612F070F90135E3699D422D
S214029538E3D3204612F04AF90028D1D000254FF08E
S214029548FF394FF6FF73CA46A846C4E90853E369CB
S214029558984514D3A5EB0905012D37D8636A4FF64B
S214029568FF72934247D16E4DC3E712F080FD002882
S214029578DBD02946204612F07AF90246D1E723685C
S21402958801A9E26B606C5769052200FB0830B847F0
S21402959801A812F042FD834601A812F015FD0746FF
S2140295A8584612F05FFD70B15745236ABA4638BF6F
S2140295B8C4F82480B94503F1010328BFB946BD4261
S2140295C8236238BF3D4608F10108C0E74FF6FF732D
S2140295D800256362E3699D42C0D2676C0522206853
S2140295E801A9E36B07FB050001355B69984701A8EB
S2140295F812F0EAFCEEE7E26B01A9676C206855698F
S214029608052207FB0300A84701A812F0DDFC626AE0
S2140296182368606C434D00FB023012F02EFD4FF0BB
S214029628FF33A0622A46E3626FF001010DF10303DD
S2140296382046FFF761F9002850D1AD682946204632
S214029648E56212F09FF8206320B9E16A204612F01C
S2140296587AF9E0622946204612F075F90546A36AA9
S2140296689D423DD165692046626CE91C143AB1FBFD
S214029678F2F105EBC1050335B5FBF2F5023512F03A
S214029688D9F98046A8423DD2616A204612F0CEF841
S2140296980027064604F1400A474512D3626C01A920
S2140296A8236802FB0639E36B05225B69484698473E
S2140296B801A812F089FC534602464946E06B12F0AE
S2140296C8DEFC01373146204612F0B0F8AF420646B5
S2140296D8E2D3154D284607B0BDE8F08FA56AADE778
S2140296E82946204612F04EF8236B074629460344BD
S2140296F82046236312F027F90546002FAFD1C4E9A6
S2140297080B07ACE73046002512F055FB0023074A44
S21402971820461946FFF79CF9EBE600BF03E000F087
S21402972816E000F0C016002013E000F08FBA03001F
S214029738634A00232DE9F04117680E460446136073
S21402974818B9604D2846BDE8F08190F834500DB33C
S21402975809680268914240F0AA807168426891429C
S21402976840F0A580B1688268914240F0A080F16816
S214029778C268914240F09B8031694269914240F04A
S2140297889680B169C26B914240F0918072691D461B
S2140297988261D7E750222946D0F8388013F02FFA8C
S2140297A8336804F10800C4F838802360736863607D
S2140297B8336963617369D6E90212A36112F00DFB7D
S2140297C8B36904F14000E3639B68984794F8432022
S2140297D820B1E561002AB4D03B4DB3E7656C002D95
S2140297E8F7D06668B6FBF5F3E361002AA9D0B5425E
S2140297F8F2D82268B2FBF5F105FB1122002A58D1ED
S21402980805FB1363002B54D1204611F0ABFFA36966
S214029818043303449E424ED3636940F63472CC3B0B
S21402982893424AD8B5F5007FD6D30321204611F0D5
S214029838C2FFE36BD4E900011B689847E36B054651
S2140298480220DB6898471DB1002384F834301EE0F6
S21402985839462046FFF72CFE1C4B0546984204D193
S21402986839462046FFF724FE0546636C143B002D56
S214029878EAD1226A204602FB03F611F073FFA369B7
S214029888043303449E4206D284F83450104DE06BEB
S21402989812F054F956E70F4A012384F83430136855
S2140298A80133D4E90001136008F06DFFEFE70A4DB3
S2140298B848E70A4D46E7064D44E7094D42E700BF2A
S2140298C81020002009E000F004E000F013E000F0A9
S2140298D802E000F00C20002008E000F001E000F0B2
S2140298E805E000F02DE9FF410F4690461E46054664
S2140298F898B390F8343093B3B1F5801F31D21A4C2E
S214029908022111F058FF0DF10F0322463946284668
S214029918FEF7F2FF024678B1012342463946284648
S21402992800933346FFF7D2FC0446E86B12F006F9BA
S214029938204604B0BDE8F0819DF80F30012BEBD12C
S2140299482169B142E8D10093414633462846FFF7DB
S2140299589BF904460028DFD1E7E7044CE8E7044C05
S214029968E6E7044CE4E700BFEC16002009E000F046
S21402997807E000F00AE000F02DE9FF410C46164623
S2140299881F46054688B390F8343083B3B1F5801F76
S2140299982FD2DFF87C80012111F00DFF21460DF150
S2140299A80F0342462846FEF7A7FF044670B99DF8FD
S2140299B80F30012B11D1D8F81030BB4213D1024612
S2140299C8009031462846FFF75FF90446E86B12F026
S2140299D8B5F8204604B0BDE8F081074C074A022BCA
S2140299E808BF1446F2E7064CF0E7064CF1E7064CC9
S2140299F8EFE7064CEDE700BF0BE000F00CE000F0E6
S214029A0811E000F009E000F007E000F00AE000F0DC
S214029A18EC1600202DE9F04385B00C4617461E4684
S214029A28DDF830800546A0B390F834309BB3B1F524
S214029A38801F32D2DFF88090012111F0BCFE214649
S214029A480DF10F034A462846FEF756FF044688B924
S214029A589DF80F30012B14D106EB0803D9F8102015
S214029A689A4214D300904346324639462846FFF7B0
S214029A780BF90446E86B12F061F8204605B0BDE81B
S214029A88F083074C074A022B08BF1446F2E7064C37
S214029A98F0E7064CF1E7064CEFE7064CEDE700BFA9
S214029AA80BE000F00CE000F011E000F009E000F036
S214029AB807E000F00AE000F0EC1600202DE9F3417A
S214029AC81F4600230C46164605463B6050B390F8E0
S214029AD834304BB3B1F5801F28D2DFF864800121F9
S214029AE811F069FE21460DF1070342462846FEF7A5
S214029AF803FF0446A0B99DF80730032B10D0022BAB
S214029B080AD10123336004233B60E86B12F016F88F
S214029B18204602B0BDE8F081D8F810303060F3E78E
S214029B28034CF2E7034CF3E7034CF1E7034CEFE789
S214029B380BE000F009E000F007E000F00AE000F0B1
S214029B48EC16002030B50C4685B0054628B390F8CA
S214029B58343023B3B1F5801F23D2022111F02BFE35
S214029B680DF10F03104A21462846FEF7C5FE0346A6
S214029B7888B99DF80F20032A0DD0032221460092A9
S214029B8802462846FFF7A2FB0446E86B11F0D6FF0A
S214029B98204605B030BD054CF7E7054CF8E7054CFE
S214029BA8F6E7054CF4E700BFEC1600200BE000F0E1
S214029BB809E000F007E000F00AE000F02DE9F041C5
S214029BC84668002E46D005684FF0000CA846AE46FA
S214029BD855F83C400CF1010CC4F31307013401D0CC
S214029BE8B94218D0B4450EF1080EF1D12F4600241A
S214029BF803E0B44207F1080713D055F834C001341D
S214029C08BCF1FF3FF5D1C1F313017A6041EA035173
S214029C183960BDE8F08141EA0353CEE90032BDE877
S214029C28F081032B16D0002403E0B44208F108089A
S214029C3810D055F834700134C7F30757032FF4D100
S214029C48C1F31301C8F8042041EA0353C8F80030E8
S214029C58BDE8F08101230372BDE8F0812DE9F043E7
S214029C68476883B0C7B106468846914600243368DB
S214029C78304653F8345003EBC4030134C5F3075295
S214029C88C5F31301013505D05B68CDF80090C047CF
S214029C9810B17768BC42EAD303B0BDE8F08300BFD0
S214029CA873B5012A044622489DF8185000EAC111E5
S214029CB823F07C4007D9961E012E28D9073303F0D5
S214029CC87F03194308E09DF81C300A43DB0603F0BD
S214029CD8C053134343F060410023C4E900108DF8D3
S214029CE80730B5B1202221460DF1070012F01CF903
S214029CF81A220DF10700211D12F016F963689DF865
S214029D080720082043EA8263636002B070BD1143ED
S214029D18E2E71B220DF10700214612F005F9236837
S214029D289DF80720042043EAC2632360EDE700BFDC
S214029D3880FFFF0738B5094B0D46002104461A680E
S214029D4812F05DFF00234FF0FF322361A260E38228
S214029D582383A376C4E9002538BD00BF94E1030037
S214029D680138C0B205289ABF014B185C012070471B
S214029D7844E803002DE9F0410E46596888B00746C4
S214029D881546490A0024012922464FEA510104F1E0
S214029D980104F8D8DC78520399784FF000082403B7
S214029DA81B88C9020DF1070004F48054C3F30A03A2
S214029DB801F4006192B28DF807800C4302A923448D
S214029DC89C18254B1B22039325F07843ED436FEA34
S214029DD80444029312F0A8F89DF8072025F0784567
S214029DE8029B02A90DF10700029543EAC2631B22F1
S214029DF88DF807806FEA1444049312F095F89DF8DC
S214029E08072007A9029B06F11000079443EAC263DB
S214029E18012205934FF0FF330693BB699847044621
S214029E28BB6905A9012206F108009847404518BFF4
S214029E380446BB6904A90122301D9847404518BF4D
S214029E480446BB69012203A930469847404508BF25
S214029E58204608B0BDE8F08101009AB21046044ACE
S214029E681368591E033102D800211160184770473B
S214029E78D4290020034B1868034B002808BF18464D
S214029E88704700BF1420002074E8030008B5044891
S214029E9812F032FA80F00100400000F0FE0008BD21
S214029EA81C20002013B50B4C0229226005D10A4853
S214029EB812F022FA002002B010BD0A4600930146AC
S214029EC8064B054812F0FAF9003818BF0120400080
S214029ED8F1E700BFD42900201C200020659E02005E
S214029EE8014812F01CBA00BF1C20002000210148BD
S214029EF812F037BA1C20002008B5064B1B6801333F
S214029F0805D0FFF7EDFF80F00100C0B208BD0020C3
S214029F18FCE700BFD4290020F8B50D4610B9002486
S214029F282046F8BD0E4F3E68002EF8D100F07EF8A7
S214029F3804460028F3D0386000F0C4F8204612F031
S214029F48F0F838B130463E6000F0BCF8204612F011
S214029F58E3F8E4E7002DE3D02046A847E0E700BF91
S214029F6818200020024B1868003818BF01207047D6
S214029F781820002038B50C4602F002F8A3780B4ADF
S214029F8813705A1E55425541A8420CD0012B04D0D4
S214029F982846BDE8384001F0DBBF204601F0AAFF9C
S214029FA80028F5D038BD0020FCE700BFFB260020BD
S214029FB8002108B5024B08465B689847002008BD92
S214029FC8E829002010B50446FFF754FF0C4B1A1A6E
S214029FD853425341A34201D1012010BD094B1B68CD
S214029FE83BB9094A064B002C08BF1346074A1360BA
S214029FF8F2E712F077FA0028F3D00020EDE700BF68
S21402A0084CE803001820002074E8030014200020FF
S21402A018431E033306D8044B984228BF18466428C2
S21402A02838BF6420704700BF40420F00F8B50546A7
S21402A03808F031FB07460F4B1E6826B9384608F06B
S21402A0482EFB344611E0B4688CB194F810C01CF0AC
S21402A058010F0CD14CF0010C95E80F0084F810C0E3
S21402A06884E80F00384608F01AFB2046F8BD366822
S21402A078E3E700BFDC29002038B505460C4641B1A7
S21402A0880B6833B11B68013303D0CB680BB18B68FE
S21402A0984BB912F0FBFBBDE838404FF486724121FB
S21402A0A8002000F07FBA084602F028FF0023044A80
S21402A0B885F81C31C5E93043C2E9003338BD00BF14
S21402A0C8780B002010B5044618B9054B054A1360EC
S21402A0D810BD00F06FFFD4F8CC30002BF6D1F4E7B1
S21402A0E809C10300D829002008B502460868FFF708
S21402A0F88FFF08604868FFF78BFF48608868FFF79D
S21402A10887FF8860C868FFF783FF0B69C860581C1A
S21402A11803D00B48834228BF03460B614B69581C81
S21402A12803D00748834228BF034688694B61FFF776
S21402A1386FFFBDE808408861104601F067BE00BFA1
S21402A14840420F002DE9F84FD0F8C43006460F46B5
S21402A15813B1438B8B4244D0D6F8C0B0BBF1000F84
S21402A16842D0DBF80830002B3ED0DBF80C10002972
S21402A1783AD0D6F8D4A0BAF1000F38D04FF000097A
S21402A1884D46C84601E0DBF8083005EBC50203EB8E
S21402A1988204E3890135BB4214D8238ABB4211D311
S21402A1A8B4F91220B6F92630934250DD304696F8B6
S21402A1B81011EAF789FEB37D81468342A04606D986
S21402A1C8DBF80C108D42DED3B8F1000F39D000232D
S21402A1D8424630461946D0477783C6F8C48086F882
S21402A1E819910020BDE8F88F0320BDE8F88FD14604
S21402A1F847F6FF755446524604EBC40803EB880834
S21402A208B8F80E30BB4216D8B8F81030BB4212D394
S21402A218B8F91220AA4202D14FF0FF09DCE730460D
S21402A22896F81011EAF750FEB37D81468342D3D9D9
S21402A2384246DBF80C100134A14204D9DBF8083098
S21402A248DAE70120CEE7002AFBD09046C4E7A0460C
S21402A258BDE700BF2DE9F04782B004460F46164612
S21402A26801F0D6FF002856D1484D2B68D4F8C0A076
S21402A278D4F8C4800BB1534568D04FF00009AF60DC
S21402A28801F0F8FF0128074657D1204612F022FAB5
S21402A298002844D12B68DAF80010D8F8002013B149
S21402A2A8186888425DD0204612F0C6F9C5E900A8AB
S21402A2B8D4F8D4508DF80760002D59D000222046D5
S21402A2C811460DF10703A847204601F08DFA054608
S21402A2D8B9F1000F0CD05EB9012F05D025B12C4B71
S21402A2E8002103205B689847284602B0BDE8F0873D
S21402A2F8B5FA85F040F2DB323321400900F052F914
S21402A3083146204601F0A4FC224B0546414620462B
S21402A3181B689847E0E700231C4D6B60A5E794F995
S21402A3281030002BB6DAA36B5B05B3D51A4B0122A5
S21402A338002120461B689847ACE70021012000F060
S21402A34877FE01F097FF0128FBD19EE76B68002B8A
S21402A35893D0434591D1AB689F4214D04FF0010980
S21402A3688DE7696811B1096891429FD059689AE7E2
S21402A378A17D94F819313246994228BF19462046DB
S21402A38801F0B4F9A0E70025AEE700BF780B00207D
S21402A398E8290020D8290020A8220020F8B50E4671
S21402A3A8054608F078F9314607462846FFF7CAFEFA
S21402A3B80446F8B1284612F08DF938B195F91030EE
S21402A3C8002B08DB0023114A82F8AC30384608F026
S21402A3D866F92046F8BDAB6B13F48063F3D0B5F884
S21402A3E80A31B3420FD0B5F80C319B1BB3FA83F38C
S21402A3F85B09E8E701F0EEFE224631462846FFF7FB
S21402A40829FF0446D6E70123DDE700BF001E00B099
S21402A418F8B51C4B05461B680E4603B198473146ED
S21402A4282846FFF729FED5F8C03073B15B6963B1D9
S21402A43812F0D3FAD5F8C03040F253125B694221C3
S21402A4481B1A5842584100F0ADF800224FF6FF7327
S21402A4584FF0240CF768D0B2B84208D31C462146FF
S21402A4682846FFF79BFF12F019FA2046F8BDB16896
S21402A4780CFB0011CC899C4202D2002CEFD023465A
S21402A4880132E8E7A422002070B504460E4608F01A
S21402A49802F9314605462046FFF780FF044620B9F2
S21402A4A8044B01465B6803209847284608F0F7F8ED
S21402A4B8204670BDE829002037B51B4BD0F8C020CF
S21402A4C8D0F8D4501A60D0F8C4200446C3E9012153
S21402A4D800228DF807200DBB817D90F819312A4697
S21402A4E8994228BF194601F001F9204601F07CF985
S21402A4F8B0FA80F04FF47D723321400900F052F82A
S21402A5080121204601F0A4FB0546084B20461B689D
S21402A518D4F8C4109847284603B030BD11460DF14A
S21402A5280703A847E1E700BF780B0020D8290020D8
S21402A53813B50446694611F07DFE204612F005F86A
S21402A548FF28024606D020469DF80010EAF73CFD92
S21402A55802B010BD0048FBE70080FFFF4FF400730F
S21402A56807B50A490DF10602ADF8063011F07EFE6F
S21402A578BDF80630B3F5007F05D1022808BF0020D3
S21402A58803B05DF804FB0120FAE700BF3420002080
S21402A598024B1960024B1860FEE700BFE029002054
S21402A5A83422002008B550B90548064B01601A60E7
S21402A5B8054B1A68054B1A601868FFF7E9FF08BDCD
S21402A5C8E02900203822002018200020342200200B
S21402A5D8054B1B680BB918467047834201D01B69A6
S21402A5E8F8E70120704700BF40220020094A136896
S21402A5F80BB918467047834207D11B6901201360BE
S21402A608054A1368013B1360704703F110021B6981
S21402A618EEE700BF402200203C2200202DE9F74F3B
S21402A628064608F03FF8DFF82881012398F800B0BC
S21402A638DFF820910190BBF1000F06D089F80030B0
S21402A64803B0BDE8F04F08F033B83F4F88F8003043
S21402A65889F800B011F0D3FE08B111F0CEFE3D68BD
S21402A6683A495DB9DFF8F0A0DAF800200024AA42D9
S21402A6783B682FD84FF0FF3134483BE06B7D8BB1F7
S21402A6882B68B34202D09A1B8A420BD96A681344D3
S21402A6982B60AB68003A18BF0122003B18BF0123A3
S21402A6A86A75AB752D69DCE7907D20B1107D88420E
S21402A6B89CBF014614461269002AF5D1002CD9D04F
S21402A6C8D4E90001A275411AD4E902322046984715
S21402A6D80135C9E71A46FF21EEE75A7D4AB11A68DC
S21402A6E8B24224D0921B824221D8914201D311460B
S21402A6F81C461B69002BF0D15CB12046FFF776FF9B
S21402A70838B13B683C602361DAF800300133CAF896
S21402A71800303B685A7D6AB911F06DFE064699F814
S21402A7280030002B94D1019888F8003088E71C4640
S21402A7380021DEE7186800F0D3F8044611F05BFE45
S21402A7480646002C84D1EAE740220020FCFFFFBF21
S21402A758FD260020FC2600203C22002038B50546AF
S21402A76808B31822002112F04AFA07F09BFF0246A5
S21402A7782846FFF72DFF20B1104607F099FF022062
S21402A78838BD0A4B1C6854B909491D600B68104647
S21402A79801332C610B6007F08BFF2046F0E704F1CB
S21402A7A810032469EFE70120EAE700BF40220020F1
S21402A7B83C22002038B50446FFF70AFF07F072FF6E
S21402A7C805462046FFF704FF637D23B9284607F0AF
S21402A7D86FFF032038BD00236375064B1B68A34230
S21402A7E803D111F008FEFFF719FF284607F060FFAD
S21402A7F80020EFE7402200202DE9F84FDDF82890E8
S21402A808984604460D469246FFF7E2FEDDF830B05B
S21402A81807F048FF074611F0EEFD06462046FFF70A
S21402A828D7FE637D23B12046FFF7C4FF0023A37536
S21402A838BAF1010F23D175B9B8F1000F21D1B9F1D8
S21402A848000F03D05A4631462046C847384607F016
S21402A8582FFF002019E035440D4BAA1B9A4210D848
S21402A868012363759DF82C303046C4E90058C4F8B5
S21402A87808902375C4F80CB0FFF7D0FEE6E7AE42A0
S21402A888EAD1384607F014FF0120BDE8F88F00BF6A
S21402A898FCFFFFBF2DE9F04107468846FFF798FE02
S21402A8A807F000FF3D68064611F0A5FD7B7D7BB1EB
S21402A8B885420DD0094B2C1A9C4209D8304607F01F
S21402A8C8F7FEB8F1010F08BF25462846BDE8F08115
S21402A8D8304607F0EDFE0025F7E700BFFCFFFFBF96
S21402A8E80023024A194600F0A3BD00BFC9C30300ED
S21402A8F80C232DE9F74F06460F46144600254FF05F
S21402A9080609DFF854801370EBB209FB03F3D8F894
S21402A9180010CA185079012807D92078A0F10C032C
S21402A9285842584103B0BDE8F08F31F903B01179A7
S21402A938B2F902A030460022019111F025FD0199D4
S21402A94808B90135E0E72170B7F900305B45F8DB56
S21402A9585345F6DC0020E5E7E4290020014911F01A
S21402A96850BD00BFD9C40200014911F04ABD00BF5C
S21402A978ADC4020070B5164E032804460D46337859
S21402A9881ED023FA04F202F00102AA421DD053B1E5
S21402A9980122A240A54023EA02032B43DBB233700E
S21402A9A84BB1012070BD2DB10A4B01201B68984798
S21402A9B83378EDE73570074B00201B689847F0E7B9
S21402A9C89A07DED003F0FC03E9E7002070BD00BF5B
S21402A9D8FE2600208022002038B504460D46FFF7E2
S21402A9E8C1FA60B101F02AFC48B9012D07D8012046
S21402A9F811F06FFE0D4B1B6823B15B6898470C4B32
S21402AA081C7038BD09F039F90A4B1A68801A1860A2
S21402AA18EDF75AFD4FF47A72074B1B6802FB0030BB
S21402AA2811F04AFC012001F011FCE8E7A022002000
S21402AA38142B0020782200207C220020F8B5054638
S21402AA480C4607F028FE104F06463B7833B1012D18
S21402AA5804D01CB90D48EDF723FC3C702146284665
S21402AA68FFF788FF0A4B04461B783BB93B782BB99D
S21402AA7811F017FE10B1074B1B689847304607F0CF
S21402AA880EFE2046F8BD00BFFF26002054220020F6
S21402AA98FE260020E8290020054A0B46117831B127
S21402AAA800211170034A012152681878104770472E
S21402AAB8FF260020E8290020124B0239012910B58A
S21402AAC818701ED8FFF74EFAD8B101F0B7FBC0B11E
S21402AAD801F020FAA8B90C4B1C6834B123689847D1
S21402AAE8BDE81040002011F0F4BD11F0E3FB074B5F
S21402AAF8186009F0C2F8064B1860204601F0A6FB5B
S21402AB08EEE710BD142B0020A02200207C22002095
S21402AB187822002038B5044680B107F0BCFD012132
S21402AB2804460846ECF758FF01210B4A084609F086
S21402AB380DF82046BDE8384007F0B1BD07F0ABFD7A
S21402AB48054621460120ECF747FF01202146024A26
S21402AB5808F0FCFF2846EDE7BAE80300F0B585B032
S21402AB6807F099FD324D04462B7823B13148EDF7AC
S21402AB7897FB00284FD1EDF741FC02AA03A911F072
S21402AB887AFD034600283FD011F089FD029B9842C1
S21402AB9823D10020284B03991B68284E994230700F
S21402ABA827D90027C91A012322482B70244A33467C
S21402ABB8CDE9007709F018F8002834D1214A13782D
S21402ABC8D90708D5317831B903F0FE03137013B9E3
S21402ABD81D4B1B689847204611E011F05EFD029B4C
S21402ABE898421ED0002318461349144A096813705F
S21402ABF803910121FFF7BEFE002320462B7007F0C3
S21402AC084EFD002005B0F0BD20462B7007F047FD2C
S21402AC18012005B0F0BD204607F041FD032005B02F
S21402AC28F0BD0220B6E7032320462F703370F3E701
S21402AC38FF2600205422002074220020132B002016
S21402AC48A1AA0200FE2600208022002038B507F0BE
S21402AC5822FD0F4D04462B789BB90E4A0E491370F7
S21402AC680E4B0F4A0F481A600F4A5A60ECF72EFF2F
S21402AC780E490F48ECF72AFF0E4B0F4A1A600123BB
S21402AC882B70EDF7F3F9204607F009FD002038BDD2
S21402AC9800270020FF260020C0E80300E82900203D
S21402ACA865AB02004422002045AA0200C8E8030059
S21402ACB84C220020802200201DAB020010B504465C
S21402ACC8D0F8F8200A4B4FF40061C3F89020027CB3
S21402ACD8120202F4006205F059FE237C13F0080FF4
S21402ACE84FF4007314BF034A034A136710BD00BF2C
S21402ACF8001E00B0001002B8002002B837B50C4695
S21402AD081D4D41B90A46012105F040FE1B4BEC6079
S21402AD185C6003B030BD0122114605F037FE0722FB
S21402AD28174B0121DA60237901A82B736379019303
S21402AD3811F0C2FE019BC2B2D34000F00F0040EAF7
S21402AD4803106873A279AA73E279EA732068286105
S21402AD5883B1012102888B4205D82379013B13442B
S21402AD68084A1362D5E730F811500131AA4228BFC3
S21402AD782A46F0E71A46F0E7001F00B00C1F00B09C
S21402AD88006000B8004000B810B5054C237823B11F
S21402AD9803F0BAFC0020207010BD0320FCE700BFB9
S21402ADA80227002008B503F099FC0122014B002077
S21402ADB81A7008BD02270020431C07D06FF0FF0256
S21402ADC8034B10401A62A3F580531862704700BFFF
S21402ADD800E000B810B5042301240A4A0A49D1F84B
S21402ADE8EC00C2F8EC30C2F8E0300C634FF40051C5
S21402ADF8D162410742BFC2F8E030A2F58052C2F8DB
S21402AE08EC3010BD006000540040005400F01803F7
S21402AE18182B0AD003070AD440F2011310F01000C8
S21402AE2818BF1846034B986370470020FAE70120BC
S21402AE38F8E700BF001F00B0364B2DE9F7431E683F
S21402AE4801F4007900F00103174653EA09020546A1
S21402AE580C4632D04FF0000823B30023002200210C
S21402AE680120CDE9008804F09BFB042002F0F8FDDF
S21402AE784146304603F040FA01224146B083104666
S21402AE8811F059F9B16B06F1D80003F0B9FA224964
S21402AE980868FFF791FF4FF0FF330B60337C43F0EF
S21402AEA804033374B9F1000F07D00121304611F0BC
S21402AEB8C5F924F4007405430C43D6E94E232A4008
S21402AEC8234052EA030103D01449304609688847EA
S21402AED8FB070FD51249134A086800211368116048
S21402AEE80121114A117003B19847104B0021022024
S21402AEF85B68984717F00E0F08D040F20B223B21EA
S21402AF08002003B0BDE8F043FFF74CBB03B0BDE832
S21402AF18F08300BF18200020F0290020F429002022
S21402AF28942200209822002004270020E8290020E6
S21402AF38F7B504461046D4E94EC7DDE908268CEA7A
S21402AF48020587EA06010540194085EA0C0579409C
S21402AF58C4E94E51002523F4004106EA010320F015
S21402AF68010043F40073024043F00203CDE90055A2
S21402AF7804F016FB237C9A0717D5D4F83C319B05B8
S21402AF8813D54FF48811204611F058F9237C65F33F
S21402AF9841032374D4E94E2302400B4052EA0301CC
S21402AFA803D00349204609688847002003B0F0BD4D
S21402AFB8F429002038B10368044A002B08BF134658
S21402AFC8034A13607047014BFAE700BFBBC403008D
S21402AFD8F4290020024B586A00F00F00704700BFA1
S21402AFE8001F00B00F2938B505460C460ED801F0EA
S21402AFF841F901280CD1074A2846536A23F00F0361
S21402B0082343536211F069FB002038BD0120FCE798
S21402B0180220FAE7001F00B0014B986A704700BF8B
S21402B028001F00B0014B002099627047001F00B055
S21402B03803282DE9F347884655D82C4B13F8009079
S21402B0482B4B1E5C2B4B13F800A007F024FB07467D
S21402B05804F060FC054640B100230022CDE9003327
S21402B06801200023002104F09BFA04F05BFC48B19F
S21402B07800230022CDE90033002000234FF40041CC
S21402B08804F08EFA6EB31C4BDC6C04F008041B4BFF
S21402B09831464846DC6404F073FE012352463146C4
S21402B0A8484604F0EFFE164BDC6465B1154B18688B
S21402B0B8816BD83003F0A4F913490868FFF77CFEC1
S21402B0C84FF0FF330B60B8F1000F04D00F4B00218E
S21402B0D803205B689847384602B0BDE8F04707F099
S21402B0E8DEBA3446D3E702B0BDE8F087D8E80300F4
S21402B0F8D4E80300D0E80300004000B8006000B8B7
S21402B108005000B818200020F0290020E829002066
S21402B1180F4A136F13F0A00F15D1506F10F00400EA
S21402B12813D10C4BD3F8C03E23F07F4323F0FF0322
S21402B1385BB1D368C3F30362092A07D0B2F10C00E5
S21402B14818BF01207047002070470120704700BFD3
S21402B158000002B8001000B070B50D4616460BB1D6
S21402B168FFF738FE01240A4A29469368926A03F0D2
S21402B178070306339C40C2F30C03E41AA4B2B44293
S21402B18828BF34460348224601F028FC204670BDF4
S21402B198004000540840005470B50D46064620B9D3
S21402B1A8194B1B68A3B1032011E001F063F80128CC
S21402B1B828D1164B93F90040C4F11C04641BC4F151
S21402B1C81C03002BB8BF5B42232B0CDD012070BD8D
S21402B1D881EAE173A3EBE173DBB2232BF6D80B4BC0
S21402B1E819700020F3E7B57407F055FA084AE40226
S21402B1F8D36904F4FF2423F4FF231C43D46107F025
S21402B2084EFAEEE70220E2E7182000200127002087
S21402B21800C000B810B5044611F05CFA10B101205F
S21402B22801F094F82046FFF749FD07F034FA0A4A77
S21402B2380121D2F88C3E044623F02003C2F88C3E45
S21402B2480222064B08469A60054B5B6898472046DA
S21402B25807F025FA002010BD001000B0001002B852
S21402B268E8290020094B08465A6A91020BD4D3F8FB
S21402B2780021D20708D4D3F8803013F4706F14BFB5
S21402B2880120002070470120704700BF004001B827
S21402B298F8B50E46836B02EA010423EA0103234348
S21402B2A88363464A01F00B0323EA0401D164234070
S21402B2B8A2F5805277070546D36410D50121FFF719
S21402B2C8D1FF60B104F0FEFC4FF4007314F0040FD3
S21402B2D814BF3B4A3B4A536204223B4B1A67F006AA
S21402B2E806D514F0100F14BF00221B22374B5A65DE
S21402B2F831061DD5220616D54FF40012304B1A62B7
S21402B308012203F58053C3F8002107F0C4F90E2181
S21402B3180746032002F0B6FF40F201222B4B3846BE
S21402B328DA6207F0BCF9214605F1D80003F068F89E
S21402B338F30503D5E7052AD502F074FFB00503D551
S21402B348A10527D502F07AFF16F48C6F1DD014F4E7
S21402B358806224D095F91030002B0CDA6A8BB5F887
S21402B3680A31934219D0B5F80C319A1A534253410E
S21402B378174A82F8AC30D5F8C810284611F09AF861
S21402B3888022144B5863144B1A610020F8BD02F051
S21402B39843FFD3E702F04CFFD6E70123E8E773053D
S21402B3A8E9D595F91030002BE5DA094B114683F8F2
S21402B3B8AC200A4B28461B689847DCE7006000B8B2
S21402B3C8005001B8006001B8002002B8004000B87A
S21402B3D8001E00B0001F00B0000002B8A82200201D
S21402B3E8014B1868704700BF9022002037B507F057
S21402B3F852F9002401230022CDE900340023054631
S21402B4081946104604F0CCF8022002F029FB064B37
S21402B41821461C60054B02205B689847284607F0C1
S21402B4283EF9204603B030BD98220020E8290020C5
S21402B4382DE9FF4102290D4616469846039004D187
S21402B448FFF7D4FF04B0BDE8F08107F024F91D4FDA
S21402B45804463B683BB1B34205D007F020F9002307
S21402B46801203B60EEE7184B0022C3F80080012358
S21402B4783E60CDE90033002300261046194604F044
S21402B4888FF8124B02201E7002F0EAFA33462A465A
S21402B498022003A902F002FB0D4B039A1A6008B9B0
S21402B4A82046DAE70B4D2B6898470128014604D058
S21402B4B8204607F0F4F80020C4E76B680220984795
S21402B4C8F6E700BF982200209422002004270020D6
S21402B4D890220020E8290020044B5B6E5B054EBFD5
S21402B4E80120034B187800F00100704700C001B82D
S21402B4F804270020014B186A02F0D6BE004001B8A5
S21402B508014B186A11F06BBA004001B8437C5A1F07
S21402B518012A01D9082B05D14B7C2BB1012B05D06A
S21402B528022B05D010F0F1BF024870470248704758
S21402B5380248704720A1070048E8010040420F0071
S21402B54870B50E4607F0A7F8054600F0B7FE0446A3
S21402B55820B1284607F0A3F8204670BD04F0B2FBD7
S21402B568104B3278D3F8C03E022A23F0F00315D0E7
S21402B578101F42424241520043EA02137278022ADC
S21402B5880ED0111F4A424A41520043EA8213054A24
S21402B598C2F8C03E0422044B1A67DAE70122EBE738
S21402B5A80122F2E7001000B0002002B870B50E467D
S21402B5B807F071F8054600F097FE044620B12846C3
S21402B5C807F06DF8204670BD04F07CFB104B32780D
S21402B5D8D3F8C03E022A23F00F0314D0101F4242AB
S21402B5E84241520013437278022A0ED0111F4A4271
S21402B5F84A41520043EA8203054AC2F8C03E042280
S21402B608044B1A67DBE70122ECE70122F2E700BFE8
S21402B618001000B0002002B82DE9F8430E78044660
S21402B628042E0D4690F810810BD100275FFA87F991
S21402B638484601F095FD08B14E4602E00137042F50
S21402B648F4D1304601F08CFD002845D094F810312C
S21402B658B34208D1AA88E36C9A4204D16A88B4F83D
S21402B66812319A4235D084F81061AB883046A4F875
S21402B67814316B88A4F81231AB8804F58875E36434
S21402B688FF23E37511F035F9A075284601F094FCFE
S21402B69818BB284601F05AFDF8B9D4F8C43053B19D
S21402B6A894F81011414506D02046B3F91220E9F75E
S21402B6B80BFC84F81901204601F0B4FE0949A4F8E7
S21402B6C814010123084AD1F8FC1004F1D80003F04B
S21402B6D84DFD0020BDE8F88301200C2384F81031C4
S21402B6E8F8E700BF001F00B0581F00B0F8B50546BF
S21402B6F890F810010C460C28164622D0FF2922D0B4
S21402B7081AB14FF0FF32114B1A6011F0F2F80746E1
S21402B71895F8100101F082FD844228BF0446E4B27F
S21402B728BC4238BF3C46E0B2E87501F01DFE04464E
S21402B73816B9284601F086FDA4F1FF03584258417F
S21402B748F8BD0220FCE70120FAE700BFFC2900202A
S21402B75810B590F8103104460C2B3DD0D0F8C43002
S21402B7688175B3B3D0F8D420D2B990F819318B4288
S21402B7781CD300222046FFF7B9FF80B9174B1B7867
S21402B788022B0BD8204601F04DFE15490123154A17
S21402B798D1F8FC1004F1D80003F0E8FC002010BD34
S21402B7A8B0F92620B3F912309A42E2DD002220468A
S21402B7B894F81911FFF79AFF0028F0D1C4F8C400CC
S21402B7C8204610F0CBFC01462046BDE81040FEF7A6
S21402B7D8E5BDFF23C375E1E70220E0E7F62A00206D
S21402B7E8001F00B0581F00B0036C012B01D10020C7
S21402B7F87047F0B5054668498DB011F0AFF8D5F830
S21402B808C46001466C8BC5F8C80026B1336813B10C
S21402B8185B68002B68D106F03EFF06F040FF012366
S21402B828D5F8C8108DF80630B389D6E90120E31A90
S21402B8389BB200FB03225948ADF804300368009215
S21402B8488B4207D0284610F035FE80225449554BC5
S21402B85848631A61534C00F00DFD0128FBD1A3681A
S21402B8689A06F8D428469DF80620009906AB03F0F7
S21402B878ABF9002835D100F0FDFC01280446FAD1C0
S21402B888684606A903F058FB064650BB6A8B464B29
S21402B8985A642B7C60F341032B7401F03FF8D5F809
S21402B8A8C4305969431E0F68DBB2FD2B029721D9B3
S21402B8B8FB1C35D84B68FF2808BF2746039368D178
S21402B8C8DE1C23D8024602A9284610F04BFFD7B939
S21402B8D8D5F83C3199053FD42B7C43F002032B74F0
S21402B8E811E002200DB0F0BD1A68032A93D99B6AAC
S21402B8F85B0E97E74B68012803930FD0024628464B
S21402B90802A910F02FFF00200DB0F0BD0133274B1F
S21402B9185B6818D0DA1C30D80393D3E70746CFE71C
S21402B928224B01371B6818BF0127DA1C06D8029378
S21402B9384B68FF280393C3D00020C3E7FF284B6851
S21402B94824D00393C3E7DC1C1AD80246284602A969
S21402B958039310F007FFBBE74FF48031284610F038
S21402B9686DFCD5E94E2302400B4052EA0301CAD0C9
S21402B9780F49284609688847C5E7FF28A7D1DBE7A5
S21402B988FF28A5D10022284602A9E2E7204603930B
S21402B99896E73246B3E700BFFC1F00B084220020B9
S21402B9A8001F00B0000002B8008001B8042A002078
S21402B9B8F429002038B590F81C5104463DB306F029
S21402B9C86AFE1F22124B013D5A621540114A12495D
S21402B9D85562D4F820518D66D4F82451CD66D1F834
S21402B9E80011C9070FD54FF0FF31C3F80411616C77
S21402B9F8C2F804114FF0F041C3F81011E37CDB06DD
S21402BA080B40C2F81031BDE8384006F048BE38BDD3
S21402BA18006001B8005001B8004001B82DE9F74FA0
S21402BA2806461546084619B9012003B0BDE8F08F48
S21402BA38002AF9D0032904D8002101F0A9F9002820
S21402BA48F2D004888278B4F5804F02F0070180F0BD
S21402BA58CB80A1F1070C037990F80590C788DCF132
S21402BA68000040EB0C000529287394BF0020C2F39F
S21402BA780010C2F3801C6873900985F810C000F0A5
S21402BA880200C2F3C00C40EA0C00C2F3401268740B
S21402BA98AA74AF820BB996F8FE30013BDBB2EB74A0
S21402BAA8B36BD80600F18C800639012900F288802B
S21402BAB84FF001084D4B083C5B6D4D4BDF6B9B6BA3
S21402BAC847F0005703F00703063308FA03F8002383
S21402BAD808F1FF3804EA080417F804A0013404EA57
S21402BAE80804AB60631D03EA0803BAF1800FFA5C28
S21402BAF8717C03F1010318BFAAF1320A03EA0803AC
S21402BB0808BF6FF07F0AFB5C18BF4FFA8AFA41B388
S21402BB180020D6F8D0300BB151469847631CE8731C
S21402BB2885F80EA003EA0803F95C013303EA080362
S21402BB38FA5C013303EA080341EA0221FA5C01339C
S21402BB4803EA0803F85C41EA0241002341EA00617D
S21402BB586A7C304603F0D4FB06232860AB710020CB
S21402BB6863E742EA0323D9040FFA83FB25D5D6F8FE
S21402BB78C830ABB11A68022A12D993F82400CBF35C
S21402BB880B03DB0008B1B3FBF0F39945C0D8002BD2
S21402BB98BED0C9EB0920B0FBF3F0C043C0B2B8E789
S21402BBA829463046FFF7B2FC0190304610F09DFC5D
S21402BBB8019BB3FBF0F0C0B2E1E7385D4000EDE769
S21402BBC800230020EB730B4B5A69C2F307231204B7
S21402BBD848BF63F0FF035AB212F1800F1CBF323B14
S21402BBE85AB2AA730346B8E702201EE7004000B816
S21402BBF80040005400C000B870B54FF480640B4D86
S21402BC080B4B0020D3F8EC60C5F8EC40C5F8E040D2
S21402BC1804F014F94FF40053EB65730542BF054B65
S21402BC28C5F8E040C3F8EC4070BD00BF00600054A1
S21402BC380040005400500054082310B1024A13670B
S21402BC487047024AFBE700BF001002B8002002B89D
S21402BC58F8B504460E4611B9037C5A063FD44FF689
S21402BC68FF73E18BD4F8C870994204D0304B1B6836
S21402BC780BB1204698472F4D2B68BB424CD02E4B13
S21402BC881B683BB11FB13A68002A47D0BF683946DD
S21402BC98204698470727204601F0C4FB002E31D0DD
S21402BCA806270126254B94F9122093F900302449D9
S21402BCB8C3F11C039B1ACA69DB0222F4FF2203F4AF
S21402BCC8FF231343CB61D4F8C8301E4A2B601E4BA1
S21402BCD8976720461E7010F000FD0020F8BD4FF64C
S21402BCE8FF71144DD0F8C8702A6866F38613974217
S21402BCF8C183037417D0104B1B68002BC2D101F006
S21402BD0891FB072711493B46114AD1F8FC1004F16A
S21402BD18D80003F02BFAC3E70127BCE717462046EC
S21402BD2839469847B6E701F07DFB0127EAE700BFE8
S21402BD388C2200208422002088220020012700204E
S21402BD4800C000B8006000B803270020001F00B03B
S21402BD58581F00B008B548220021024810F04FFFCD
S21402BD68002008BDC41E00B00C2337B580F8103179
S21402BD780023837464234FF0FF357822C0E93933F1
S21402BD88C0E93B33C0F8E0304FF6FF730446A0F82C
S21402BD98F4200376C383C564C58205628584057567
S21402BDA803F0C8FD2046FFF7D5FF94F91210204687
S21402BDB8FFF7F2F9602340F6FF71114A2046D36472
S21402BDC802F11C42D162D1650E4A2946D36440224A
S21402BDD80D4B1A67A26BFFF75BFA0E230022CDE91A
S21402BDE8003340F202231046194603F0D9FB01F04D
S21402BDF8D3F9204603B0BDE83040FEF7AFBB00BF1C
S21402BE08004000B8005000B8002002B8034670B5DB
S21402BE180C68B0F81421013408BFD3F8E0408D68E6
S21402BE2808BF0C604C68D830013404BFD3F8EC4025
S21402BE384C606E1C38D1D3F8E840CE688C60751C0E
S21402BE4838D1D3F8E4500E69CD60013604BFD3F872
S21402BE58D8600E614E69013604BFD3F8DC604E61C5
S21402BE688E69013604BFD3F8F0608E618E693EB3E0
S21402BE785A32B24238BF32460E688A61C3F8E84080
S21402BE884C68C3E93865C3E93B420A69C3F8D82057
S21402BE984A690C49C3F8DC20D1F8FC1007230A4A81
S21402BEA803F064F9002070BD02F15A04AC4238BFB0
S21402BEB82C46C2E702F17805B54238BF3546C2E7D6
S21402BEC86422D9E7001F00B0581F00B038B50446F0
S21402BED8074D21462868621C003818BF012002F068
S21402BEE8F1FB2B680020003B18BF0123A37038BD66
S21402BEF89C22002038B5054C054B41780078256809
S21402BF08236002F09FFB00B1256038BD9C2200200A
S21402BF18E4E8030070B506F0BEFB05460B4E00F0DB
S21402BF28A9F9012804D0284606F0B9FB022070BDFC
S21402BF38F36813F0706FC3F30364F0D1B36ADB06D9
S21402BF48EDD5284606F0ABFB2046F0E7000002B81F
S21402BF58074B1B684BB10028064B08BF0023064A4E
S21402BF681360064B1870002070470220704700BF07
S21402BF789C220020DCE80300A022002005270020DF
S21402BF88014B1878704700BF0527002038B506F021
S21402BF9882FB4FF6FF710A4A13888B4203D106F0DA
S21402BFA87EFB032038BD074C074D1B046566A4F5C7
S21402BFB880546366118006F072FB0020F2E700BF29
S21402BFC8F42A0020006001B80000FFFF2DE9F743BD
S21402BFD8044688461546FFF79BF870B16F4F7B6993
S21402BFE8DB0740F1D88006F056FB0646032001F030
S21402BFF833FE30B1304606F052FB022003B0BDE8ED
S21402C008F0837F6917F00607F4D1304606F047FB3F
S21402C018634B4FF400612046D3F8C09ED3F8946E63
S21402C02804F0C8FC40B14FF4007201215D4B08468B
S21402C0381A673A4610F07FF894F91030002B06DAA1
S21402C048A36B5F0542BF4FF40022574B1A6741465F
S21402C0582046FEF7A3F9524BC3F8C09EC3F8946E67
S21402C0680028CBD1237CD80601D4002D54D0C5F3A2
S21402C078400003F0EDFD022315F4807F1BBF00216C
S21402C088494A484A136717BF484A136751611363F8
S21402C09803F018FE4FF4806315F0040F14BF444AE9
S21402C0A8444A15F0400F53624FF004023D4B2846AF
S21402C0B81A674FF0400314BF3F4A404AC2F8883016
S21402C0C8FEF7A4FE204610F047FA38B14FF4807304
S21402C0D815F0010F14BF344A324A1367A90644D52D
S21402C0E84FF6FF72A38C93420FD0354A3549526EEB
S21402C0F8100CC2F301120132B3FBF2F308802C4A89
S21402C1082C4931481B0448665366003D18BF012572
S21402C118237C65F304132374204610F0DBFAF0B18F
S21402C128204610F019FAD0B14FF40031204604F038
S21402C13841FC431C03229BB2244801A910F06CFB65
S21402C1489DF8042002F00703052B9DF8053015D14B
S21402C15812070DD443F480731D4AC2F8A03000209B
S21402C16803B0BDE8F04310F095BBFFF70FFFCCE72E
S21402C17813F0040F09D19DF80630EBE703F03002FE
S21402C188202A05D113F0010FF4E74FF48073E3E792
S21402C1989DF80630E0E7032030E700BF00C001B88C
S21402C1A8001000B0002002B8001002B80040005488
S21402C1B8005001B8006001B800D000B800E000B82E
S21402C1C8004001B8F42A00200000FFFF084000548F
S21402C1D8001E00B008B50B4BD3F84C114B1C0FD001
S21402C1E811F080410CD10320FEF722FF4FF0806247
S21402C1F84FF40071044BDA67044AD16201225A618D
S21402C20808BD00BF0080E00F001002B8004000B86A
S21402C2184FF40022034B186F03F500531A67C0F356
S21402C228C0407047000002B8024B034A00201A605A
S21402C238704700BF8822002005AD0200024B5869ED
S21402C24800F00100704700BF00C001B8084B5A69E9
S21402C258D10707D508B901F0DFBB5B69DA0706D450
S21402C26801F0CCBB5B69DB0701D40028F8D1704724
S21402C27800C001B80F4BDB68C3F30363013B0B2B0B
S21402C2880FD8DFE803F006060C06060606080A08B4
S21402C29808080220704704207047052070470320CC
S21402C2A87047054B5B6913F0060F0CBF012004208C
S21402C2B8704700BF000002B800C001B8094AD36838
S21402C2C8C3F303630B2B08D06FF49050184100F0A9
S21402C2D8010080F0010040007047106F10F48030B3
S21402C2E8EDD17047000002B80C4AD368C3F3036363
S21402C2F8062B07D8042BD8B20BD8C31E584258416F
S21402C30840007047072B06D1D2F830010028ECD13E
S21402C3187047022070470020704700BF000002B82E
S21402C328094BDB68C3F303639A1E012A8CBF0022FB
S21402C3380122012B02701EBF4FF4026222FA03F397
S21402C34803F001030B707047000002B8024B1B682B
S21402C35803B11847704700BFB4220020024B1B687F
S21402C36803B11847704700BFB0220020F0B5CF07C8
S21402C3782BD5002A14BFAA2555250E461E24154F6E
S21402C38801F0030383F001033B449B7806F0070C95
S21402C39817F80CC0013C63444FEA5606F6D10E4E17
S21402C3A873436FF481769B0C334482B991FAA1F1F8
S21402C3B895FAA5F54A082D0F490042EAC57201F01A
S21402C3C80204C474C0E91123F0BDAA25D5E7034ABE
S21402C3D8F7E700BFF8E8030036FC1000B756351238
S21402C3E830B547F6FE74154BC3F83042856C04EA3E
S21402C3F84504134DC5F830420F245C66CC071BD59E
S21402C408D2B901246C664FF0FF34C3F80441456C78
S21402C4180B4CC4F804514FF0F045C3F81051C37CD6
S21402C428DB062B40C4F810312AB10222054BC0F8AD
S21402C4388010C3F8C02030BD0224E3E7006001B8CC
S21402C448005001B80040005413B5437C0446033B31
S21402C458DBB2072B96BF104A0021D15CFEF7E2FD3D
S21402C468012001F043FA4FF4F0620C4BDA644FF401
S21402C4780072A3F58053DA64637C053B012B08D867
S21402C4880421074B01229B6E0DEB0100019300F07D
S21402C498FBFA02B010BD00BFF0E80300006000B867
S21402C4A8004001B8012310B580F8F6302823C0F8FA
S21402C4B8DC30042304464374044B1968FDF7A8FFCE
S21402C4C82046FFF7C1FF002010BD00BF50E9030059
S21402C4D8012310B580F8F6302823C0F8DC30022392
S21402C4E804464374044B1968FDF792FF2046FFF78B
S21402C4F8ABFF002010BD00BF54E90300012910B5A8
S21402C508044604D90239012914D9032011E00B4B39
S21402C51819680523012284F8F6204FF4BC72637466
S21402C528C4F8DC202046FDF773FF2046FFF78CFF91
S21402C538002010BD024B19680623EBE74CE90300FE
S21402C54848E9030038B5184B04461D6845B1EB6840
S21402C55833B1286801F0A8FDAB68186801F0A4FD9D
S21402C568124B1B682BB1DA681AB19B68186801F07F
S21402C5789BFD0F4B1B682BB1DA681AB19B681868CB
S21402C58801F092FD0B4B1B682BB1DA681AB19B6857
S21402C598186801F089FD2046FFF79AFF2046BDE895
S21402C5A83840FFF751BF00BF54E9030050E90300C3
S21402C5B84CE9030048E90300072330B5144CE3634B
S21402C5C8144B61B94FF480424FF48041C3F8B4105B
S21402C5D8C3F8B820C3F8BC20C3F8C02030BD442531
S21402C5E80D4940F040004D6388630121D9634FF43A
S21402C5F880414AB1C3F8B410054BC3F8B810C3F863
S21402C608BC10C3F8C010E9E7C4F8B410F4E700BFDA
S21402C618006000B8005000B8004000B82DE9F04F9E
S21402C62887B09046019305460F4606F034F806464C
S21402C63803F0DEFB6B7C033BDBB2072B96BF554A47
S21402C6484FF0000B12F803B0032F10D8DFE807F0FC
S21402C65802141B220222504BDFF86091D3F800A086
S21402C6686A74012285F8F620BAF1000F17D1012460
S21402C678204607B0BDE8F08F484B0422D3F800A046
S21402C688DFF83C91ECE70522454BD3F800A0DFF82B
S21402C6983491E5E7434B0622D3F800A0F7E7D5F82E
S21402C6A8C020524507D0504600F028FC0022C5F8A4
S21402C6B8C0A0C5F8C42041462846FDF743FD0446F7
S21402C6C803F0B8FC5F4507D0D5F8C42028461268A0
S21402C6D8DAF804100FF0B0FF019BDFF8ECA0A3F124
S21402C6E85A0001F033FBB0F57F4F3FBF2E4B9B6BD2
S21402C6F80133C018A0F57F40CAF89C00484602F0ED
S21402C708C9FC0023CAF8A000CAF8A4302CB94146CE
S21402C7182846FDF7D1FE044618B1304605F0BFFF9D
S21402C728A6E70522214B4FF00209C3F8242101226D
S21402C73841461A672846C3F80890FEF76BFD04467A
S21402C74818B11B4BC3F80890E7E739462846FEF7A8
S21402C75869FC109B28460293119B02A90393BDF815
S21402C7684830CDF81340ADF810309DF84C308DF8AF
S21402C77817408DF812300FF061FE04460028CCD11F
S21402C7880C4907230C4AD1F8FC1005F1D80002F030
S21402C798EDFCC2E7F0E8030054E9030050E90300A1
S21402C7A84CE9030048E9030000C001B8001002B8CB
S21402C7B8002002B8001F00B0581F00B0D0FB0100CE
S21402C7C850BD0100501C0700001E00B0431EDBB21D
S21402C7D8FD2B14D9FF280B6801D14A68134313F0BE
S21402C7E8802F1EBF42F20102074BC3F8282251F8D7
S21402C7F82020054BC3F85022C3F85422704701285C
S21402C808F5D10023E9E700BF004001B8F0B585B0CE
S21402C8186D460E460F4B074614460FCB85E80F00AB
S21402C8280D4BD3F848020090D3F84C2201923EB141
S21402C838631EDBB2FD2B0AD93060FF2C00D1726072
S21402C8482246294638460FF08DFF05B0F0BD012C6A
S21402C858F4E700BF00E903000080E00F30B50C4B98
S21402C8680546187085B0082380B90A4AC2F8FC3310
S21402C87851B96C46084B0FCB84E80F00074B2A4683
S21402C88821461868FFF7C2FF05B030BD044AEDE737
S21402C898152B0020001002B810E90300182000200B
S21402C8A8002002B838B5044601F02CFBE07821795E
S21402C8B8174A40EA0143C2F8CC34E579A37943EA39
S21402C8C80543C2F8D03423781BB100230422E8F7C4
S21402C8D841F863782BB100230422E179A079E8F7BE
S21402C8E839F82278012372B10A4AC2F8C834627843
S21402C8F8022352B1074AC2F8C834A0780021FFF7CB
S21402C908ADFF002038BD044AEFE7034AF3E700BF4D
S21402C91800C0035000D0035000E00350014B1878C3
S21402C928704700BF152B0020124BD3F8E020D20325
S21402C9381ED54FF480321049C1F8E020A1F5805187
S21402C948C1F8EC201A6CD1B2C2F30722C3F88010E1
S21402C958C3F880200422C3F880200022C3F880206F
S21402C968C3F88020C3F88020C3F88020C3F880204C
S21402C978704700BF0040005400600054F8B50D46EA
S21402C9881746064605F087FE01230421084C094A85
S21402C9982363A760E6602561C2F8E010064AC2F87B
S21402C9A8843105F07CFE0DB102232363F8BD00BF77
S21402C9B8004000540060005400E100E00122054BEC
S21402C9C81860054B1A6640F6FF729963D863DA65F3
S21402C9D8704700BFBC220020004000542DE9F04FEB
S21402C9E8042A05460B4683B039D901260978141F4E
S21402C9F881615A7803F1040982619A788261DB7848
S21402CA0883610368D0F808B003F0070306339E4034
S21402CA1806F1FF3A0AEA0B084768A6EB08029442B0
S21402CA2847F000570ED84946224607EB080010F092
S21402CA3816F946EA0A0604EB0B023240AA6003B06D
S21402CA48BDE8F08F494607EB0800019210F007F997
S21402CA58019A384609EB0201A21B4244E7E7013A6B
S21402CA68032AECD8DFE802F00B08050213F8012BBC
S21402CA78826113F8012BAA6113F8012BAA611B78AD
S21402CA88AB6103B0BDE8F08F38B50C4615460146D3
S21402CA980F4B68B101220F48C3F8C0202246FFF7A1
S21402CAA89DFF1DB104220A4BC3F8C020002038BDE2
S21402CAB864B1D3F8A420A24284BF0122C3F8C020DE
S21402CAC80222C3F8A040C3F8C020EAE70122FAE728
S21402CAD8004000549840005410B505F0DCFD0122D1
S21402CAE8174B18491A66C3F890209A66164A0446DF
S21402CAF8DA660722C3F88C20144B1A800023144ADD
S21402CB0813804FF4A022C1F8E020A1F58051C1F8A5
S21402CB18EC20104A1360104B1B6F5B020AD54FF4C9
S21402CB2880020E4B18680E4BD8301A6750F8A01CB5
S21402CB3801F066FC2046BDE8104005F0B0BD00BF17
S21402CB480040005400600054100D002066250020A6
S21402CB5864250020B8220020000002B81820002011
S21402CB68002002B807220D4B01211A8000220C4B26
S21402CB781A800C4BC3F8C010C3F898204FF4005222
S21402CB88C3F89C00C3F8BC20F022074B9A64A02284
S21402CB98A3F580539A64FFF79FBF00BF662500205F
S21402CBA86425002000400054006000B82DE9F041DA
S21402CBB8044688B105F06FFD3C4E3D4A3388032C87
S21402CBC803F0780105463B4F03F07F0C11445BD116
S21402CBD83C6824B905F063FD0320BDE8F08124F023
S21402CBE80104386820F00100A04252D100223A60BF
S21402CBF822888C426FEA42426FEA524222803ED133
S21402CC082D4CDFF8D0C02788ACF180083A46083A9F
S21402CC1892B201F10800604528BF4046082A04D9A6
S21402CC28B0F800E0BEF5804F3ED222803B440C8826
S21402CC3888789B1A2149DBB2C4F30C044C6433800F
S21402CC484B67C1F88C204FF480221D4B00F007007A
S21402CC58C3F8E02001221B4BC3F88421FFF764FEC9
S21402CC6804280CD14FF48002174B1B6F174B186819
S21402CC78174BD8301A6750F8A01C01F0C1FB28469B
S21402CC8805F00DFD0020A8E7601E012898BF0C4697
S21402CC98A7E7094862440088A21A48BF80320838C3
S21402CCA89042A5DC284695E70146B0E764250020B1
S21402CCB8100D0020B82200206625002000400054EF
S21402CCC80060005400E100E0000002B818200020CE
S21402CCD8002002B8900D00201249134B0A881B88C0
S21402CCE812481344083292B20A801149073BC1F827
S21402CCF88C204FF480210F4A03F07803C2F8E01024
S21402CD080121034498780C4A00F007000428C2F868
S21402CD18841103D10949CA681203FCD4084A13606D
S21402CD28704700BF6625002064250020100D0020ED
S21402CD38004000540060005400E100E0000002B821
S21402CD48B822002010B5054C206828B1C30701D4C4
S21402CD58FFF72CFF0023236010BD00BFB822002077
S21402CD684FF48033084AC2F8EC30A2F58052C2F873
S21402CD78E030064BD3F88830C3F30C03782B01D87F
S21402CD88FFF7D2BD704700BF006000540040005451
S21402CD982DE9F84304460E4605F07DFC4F4B8146C6
S21402CDA81A884F484F4D02F07801032C2D8802F05E
S21402CDB87F03014417D14C4C24688CB92A44073A9D
S21402CDC802F0780284180344E31A48BF8033AB4261
S21402CDD810DB484605F063FC00242046BDE8F883CD
S21402CDE824F00104EFE7012C02D0022CEBD1083D17
S21402CDF80C46E8E7002E40D08C423C4941D1D1F897
S21402CE08448001278A6B02F0070206329740D1F85F
S21402CE188820C2F30C029A4246DD2588B5F5804F73
S21402CE28D7D2A378C5F30C0503F007037A1EA5EB41
S21402CE3808053A43052B337005EA02052CD82DB2AD
S21402CE48E84340F23A420421C00FFDF7ABFB758077
S21402CE58E378274A337412687B1E03EA0803D1185C
S21402CE68B160A9B213FA85F5BD4291BF0023FF1A35
S21402CE78B780F2609CBFB180F360484605F00FFCAD
S21402CE88ABE7A4F10802824238BF04F17802B2F88E
S21402CE980080C8F30C08B4E7164B5B6D003B18BF5E
S21402CEA80123A5EBC305CAE70B6C7A1EA3EB08039E
S21402CEB83A431A40104B15B2DB6862B9C3F30363F0
S21402CEC8D91E4B424B41DB0033700B4B72809B6F73
S21402CED8C3F30723BDE70823F6E700BF642500204F
S21402CEE8100D002066250020B822002000400054BD
S21402CEF8BC220020004000B8000002B8054BA82259
S21402CF08D3F84C013121431C0CBF0120C0F38070BA
S21402CF18FDF748BB0080E00F38B5094D044628687F
S21402CF2840F6A402003818BF01202B21FDF73AFB71
S21402CF38FA235C432B680A20B4FBF3F4604338BD3B
S21402CF48F0220020174B30B51A68431C164B22D025
S21402CF58B2F1407F1FD3154D00F03F04D5F80021EB
S21402CF6822F03F021443C3F8C84001F03F042243AC
S21402CF78C3F8D020D5F804310D4A1A400D4B03EAFF
S21402CF88500003EA510110431143074BC3F8CC0083
S21402CF98C3F8D41030BD00200146C3F8C800C3F851
S21402CFA8D000F2E70080E00F001F00B0000002B8D1
S21402CFB81FF087E1E0FFFF7F73B5574E04463178CE
S21402CFC819B91C2255480FF01AFE2378544A61886C
S21402CFD8137051804FF0FC62524CFF21C4F8FC20BB
S21402CFE84FF47F02C4F808214F4A022B4F4D1170A6
S21402CFF833D1042307224E49C4F8FC23C5F8FC3370
S21402D008C4F800114FF4C071C5F80011C4F8FC2327
S21402D0184FF48052C5F8FC33C5F870214FF400521D
S21402D028C4F87021C4F808314FF4FF13C4F8FC3072
S21402D0384FF4BB13C5F8FC308023C4F8703148F2AD
S21402D048C8023C4BC3F8D8203B4B3C4A0020C3F8E6
S21402D058C02F0123337002B070BD394A012BC4F8C1
S21402D0680021384B27D14FF4C072C5F80021D3F8F7
S21402D0783802D3F83C12FFF765FF0723C4F8FC33DF
S21402D0880223C5F8FC334FF48053C5F870314FF4C9
S21402D0980053C4F870310423C4F808310DEB0300BA
S21402D0A8E7F7D4FD9DF80530023B012B9CBF802391
S21402D0B8C5F87031C3E7244AC5F80021D3F8300210
S21402D0C8D3F83412FFF73EFF0723C4F8FC330123D4
S21402D0D8C5F8FC338023C4F870314FF4805301A896
S21402D0E8C4F87031E7F7B2FD9DF80530012B05D17B
S21402D0F89DF8043053B948F25D1309E0FBD9023BA8
S21402D108012B9CBF4FF40053C5F8703148F25813F0
S21402D118084AC2F8D83097E706270020C41F00B08E
S21402D128F62A0020002002B8192B0020001002B8A8
S21402D138C0F10F00001F00B0001000B0C42200208B
S21402D148C0F70F000080E00FC0F60F00034B1A6806
S21402D15802609B8883800020704700BFF62A002062
S21402D16810B5044600F0CEFE0A4BD3F8F83724B9B9
S21402D17883F40023C3F3C04010BD012C05D113F479
S21402D188C02F0CBF01200020F6E7A31E58425841C4
S21402D198F2E700BF000002B86FF07F4208B5154BF1
S21402D1A8D3F8FC37934208D0134A03F03F031370B0
S21402D1B8F123124A1370124A13701249124B097855
S21402D1C81A68A9B1B2F1A06F12D3D3F850120F4A57
S21402D1D80F4BB1F1FF3F18BF13460E4A13600FF00C
S21402D1E8FCFB41F66A03B0FBF3F00B4B186008BD74
S21402D1F8074BF2E7000002B81A2B00201B2B002070
S21402D2081C2B0020182B00200080E00F5082E00F15
S21402D21834E90300C0220020F0220020012807D0AB
S21402D228022802D030B100207047034B18787047A6
S21402D238024BFBE7024BF9E71A2B00201B2B0020B8
S21402D2481C2B00200023F0B590F8104185B002464A
S21402D2582046CDE90133CDF80B30FFF7DFFFD37D4B
S21402D268411EC9B28B4228BF0B46002C3CD0012C6B
S21402D27838D1042418464FF00F0C394E0DEB04052E
S21402D288B0FBFCF7F75D013CC01BC0B2814238BF59
S21402D29800206055002CF3D105240F278DF808309E
S21402D2A8B3FBF7F0305C0344DBB28B4228BF0B4675
S21402D2B82B5501340B2CF3D10F2602F14C00783291
S21402D2C815F8013BB3FBF6F14C1CC1EB01115B1AD6
S21402D2D80133DBB2E4B21B0443EA045340F8043FCA
S21402D2E88242EDD105B0F0BD042418464FF00F0C6B
S21402D2F81C4F0DEB0406B0FBFCF5EDB27D5D013C60
S21402D308401BC0B2814238BF0020A055002CF2D183
S21402D31805240F258DF80830B3FBF5F0385C034476
S21402D328DBB28B4228BF0B46335501340B2CF3D1A4
S21402D3380F2502F14C04783216F8013BB3FBF5F1DF
S21402D348481CC1EB01115B1A0133DBB2C0B21B04E5
S21402D35843EA005344F8043FA242EDD1C2E700BFB5
S21402D3682DE9030020E9030038B5284B05461A784C
S21402D37827490C2A02D1FF20087038BD10460FF044
S21402D388B8FA04461046FFF749FFA84228BF2846BF
S21402D398C0B2A04238BF20460B78C0B28342ECD057
S21402D3A8087088B1431EDBB2022A1A490ED14FF022
S21402D3B8FC62C1F8FC20A1F50051D1F8FC2042EA33
S21402D3C84353C1F8FC30D8E70346EDE7124A134C3C
S21402D3D812685032C4F8C02F4FF47F02C1F80821F1
S21402D3E80F49CA6FD202C8D40F22B3FBF2F2551CF9
S21402D3F8C2EB02129B1A0133D1F808411B0443EA16
S21402D40805532343C1F80831B7E700BFF62A0020C0
S21402D418192B0020002002B818200020001000B0A7
S21402D428000002B82DE9F04F90F810510746C66C76
S21402D43887B035BB1F2E38BF1F26093E884B894842
S21402D4481A6A4C230168C2F38212D34003F0010819
S21402D458B1424346FA7D8449DFF82CB2DFF82C92B3
S21402D46814D10C78444511D19BF80040AC420DD13A
S21402D4787E4C2478944209D1B9F8040007B0BDE876
S21402D488F08F032E38BF0326023ED7E7066099F8C8
S21402D49800000B70FFF7C2FEFF2A14D128460FF0D1
S21402D4A828FA0146B8F1000F16D0D7F8C810002996
S21402D4B800F0C8800B68082B40F2C48091F838A0A8
S21402D4C8002D51D00FE0411E914228BF1146012976
S21402D4D838BF0121C9B2E5E7012D2BD0022D00F095
S21402D4E8AF80BDB3C2460FF078FA40F27123B0FBA4
S21402D4F8F3F019237043B0FBF3F00122514605906E
S21402D50805A80FF0CCF94FEA4A01032938BF0321D0
S21402D518040244EA00140339044300F01F0001FA27
S21402D52800F0FFF7F9FC0AEB0A260AEB062600F5D6
S21402D538FA6860E00F23B1FBF3F35A1CC3EB03133C
S21402D548C91A0131C9B2D2B2090441EA0251C1F379
S21402D558074AC8E70F23B1FBF3F1454B01311B68B5
S21402D56853FA81F111F801AC0FF037FA40F2712341
S21402D578B0FBF3F419237443B4FBF3F44FEA0A46F8
S21402D5880294B8F1000F60D13A4BAAF14001A3FB0E
S21402D598042303A8424603930FF081F9DDF80CA092
S21402D5A8354AA4EB0A04A2FB041200903021049226
S21402D5B804A842460FF073F9DDF810800190A4EB38
S21402D5C808040122102105A805940FF068F9009BAB
S21402D5D846F480461C02019B46F0100644EA0314F1
S21402D5E8059B04430AEB08001844FFF795FC00F570
S21402D5F80C5808F1280840F6FF72204B4046C3F83C
S21402D608C020A3F58053C3F8C040A3F580531C4C32
S21402D618C3F8C460C4F8008001F03CFD4FF47A7287
S21402D628184B4042986523681049B3FBF2F3A9F8F1
S21402D6380430FB7DB8FBF2F08BF800500B701DE748
S21402D6488A4650E74FF0000A3AE70022514602A8F7
S21402D6580FF025F9040244F011040298C5E700BF4A
S21402D668004001B8FC29002007270020162B0020BE
S21402D678C022002069C2F568911E856B006001B859
S21402D688F4220020001F00B0172B0020F62A0020E4
S21402D698014B1870704700BF182B002010B50446BF
S21402D6A8FCF760FC78B1174B1B786BB964B1164B64
S21402D6B81B784BB1154B1B78013B012B04D84FF452
S21402D6C80042134BDA6710BD124BDB6F1B04FAD409
S21402D6D804F0E1FF4FF400420F4B0446DA67A3F565
S21402D6E8A0435B682BB1FEF7A9FD10B102200FF02C
S21402D6F811F90222094B2046BDE81040C3F88424DB
S21402D70804F0CDBF0827002009270020F8220020B1
S21402D718002002B8000002B8001002B800D0035079
S21402D72870B50546414C00F0EDFB414B00201D70DC
S21402D738FFF7B4FF2378013B012B0CD80122217C8A
S21402D748E37B8A4030214B4342F2100103F1A043A7
S21402D75803F570335A500022364BC3F884248DB929
S21402D7684FF6FF71344AC2F88410F821A2F58052A7
S21402D778C2F88410C3F88454304B4FF0804200201D
S21402D788DA6770BD636883B30FF027F9626800EB47
S21402D7985203B3FBF2F3013B1B0243F0F80326786D
S21402D7A82549022E264A22D0032E4FF6FF75214817
S21402D7B82AD0012E33D143F00203C1F88450C2F8AE
S21402D7C884300723C0F884343021E37B01204B439E
S21402D7D841F21001227C03F1A04300FA02F203F59B
S21402D7E870335A50FFF75AFF17E0F823D7E74FF679
S21402D7F8FF7043F00103C1F88400C2F884300622A1
S21402D8080C4BC3F88424DFE743F00503C1F88450C1
S21402D818C2F884300423C0F884340A4BADE7C1F852
S21402D8288450C2F884300023F5E700BFF8220020AF
S21402D8380927002000C00350006000B8002002B884
S21402D848005000B8001002B8F8B51F4F06463D460D
S21402D85804460FCE0FC533682B6000F053FB002238
S21402D8681A4BC3F88424A17A627A42EA0142C3F8C0
S21402D8789024217CE27B42EA0142C3F88C24207B76
S21402D888617B40EA0142C3F888243B78032B19D807
S21402D898DFE803F01202060C00230422E7F75AF820
S21402D8A800230422217CE07BE7F754F801230422B4
S21402D8B8A17A607AE7F74EF8054B1878BDE8F84083
S21402D8C8FFF72EBF0120F8BDF822002000C0035043
S21402D8D809270020034BDB6F002BBCBF024BC3F8A3
S21402D8E888007047000002B8004000B84FF0006396
S21402D8F838B1064AD367064B4FF40032C3F8842081
S21402D9087047044AD367044BF6E700BF001002B814
S21402D918005000B8002002B8006000B82DE9F047B1
S21402D9280FF05BF84FF47A764FF4FA73B0FBF6F61C
S21402D938734307462948190E1B021818284A4FF03F
S21402D948000341F1000103F03FF8264BA0F5807270
S21402D95805461A6320B943222B21FCF723FE01252C
S21402D9684FF47A724FF0000A6A435346500831025F
S21402D97803F02AF81B4B1C4AB7F57A7F9A601B4BB2
S21402D9884FEA056819601A4B8946044618604FEA3A
S21402D998152505D295222B215046FCF703FE0126B3
S21402D9A84FF47A73A8FB030103FB05117308C0182A
S21402D9B841F100010023324603F006F80D4B02340B
S21402D9C819600D4B49F10009A408186044EA8974E5
S21402D9D8044B013C9C63BDE8F08700BF20A107000A
S21402D9E840420F0000C001B80211010018230020AF
S21402D9F814230020102300200C2300201022044B9E
S21402DA08C3F884215A600122024BDA60704700BFCD
S21402DA1800E100E000C001B81022064BC3F88421DA
S21402DA28C3F88420BFF34F8FBFF36F8F0422024BD5
S21402DA38DA60704700E100E000C001B810B504469D
S21402DA48A242A2EB0000A3EB010104D2034B013968
S21402DA589B6B0133184401F0030110BD00C001B8E6
S21402DA6838B501250A4B02019D504FF480730446CF
S21402DA78084A8340536604F00EFE074AA540137808
S21402DA8823EA05031370BDE8384004F008BE00BF59
S21402DA9800E101B800E001B8122700202DE9F84F8E
S21402DAA8164605468A461F4604F0F5FD022E00F085
S21402DAB89080804604F0F6FD594B5A4AD3F82090D7
S21402DAC8147D5A6EE4B2520744BFD3F8209001344C
S21402DAD804F0030404F0ECFD4846214600F024F95D
S21402DAE88446DAF80000012E04BF01306044ACEB2D
S21402DAF8000C08BFCAF80000BCF1804F7DD300F0C6
S21402DB0825F98145A1EB040188BF454BDFF834C1EE
S21402DB1888BF01F1FF3101F0030188BF9B6BA0EBC0
S21402DB28090E0CF80510A1B1F90742BF41F61F729B
S21402DB383D4B5A67BA0742BF3B4B3C4A5A677B077C
S21402DB4842BF0022364B9A673C0742BF0022344B3C
S21402DB589A6511244FF0010A314B05F110021201A1
S21402DB6803EB051BCBF80C0131499C501A6A0AFADA
S21402DB7805F4586E0B78A2EB0902E4B22343724509
S21402DB880B7025D34FF48073AB40034220D11CF8A8
S21402DB980520002A40D10EB3264AF807536607D551
S21402DBA841F61F7140F201101F4B596750675967BB
S21402DBB8B90706D51C4B1D4A1E491F485A674867AF
S21402DBC85A677A0742BF01221C4B1A613B071AD4CE
S21402DBD8404604F064FD0120BDE8F88F184A2D017E
S21402DBE842F805A042F89C3C04F055FD10490B7813
S21402DBF823EA04030B7004F052FD404604F04FFD7E
S21402DC080020BDE8F88F2120FFF764FE4FF480322B
S21402DC18034B4046DA60DCE7064A40465366D8E7D6
S21402DC2800C001B87823002000E001B800001F1FDA
S21402DC381227002000D001B800000101000002B837
S21402DC4800E101B80A270020024B1878003818BFEE
S21402DC580120704712270020034B10300001185885
S21402DC6800F00100704700BF00C001B8044B01F085
S21402DC78F071103041F0030100011950704700BFDF
S21402DC8800C001B870B50646FEF7D8FA044608B1D1
S21402DC98FFF7C2FE0023084D3046AB61EB612B62EC
S21402DCA800F054F8054BC9B2197528620CB1FFF793
S21402DCB8A5FE002070BD00BF00C001B87823002072
S21402DCC808B52220FFF706FE4FF48022014BDA60E1
S21402DCD808BD00BF00C001B838B504F0E3FC084B25
S21402DCE8084A1D6A147D5A6EE4B2520744BF1D6A7A
S21402DCF8013404F0DDFC284604F0030138BD00BFF9
S21402DD0800C001B8782300200346064A103302EB07
S21402DD1800111B01D1F80C01D158C1F340010EF0D5
S21402DD2804BE00BF00C001B8064B1B68434303EBA2
S21402DD388171054B1B68A3FB003013F1004341EBCE
S21402DD4800007047102300200C2300200C4A20F005
S21402DD584043014610B5002014684FF00042E4FB29
S21402DD680320084A890F126802FB0300064B9B6BC6
S21402DD78984204D901330131C01A01F0030110BDDB
S21402DD88142300201823002000C001B808B5064B4B
S21402DD984FF030401A68054992000EF060FFBDE861
S21402DDA8084001F0D5BA00BF70E9030074E9030021
S21402DDB870B50C68651C15D0C4F302669E42C4F39F
S21402DDC8074530D1A4B294422DD804EB8506B24258
S21402DDD829D2141BA50824F003040E59340F04D0C4
S21402DDE8012C09D00022012303E06B1C51F82320E2
S21402DDF800230260037170BD0D4C34F8133042EAFA
S21402DE0803431A686B1C51F8234001EB83014B68E5
S21402DE1822405E4036F07044EAD11B0F032B04BF43
S21402DE288B681A43E4E7013501EB8501C1E700BFB9
S21402DE3840E9030007B501A8E6F708FF4822164B93
S21402DE485A65164AD2F8D43023F4FC33C2F8D430D2
S21402DE58134B1B689DF80530023B012B19D840224C
S21402DE68104BC3F8FC23104BD3F85C32DBB2FF2B03
S21402DE7800D10623094A1B03D2F8FC139BB20B43B4
S21402DE88C2F8FC33D2F83021084B1A6003B05DF8AA
S21402DE9804FB01F0B3F8ECE7008001B8000002B812
S21402DEA8002000B0001002B80080E00FAC2200206C
S21402DEB800224FF400710F4B10B51A675A679A671B
S21402DEC80D4AD162012102F5E8325161DA6812F090
S21402DED8706FFBD14FF0304201245A6602F5FC52AD
S21402DEE808329C66DA64054B1B689847044B5C61EB
S21402DEF810BD00BF000002B8004000B8002A00208B
S21402DF08002002B801230F4A0F49C2F880328A6AF3
S21402DF1822F002028A620D4A53600D4A53600D4A85
S21402DF285360A2F580425360A2F54042536002F560
S21402DF38C032536002F580425360A2F50042536035
S21402DF48704700BF0080005000C0005000D000B8E4
S21402DF5800500054005001B808B5FFF7D3FF0E4B27
S21402DF680E4ADA6701F042F8FFF764FF03220C4B09
S21402DF78C3F8E020012203F54043DA674FF46072E3
S21402DF885A614FF40072DA67FEF7C8FCBDE808402B
S21402DF980021FEF763BC00BF000002B80048F0008C
S21402DFA8005001B82DE9F04F054687B002900F469B
S21402DFB857F8044B631C06D1029B2C60E81A8010A3
S21402DFC807B0BDE8F08F5FEA147B18BF0123344A16
S21402DFD8C4F3016108BFC4F3074332F81120A4B2A0
S21402DFE84FEAC30A2F4844EA02440AF104022A44C2
S21402DFF882421BD20722CA4002F0010201929A000C
S21402E00804EB830303930123B94603FA0BF808F0DB
S21402E018940305F1080604920593039B09F1040983
S21402E028A34208D1049955443944C0E71D4A95428B
S21402E038E0D80020C4E7059B53B918F0420F19D15F
S21402E04818F0280F0BD146F8084C59F8042C21E092
S21402E05840F6F31232210020FCF7A4FAF3E740F662
S21402E068F81232210198FCF79DFA04F5805246F818
S21402E078082CEAE740F6012232210198FCF792FAC8
S21402E08804F50052BBF1010F46F8082CDDD159F809
S21402E098042CD24346F8042C04340836BDE700BFE5
S21402E0A840E90300003000B0F8B50546F0B1002696
S21402E0B8154B34461F46154953F8042BBAB9A00027
S21402E0C800F13040294600F50150FFF76BFF30B9E2
S21402E0D840F6A2323621BDE8F840FCF763BA0C4B8C
S21402E0E80134044447F8265023F81640F8BDAA42DD
S21402E0F8FCD001360C2E02D031F81640DCE740F68A
S21402E108BC3236210020E6E71C23002066250020C4
S21402E1186825002070B50446A8B1C1B1384A52F83D
S21402E128043B984215D1002336498A689206FCD4E5
S21402E1389B00354A03F1304303F50153C2F8983081
S21402E1482022324B9A6070BD01330C2B02D1304D1F
S21402E15812E0012352F8041BA142F5D12D4A32F8E7
S21402E1681330E1E704D16268C3E90012083403E019
S21402E178012A01D1043419602268531CE3D0C2F381
S21402E188016335F81300110C93B211F0FE0F43EA3F
S21402E198004360680DD00434CAB2022A2168E1D965
S21402E1A8D4E90160033AC3E9001698600C340C33CC
S21402E1B8F3E7120F072AD9D8DFE802F00704090D99
S21402E1C81013181DC04303F500531860CEE71A68EB
S21402E1D842401A60CAE703F58053F6E70EF09AFB48
S21402E1E8C4E7012203F580538240F2E7012203F5D1
S21402E1F800538240EDE71A6830EA0202FBD1B5E71F
S21402E2081C230020000002B8001E00B0001002B84E
S21402E21840E90300662500200122014BDA677047B1
S21402E228001002B80122014BDA677047002002B8D4
S21402E2384022014BDA677047002002B84022014BA1
S21402E248DA677047001002B808B50C4B1B68D3F89B
S21402E258C83023B11A68022A01D9186A08BDE5F738
S21402E268DFF9074B02469B6D98B20028F6D0C3F337
S21402E2780743D2085343B3FBF0F0EFE71820002019
S21402E288004001B8064BDB68C3F30363984206D125
S21402E298044A536A23F0F00343EA011151627047B5
S21402E2A8000002B8001F00B010B50446FFF7CCFF06
S21402E2B80F4AD2F838311B040E4B48BF40089B6CF5
S21402E2C803F4C053B3F5805F0ABF936BC4F301131C
S21402E2D8C3F34163012B02D0022B02D010BD4008C3
S21402E2E8FCE7C4F3C4240134B0FBF4F0F6E700BF3D
S21402E2F8004001B8004000B82DE9F3470F460EF07B
S21402E30802FB00258046DFF8B890DFF8B8A004F0D4
S21402E318C2F90DF1070106460DF10600FEF700F8F0
S21402E3289DF806308BB9791C2CD00EF0ECFAA0EBCF
S21402E3380805304604F0B3F99DF8063013B99DF87F
S21402E348073053B3AF42E2D827E0D9F80C3013F4BB
S21402E358603FE8D0D9F810301A04C3F389141ED4E3
S21402E368013701D00EF0CFFA304604F098F924B2FD
S21402E3786FF4FF73A4F1C8009842B8BF184602B0FB
S21402E388BDE8F087304604F08AF99DF80630002B7F
S21402E398BDD19DF80730002BB9D10848EFE77B1CA2
S21402E3A844EA0A0403D00EF0AEFAA0EB080530469B
S21402E3B804F075F914F5007FBED0D9E700FEFFFF1A
S21402E3C800C000B800FCFFFF0122024B98611A61E8
S21402E3D8704700BF000001B8084910B5D1F89C3054
S21402E3E840B11C46CA68D1F89C309C42F9D1C2F3A7
S21402E3F80362027003F00F0010BD00BF000002B8EF
S21402E408094B01F080011B6F03F480030B4309D10B
S21402E4184FF40012054B1A62837F1BB10122044B8C
S21402E428C3F80021704700BF000002B8006001B8B8
S21402E438005001B84FF604014FF60502044B0120BE
S21402E4481B6C9BB28B4208BF1346024A1366704780
S21402E4580080E00F00C001B82DE9F74F81460F464D
S21402E4684FF0FF35FFF738FC002601908A462C4607
S21402E4783046DFF8D8B006F110031B015BF803300C
S21402E48803F00308B8F1010F15D13046FFF73CFC3C
S21402E49802460B4601985146FFF7D0FADBF864307D
S21402E4A806F10802D340DB0739D5002F40D00025F5
S21402E4B82C463E6040460136082EDCD160B3234A1D
S21402E4C80027D2F808C0916B0CF440330131A4FB44
S21402E4D80141641941F10001B3F5003F30D1536B95
S21402E4E80CF4405C013347F10006BCF5805F22D18C
S21402E4F8156B15F5807505FB06F647F1000203FB5A
S21402E5080266A5FB03323244594304FB0212A3FBFC
S21402E51804341444C9E9003403B0BDE8F08FA842B5
S21402E52871EB0403C6D207B13E6005460C46C1E746
S21402E5383D463C46BEE7320242EA13621B02E3E766
S21402E548136B13F5807347F10002DDE700C001B8CC
S21402E5582DE9F84304F09FF80C234FF0B047002249
S21402E5682B4C2C4D617C06464B433B441A63D5F82C
S21402E57870802A67D5F8000194F810C0E060264833
S21402E5880231C0F88CC00320C5F80001012000FA49
S21402E59801F1224841614FF4807021494866396A80
S21402E5A80131A160596302211963A3680133396AEC
S21402E5B800BF00BF00BF00BF00BF00BF00BF00BF54
S21402E5C8686E10F4807915D18B42F0D13AB1304694
S21402E5D804F065F8C8221A214846FBF7E3FF0C2127
S21402E5E8637CA2684B43023203F1B043A2605A63CB
S21402E5F80122DAE74FF48072094B30465A66012246
S21402E608C5F87080C3F80021BDE8F84304F047B89F
S21402E6187823002000C001B800800350002000586C
S21402E62800E001B808B50EF012FA044B5A7C012332
S21402E63802329340024A536108BD00BF7823002085
S21402E648002000580B2870B534D8022932D81A4C44
S21402E6581A4B617441F4402141F44071207406302B
S21402E66843F820100EF0B9F94608C5070EF0DCF993
S21402E678002302463146284602F0A6F9090241EA74
S21402E6881061C0F3C05040EA41000D4B2060186B81
S21402E69810F5807005D140F2CF122B21FBF782FFCE
S21402E6A80220024600230020012102F08DF9606054
S21402E6B8002070BD0120FCE778230020008003506C
S21402E6C800C001B828B1044B187C0870587C10703A
S21402E6D8704707230B70FAE77823002010B503F07B
S21402E6E8DAFF0446FFF734FF0222054B2046BDE850
S21402E6F81040DA600122034B1A7003F0D0BF00BF45
S21402E70800C001B8132700200C490B78ABB10C4B9C
S21402E7185A7C0123023293400A4A936153614FF4AA
S21402E7288062094BC3F8802100230B70074BD3F88D
S21402E7380C01D3F8041100F0A7B87047132700207D
S21402E748782300200020005800E100E000C001B84D
S21402E75810B504460EF068F96043044B00F5F42041
S21402E76800F59070B0FBF3F010BD00BF40420F00FA
S21402E7782DE9F04F85B0FFF7EBFF044603F08BFF59
S21402E78800214FF0B04ADFF8FC80054602A888F858
S21402E7980010FFF761FE364BDAF82060DB6813F0EC
S21402E7A8706F1ED1DFF8CC90D9F8147017F00607F0
S21402E7B817D1E0B10EF011F9611DA1FB00B101916C
S21402E7C80EF032F93B4602460199584602F0FCF82A
S21402E7D8DDE902B3090241EA10610002584599418F
S21402E7E80ED3284605B0BDE8F04F03F058BFFFF732
S21402E7F8AFFE02221F4BDA60012388F80030F0E7EA
S21402E8080193FFF7A5FE0EF00FF9019B4FEA1B22B4
S21402E81842EA0362A0FB02B21B0A00FB0321019133
S21402E8280EF0DBF8019902463B46584602F0CCF851
S21402E8384FF00C0C0122104F01347B7C361B991CBE
S21402E8480CFB03F38A400D49064403F1B0434A61C0
S21402E8585E630B4E241AB261DAF820605B6BF31A19
S21402E868A342C6D2FB68C9F800318A614A61B8E792
S21402E878000002B800C001B8782300200020005823
S21402E88800100058132700202DE9F74F0C22944C4D
S21402E8980191637C934E5343002203F1B0431A63FB
S21402E8A8217C914B0546C3F8AC104FF400318F4BD0
S21402E8B8904619610223F3604FF0B0431B6A5F1E4D
S21402E8C8DB1B002B40F3D48008F10108B8F1020FD5
S21402E8D851D9F3220D210020FBF764FE4FF0805237
S21402E8E8834B804E5A66E2684FF00008C6F800214D
S21402E8F84FF400321A617C4BC3F8AC800C23627C5E
S21402E9085A4302F1B042C2F8308003F0C4FE4346CE
S21402E91842464FF4807E376AD6F864C003F1100187
S21402E9280901715801F00301012910D10EFA03F109
S21402E93811EA0C0F0BD106EB0314BD42D4F80C41B6
S21402E94800F2A680A54202D2A74280F0A480013334
S21402E958082BE3D1674D2C68012C40F29F802AB120
S21402E9685F494B8A13434B82604B5A6603B0BDE835
S21402E978F04F03F094BE4FF00C090022637C09FBAB
S21402E98803F303F1B0431A6303F085FE4FF0805297
S21402E998574B00905A664FF0B04394F811C01F6A5E
S21402E9A809FB0CF3013703F1B0435F63316BB368BD
S21402E9B8D80352D5A3682268FB1AA3FB029E636893
S21402E9C80198AEFB03A2A9FB03B313EB0A0301F5F6
S21402E9D8807AAAFB031B42F100020AFB02BBB9EBD0
S21402E9E801016EEB0B0E090A41EA0E610144B1EB16
S21402E9F81A2F4FEA1A2E04D3013342F10002A1EB72
S21402EA080E01AEF1040E714528BF7146EB18B161CE
S21402EA1842F10001227DD6F820E0D2B27545D6F83A
S21402EA2838E084BF02F1FF32D2B2BEF1FF3F0ED009
S21402EA384FF0000A0EF101099E457AEB010B08D247
S21402EA480132B3EB0903D2B261F10001F4E70A44DA
S21402EA58D2B202F00302227533620C2303FB0CFCCB
S21402EA6802230CF1B04C0098CCF8303003F017FEB5
S21402EA784FF0B0431B6A00BF00BF00BF00BF00BF15
S21402EA8800BF00BF00BF726ED2007FF519AF25E740
S21402EA98A542BFF459AF11438AB258E716490B7814
S21402EAA8142B01BF0023154E0B7033700B780133FD
S21402EAB80B70002A3FF45AAF094E738A13437382C7
S21402EAC80A4B5A660D4A13780133DBB2022B1370CF
S21402EAD87FF44CAF002301342C600B70137045E7AB
S21402EAE87823002000C001B80080035000D001B887
S21402EAF800E001B874220020152700201427002001
S21402EB0870B52C4B0C461A7812B92B4A926D1A70AD
S21402EB182A4AD26F52054AD51D78294B05F00F06A8
S21402EB28B0FBF3F040434FEA151505D140F279627F
S21402EB382B21FBF737FD0120224A0A217243B2FB3A
S21402EB48F0F34843B3FBF1F602EB5002B2FBF0F2E5
S21402EB5801FB1633042BD2B207D8C3EB8310C3EBE0
S21402EB6880035BB283B96DB217E0C3F10B0303EB04
S21402EB788303DBB2B3FBF1F32B44DDB20F2DF2D9DC
S21402EB88013AD2B2053DEEE7053B5BB293FBF1F3E1
S21402EB981D44EBB26DB2002D04DB002042EA0512DA
S21402EBA8226070BD01320533D2B25DB2F5E70220AB
S21402EBB8F7E700BF16270020008001B8000002B859
S21402EBC8403B2500809698004FF0000C2DE9F84F40
S21402EBD8A2FB017BC84EDFF85CE3BE1999466BF1CF
S21402EBE80003B6457CEB030308D240F23D220E2111
S21402EBF86046FBF7D7FC0220BDE8F88FD0F8C8A01D
S21402EC080C461546BAF1000F04D0DAF80030032B8A
S21402EC1800F21A81B94BBA4A9B6BD2F8FCA0C3F32E
S21402EC281408B84BD3F8EC305800B64B48BF48F433
S21402EC3800181B6E48EA456859074EBF4FF4400352
S21402EC489B0503F0E07348EA0308E4F7E9FC012DA4
S21402EC580646D0D10028CED0AB4B984200F00381AE
S21402EC6803F5122303F5F863984200F00281A74BD6
S21402EC78984200F03081002502462B4600204FF0CD
S21402EC88007101F0A1FE2B46013007FB03F3C8F31F
S21402EC98130100FB0B33A1FB0662A7FB007001FB06
S21402ECA80522034420339B09C9F80030F60C984B1A
S21402ECB846EA423618F4801F1C6008BF7642954B17
S21402ECC8954DC9F8144034441E602C60BAF1000F02
S21402ECD800F0B88000239149C8F381528A5C19462D
S21402ECE818F0807F18BF6408002EB8BF76429206D6
S21402ECF86008C2FB0601224601F066FEDAF800301A
S21402ED080E2B08D97F4B7D4A916BDA69D3F80C3102
S21402ED18D20600F1CD8018F4001814BFC42240F2BF
S21402ED2807127F4EC0F31300C9F80400A6FB0406B8
S21402ED384FEA561602FB06F6DAF818104FF4FA737C
S21402ED48B6FBF1F618BF4FF0000806FB03F3A4FB68
S21402ED580202FA33A3FB013104FB082283429141E3
S21402ED6838BF0136F6B246F4006CC9F808C0002E61
S21402ED787DD0DAF81C00A6FB00311CB1B4FA84F286
S21402ED880E2A7DDDE203002977D1B2FBF3F25300A7
S21402ED9803FB0663A3FB00714FEA044EBE454FEA27
S21402EDA8144474EB010109D376003344A0FB0371C3
S21402EDB8BE4574EB010102F10102F6D2C2F30E025D
S21402EDC84CEA023343F00063C9F80830E4F728FC3B
S21402EDD82B68002B00F08A80B3FA83F4D4F102047D
S21402EDE84CBF1C4623FA04F44E4B9C4288BF640868
S21402EDF8002867D0B4FBF0F3642100FB134201FB42
S21402EE0802F2904265D85A1E52085B08013B12026B
S21402EE1842EA0313C9F80C30E4F7D2FB00285ED0A6
S21402EE28B4FBF0F2642100FB124401FB04F4A04296
S21402EE3860D8531E5B085208013A1B0243EA0213C3
S21402EE48C9F810300020D7E6042BDAF828807FF4B9
S21402EE58FCAE18F0807F0CBF08F0E0734FF4400356
S21402EE6828F0E078EFE600232F481D460DE701203C
S21402EE78C2E600232D481D4607E73346002289E7E7
S21402EE88C2F10F0702F1110E01FA0EFEFB4043EA29
S21402EE980E03A7F1200E21FA0EFE43EA0E03F940EE
S21402EEA8013341F1000104FA02F20029E5D16CE7C8
S21402EEB801F4801103F40013194308BFC0F580104B
S21402EEC829E7044640F2C1422B210020FBF76AFBE1
S21402EED82346013B97E7002315481D46D5E640F230
S21402EEE8E4422B21FBF75EFB621EA2E70028E8D06D
S21402EEF81C46EEE71446F7E7006CCA88008001B89D
S21402EF08001F00B0004001B800F04902005A620231
S21402EF1854230020502300204C23002058E90300E5
S21402EF28D34D62103FBE40250A3BB2DF313641DC84
S21402EF38D694BFD6807C814A10B50B46044686B066
S21402EF4839B98279016821486B460068FFF73CFEAA
S21402EF586B461F4A196851631E4AD2F8FC2062B3F0
S21402EF685A6842B11C4A1D49C2F80C115968A2F5E2
S21402EF788052C2F80C119A6842B1174A1849C2F868
S21402EF88EC109968A2F58052C2F8EC101549D868B8
S21402EF98D1F8642122F4EE620243C1F86421D1F862
S21402EFA85C21186922F4EE620243C1F85C21A1F5DD
S21402EFB8FF4158692839FFF7A3FD0020A2880A4BAB
S21402EFC89A6203F5A033186406B010BD1820002014
S21402EFD8008001B8001F00B0006001B8FFFF0F00F4
S21402EFE8FFF8FF0F000002B8004000B84FF4806236
S21402EFF8014BDA67704700BF001002B84FF4806210
S21402F008034BDA67034B1B780BB1034A93657047C9
S21402F018002002B816270020008001B80523054AFA
S21402F028538692F8313003F0010363F0730382F8D3
S21402F03831307047001F00B010B590B10468012C3B
S21402F0480FD902696AB11168094B102C1960516808
S21402F0585960916888BFD268996094BFD960DA60AF
S21402F06810BD1022002102480DF0C9FDF8E700BFC6
S21402F0785C230020064B586E5B6AC0F30112000C34
S21402F08802FB000003F01F0301331844704700BF59
S21402F098004001B8084BC1171A68A2FB000302FB1E
S21402F0A8013310F1807043F10003400E40EAC310AA
S21402F0B8803820EAE07070476C2300200722164B3F
S21402F0C870B5DA660DF089FC144BC408010B0546C8
S21402F0D8E005C018124A41F10001002301F074FC51
S21402F0E8104B114E18604EF66020FFF7D3FF4042D1
S21402F0F8C6F884000D48FEF729FE024658B1E30119
S21402F108500818184FEA15714FF0000341F1000134
S21402F11801F05AFCF06570BD000002B8B2E60E00B7
S21402F12865CD1D006C230020001F00B040420F0072
S21402F13810B5044698B10B4BD3F8FC00FFF77CFFDA
S21402F1484FF47A7303FB04F0074BA0F6AC50DA6868
S21402F1589B681044C01ABDE81040FFF79BBF4EF6E6
S21402F1686020F8E7001F00B05C2300202DE9F84372
S21402F1780546084614461E46FFF75EFF0DB306F020
S21402F188020716F004061ED1DFB14FF47A706B68D8
S21402F1985843002B40F08C80FFF77CFF60626B6957
S21402F1A8002B00F08C804B4AD0684FF47A7202FB30
S21402F1B80300A0F503501038FFF76CFF2062002EFC
S21402F1C857D1BDE8F8832869002868D04FF47A73C7
S21402F1D85843404BA0F6AC509B68C01AFFF75AFF3C
S21402F1E8E061A88B00285DD04FF47A735843394BF8
S21402F1F8A0F6AC509B68C01AFFF74CFF2061364B4E
S21402F208E968D3F8008000294FD04FF47A7359433F
S21402F218304BA1F6AC519A685B68891AC91A2F4B0B
S21402F228C8171A68DFF8BC90A2FB011302FB00336A
S21402F23811F1807143F10003490E41EAC311803986
S21402F248274B6161DB6EA361D9F8003053B14046A3
S21402F2580DF040FA30B12246D9F800301D49D8F8E8
S21402F2687C0098470021A869FFF762FFA062002F7A
S21402F2788BD1A86830BB47F23050FFF70BFFA0606F
S21402F2884FF47A702B6858432BB1124B1B6803F560
S21402F2981C5310331844FFF7FDFEE06091E74EF664
S21402F2A860209BE74EF66020A6E74EF66021B6E79A
S21402F2B8084B1B6803F51C53103318446CE747F2D7
S21402F2C8305079E74FF47A735843A0F50350103854
S21402F2D8D3E700BF5C230020182000206C23002000
S21402F2E8001F00B05823002008B9FFF7C3BE034822
S21402F2F881420CBF2F20BC20704700BF48E801009F
S21402F30810B508461C460DF021FB0D4BD3F8FC3011
S21402F318A3B11A68012A11D91A690A4B002A08BF2A
S21402F3281A465368084A002BA8BF4FF4FA721A44C2
S21402F338064B204492FBF3F2104410BD014AF0E754
S21402F348001F00B060E903000CFEFFFF18FCFFFF79
S21402F35870B5124C88B001AD0FCC0FC594E8070003
S21402F36885E80700882200210D480DF048FCEC22AB
S21402F37800210C480DF043FC0B4B0C4ADA61FFF7F0
S21402F3884DFE0B4B1B783BB1044E01AD0FCD0FC69D
S21402F39895E8070084E8070008B070BDC41F00B0EF
S21402F3A88C1E00B0141F00B0001F00B010111111FF
S21402F3B8062700200A4B197801F0FF0229B100211E
S21402F3C8197008499202C1F8B420597801F0FF0270
S21402F3D829B1002159709302024AC2F8B830704720
S21402F3E817270020005000B8064BD3F8C00E064B6D
S21402F3F85B6F1A0103D4054B9B6E1B0401D500F5FF
S21402F40880707047001000B0000002B8004000B8D4
S21402F41808B503F040F90E4B1A78A2B90D4A1268DD
S21402F42812F4843F0FD10C4A1021D1671B7863B9B6
S21402F438084B1B68DB0508D4074B2022DA67BDE8B1
S21402F448084003F02CB9054AEEE7044BF5E700BF7F
S21402F4581B270020900D0020002002B8001002B8DA
S21402F46810B503F018F90E2104460320FEF70AFF2A
S21402F47840F20122034B2046BDE81040DA6203F050
S21402F4880EB900BF004000B80022044B1A70044BA5
S21402F498197811B11A70FFF7BBBF70471A270020F8
S21402F4A81B27002008B503F0F6F84FF00042224B5F
S21402F4B8C3F88020BFF34F8FBFF36F8F0122C3F8C4
S21402F4C88420BFF34F8FBFF36F8F0222C3F88420C6
S21402F4D8BFF34F8FBFF36F8F0422C3F88420BFF3A6
S21402F4E84F8FBFF36F8F0822C3F88420BFF34F8F66
S21402F4F8BFF36F8F1022C3F88420BFF34F8FBFF37A
S21402F5086F8F2022C3F88420BFF34F8FBFF36F8F0D
S21402F5184022C3F88420BFF34F8FBFF36F8F4FF498
S21402F5288072C3F88420BFF34F8FBFF36F8FBDE896
S21402F538084003F0B4B800BF00E100E008B503F0E5
S21402F548AAF84FF00042094B1A6001225A600422B8
S21402F5585A6008225A6010225A6020225A604022B4
S21402F5685A60BDE8084003F09AB800BF00E100E020
S21402F578012370B5074C2370074B1E68074B3240B1
S21402F588D3E9005319402840FBF756FC00232370A2
S21402F59870BD00BF1927002074230020900D00209C
S21402F5A82DE9F047DDF820A003EA0108099B064684
S21402F5B80C4602EA000703EA0A09BAF1000F40F00D
S21402F5C84E81031F0B4300F00E81052871F10003DC
S21402F5D880F0E48050EA010300F06081431E0B438A
S21402F5E800F02481FFF75EFFAD4AD2E9005323EA12
S21402F5F8040325EA06053D4343EA0807A94BC2E980
S21402F60800571E68DFF8F48226EA0A0646EA090662
S21402F6181E60FFF7FDFE15F02A4F14BF48F20203DC
S21402F6284FF40043A04AB007D26EA04848BF43F43E
S21402F638005383EA020122EA0302C2669C4A0B408E
S21402F6488166D366C5F380421203290348BF42F493
S21402F6588072EB0648BF42F40052964BAC0648BF8F
S21402F66842F400726806D3F80C3248BF42F480624D
S21402F678290648BF42F400628F4882EA030123EA59
S21402F6880203C0F80C328D4B0A40C7F34024A40488
S21402F698C0F80812C3F80C22EA0448BF44F48034BF
S21402F6A8AB0348BF44F48014A80748BF44F4800458
S21402F6B815F4001F06D0D8F800000DF00FFA08B9A6
S21402F6C844F40024E90248BF44F40034FA0648BF6A
S21402F6D844F4000473077A4B48BF44F004041A6AD9
S21402F6E844F4001484EA020323F0010375491A401D
S21402F6F80A621C40CB61744B16F0010F1C62734BF6
S21402F708734A18BF1A46734B7C071B6F48BF42F0F2
S21402F7180062714882EA030123EA020303676F4B19
S21402F7280A4041661A676E4A05F00103516CA0F555
S21402F738803081EA030221EA0301416482631A40A7
S21402F748684B28025A64D8F8002048BF664B92F8DD
S21402F758292158BF654B690748BF43F4806322B125
S21402F76815F4C06F18BF43F480733207604A48BF67
S21402F77843F00043D2F8EC105E4883EA010222F412
S21402F788A0221140C0F8EC101340C0F8E0205A4AF4
S21402F798BDE8F047C2F8EC30FFF7D0BEA0F58063AC
S21402F7A80B4306D020F48063A3F500730B437FF463
S21402F7B819AF02F070FF3A49D1E9003223EA06038C
S21402F7C822EA040242EA08023B43C1E900324B4AF3
S21402F7D8126892F82911474A09B313F4C06F1ED06B
S21402F7E84FF4807311E002F056FF2D4AD2E9003139
S21402F7F823F004033B4341EA080157EA0807C2E933
S21402F80800314FF480633B4A0BD0C2F8E030A2F5D1
S21402F8188052C2F8EC30BDE8F04702F040BF4FF421
S21402F8288073C2F8EC30C2F8E030F4E702F033FF37
S21402F8381B4AD2E9003123F001033B4341EA08019F
S21402F848C2E9003101232E4A57EA08071BBF936311
S21402F858A2F580525364536408BF9363DBE750EA09
S21402F86801037FF4BFAEBAF1010F7FF4BBAE02F01C
S21402F87812FF0C4A136823F0010343EA09031360D4
S21402F8884FF48063144AB9F1000F04D05366A2F508
S21402F89880521367BFE713675366BCE7BDE8F08775
S21402F8A8900D002074230020004000B8006000B8C5
S21402F8B8005000B8004001B8006001B8005001B816
S21402F8C8000002B8002002B8001002B8041C0003A8
S21402F8D80418000300C001B800E001B800D001B85F
S21402F8E800C000B800D000B80D0A0A09090A0A09B9
S21402F8F800400054006000540050005418200020B5
S21402F90800E000B8024B5868C0F3C000704700BF5A
S21402F918900D0020024B186800F00100704700BFE7
S21402F928900D0020024B5868C0F3C030704700BFE5
S21402F938900D002010B50446FEF70EFBFFF7B2FD49
S21402F94804F18000FDF70EF9FEF7B2FAFDF7E6FFBE
S21402F958FEF754F8FFF7B2FB13490723134AD1F808
S21402F968FC1004F1D800FFF701FC4FF0807100206C
S21402F978FEF77CF94FF000720D4B4FF40011012090
S21402F988C3F80021FEF772F9FEF754FD20B940F2DB
S21402F99821321421FAF706FE0DF082F8BDE810406F
S21402F9A80120FDF7BDBE00BF001F00B0581F00B003
S21402F9B800D001B88022074B1A67082203F5805345
S21402F9C81A67054AD2F88C3E23F02003C2F88C3E0A
S21402F9D8704700BF001002B8001000B010B502F061
S21402F9E85AFE01210446FFF7E5FF054B0020196180
S21402F9F8044B5B6898472046BDE8104002F04FBEAD
S21402FA08000002B8E8290020F0B583B0064614467E
S21402FA18FCF714FC002800F09180584B5D6915F03D
S21402FA28060540F08B8002F036FE23790746022B45
S21402FA38009546D1237B022B32D00320FEF70CF921
S21402FA48002874D0A37B257B003B18BF0123A2683D
S21402FA584B49012D01920B7075D00023494A4A4C36
S21402FA6813702278002A79D10420FDF7F9FF0420C2
S21402FA78424E2A46736F0DEB000123F0F85323F427
S21402FA88F81343F0506343F4803373670223FEF798
S21402FA9805F800286BD0012130223C4B2170DA672A
S21402FAA83B4D2B6898470128044604D101466B68EB
S21402FAB8002098470024384602F0F1FD204603B09D
S21402FAC8F0BD0320FEF7C8F8002834D12279D6F80C
S21402FAD8E030012A226833D0D51A0021274B2D4A56
S21402FAE800955A679967637B2B4A8B4214BF0B466D
S21402FAF801231370294B294AD3F88C3E4FF0030092
S21402FB080CBF43F0200323F02003C2F88C3EFDF717
S21402FB18A7FF1A4B224A03205A676946012322790D
S21402FB28FDF7BCFFF0B101221E4B1A7082E71E4B8E
S21402FB38DB685B0486D4384602F0B1FD0324BDE7D1
S21402FB489A42CAD3C8E72379022B86D0009BD6F8F6
S21402FB58E01000250B44134401937EE72370FFF759
S21402FB6857FC81E7384602F09AFD0124A6E70320EF
S21402FB78FDF776FF074B38467367DDE700C001B826
S21402FB881D2700201A2700201B270020001002B875
S21402FB98E8290020000001011C270020001000B000
S21402FBA8010C01001E270020000002B82DE9F341CF
S21402FBB800240D46074602F06EFD204BDFF88C80C7
S21402FBC81C70FFF7F7FE1E4B0646C8F87430C8F8D6
S21402FBD878406879431E58425841FCF72DF840F69B
S21402FBE80143C8F878302A792968012AD7F8E83014
S21402FBF801D1994200D3CC1A042303200DEB03014A
S21402FC080194FDF74BFF50B988220E4B30461A670F
S21402FC1802F045FD0124204602B0BDE8F0810A4DF7
S21402FC282B6898470128044604D101466B680020D1
S21402FC3898470024304602F032FDECE71E270020E3
S21402FC4800000101002002B8E829002000C001B81F
S21402FC58F8B5194C0546207840F25E42B0FA80F0B4
S21402FC683E214009FAF79EFC55B9607840F25E429A
S21402FC78BDE8F840B0FA80F03E214009FAF792BC97
S21402FC884FF440660D4F0E4DD7F8B43040F25E4240
S21402FC98C3F381232370C5F8B46060783E21B0FAB6
S21402FCA880F04009FAF77EFCD7F8B830C3F3812310
S21402FCB86370C5F8B860F8BD17270020004000B882
S21402FCC8006000B8F8B5084C084D236F0423084FA7
S21402FCD82B67236F5B0300D4F8BD042602203E6719
S21402FCE80CF018FE2E67F4E7000002B8001002B8FF
S21402FCF8002002B8A82238B51A4B1D6F03F5005328
S21402FD081A6710229A60A3F5804302F100521A6716
S21402FD185A66FFF74FFB144B1B7813B90320FDF7FF
S21402FD289FFE0024114B9C67FFF7CCFF104A114B2D
S21402FD38D2F8C01E0B40C2F8C03E04220E4B1A6709
S21402FD480E4BAA06C3F8944008D503F580735B6B7E
S21402FD58B3F5817F22BF8022024B1A61BDE8384084
S21402FD68FCF714B9000002B81E27002000C001B82C
S21402FD78001000B0DF0000FF002002B8001E00B02E
S21402FD8810B528B971B94FF4C062164BDA6210BDC5
S21402FD9841B9154AD3681B0E13F00E0FF3D19368B8
S21402FDA89A06F0D4FFF75CFB0F4C0020FEF714FB14
S21402FDB8032801D0092805D1636FDB03F5D4E36D68
S21402FDC80C2BF2D9FFF77EFF4FF40072074BDA626C
S21402FDD8012203F5E8335A61042203F580531A67B1
S21402FDE8D1E700BF006001B8000002B8004000B8C2
S21402FDF808B5FFF735FBFFF765FF4FF40072084BAF
S21402FE08DA62012203F5E8335A61042203F58053C5
S21402FE181A674FF4C062A3F54043DA6208BD00BF12
S21402FE28004000B808B503210920FEF72BFA202265
S21402FE38014B1A6108BD00BF000002B838B5054676
S21402FE4802F029FC0446FCF747FE35B1FFF71CFB17
S21402FE582046BDE8384002F022BC084B1B78002B2F
S21402FE68F6D0074B1D78002DF2D1FFF70DFB2A4678
S21402FE784FF480400021FFF77BFBE9E71A270020B2
S21402FE88192700202DE9F84F5B4B06460D46144607
S21402FE981B6F002A40F0AD8013F0A00F14BF4FF07E
S21402FEA801094FF00009FCF771F8A0234FF0000A89
S21402FEB8DFF860810320C8F87030FDF7D1FD042012
S21402FEC8FDF7CEFD4D4FFFF7DFFA4D4B4FF0040B13
S21402FED87B67C7F878A0FFF7F5FE4A4B4FF48071A8
S21402FEE8D3F88C2E42F02002C3F88C2EFF22C8F8D4
S21402FEF80820414A1161D3F8C02E43491140C3F87D
S21402FF08C01EC8F870B0C3F894AE7B6913F0060F2B
S21402FF1804D0FDF7D5FE5846FDF7A2FDB9F1000F4D
S21402FF2808D04FF40062394B1A674FF40042A3F523
S21402FF38E0339A6666B1364BDB6C180701D4FFF7D6
S21402FF488FFAFFF76FFF0420FDF78AFDFFF732FAF4
S21402FF58294B5A69D10747D5DA6812F0706FFBD178
S21402FF682C4B2D4A1A672D4A536A23F0F003536224
S21402FF7815B12046FFF762FF294BD3F84C315A1CBD
S21402FF8801D05B0002D50122224B5A6164B3204B92
S21402FF98DA6E03F500539A6603F5D0331B6A1D4AD8
S21402FFA823F00103D3611F4BD3F80C1203F5005359
S21402FFB8C3F8081203F50053D3F8841003F5005368
S21402FFC89967194BD3F8EC1003F50053C3F8E01001
S21402FFD8164B596C03F500539963154903F580339C
S21402FFE859664FF6084313670020BDE8F84FFCF73A
S21402FFF8ADB94FF0000956E7000002B800C001B8D4
S21403000800000101001000B0DF0000FF001002B876
S214030018004000B8002002B810003000001F00B0EF
S2140300280080E00F004001B80040005400C000B84C
S2140300385000002F38B51C4A1C4B1D4C256F5A67B9
S214030048FFF740FEFF221B4B15F0A00F9A604FF4F4
S214030058807222614FF004021A6709D04FF40062D7
S214030068A3F580531A674FF40042A3F5E0339A6664
S2140300786369D90717D50E4AD36813F0706FC3F3AD
S2140300880360F9D10C4A536A23F0F0035362FFF76F
S214030098D5FE0A4BD3F84C315A1C01D05B0002D567
S2140300A80122044B5A6138BD0000010100C001B8A3
S2140300B8000002B8002002B8001F00B00080E00F5E
S2140300C89A4B2DE9F04F9A6EDB6E85B002EA030869
S2140300D8974BC3F86880974BD3F8E060D3F8EC30B7
S2140300E81E40954BC3F8E060944BD3F80822D3F828
S2140300F80C3202EA030A924BC3F808A203F520431C
S214030108DA691B6A02EA03098E4B09F47702DA6195
S2140301188D4BD3F80422D10606D4D3F80431DA0675
S214030128C3F3001740F1E18002F0B5FA874B5A692A
S2140301385F6E1B6F12F0060F07EA0307844A27F061
S214030148007323F4006314BF4FF0010B4FF0000B4A
S21403015853667B0704D57F4A137D0133DBB21375D9
S21403016802F09DFAB8F1000F00F0DD8018F40044A1
S21403017827D002F090FA0146FFF736F90446764D83
S2140301882B6818681A689042FCD018689042FCD00E
S214030198FFF72AF9A04240F0AA80084602F07FFA41
S2140301A86E4B1C606E4B1D6F15F4E05240F0A18039
S2140301B824F07F4424F0DF040CB9FFF79BFD4FF0CF
S2140301C8807418F0020F4FF0000514D0644B5D4995
S2140301D81B6F03F460420A67002A00F09E801D0422
S2140301E800F19E8013F4005F0CBF4FF000534FF0EE
S2140301F8006300251C43C8F340384FEA4808594BA8
S2140302083340002B4AD016F4206F0AD040F6D502A6
S21403021806210020FAF7C6F90020FFF70FFE26F49A
S2140302288026F00506D5FF22464B44F4C0649A6040
S214030238FFF716F916F0090F0AD040F6EA02082166
S2140302480020FAF7AFF9FFF7EDFD0122394B1A63E1
S21403025816F0106F0CD040F6F30209210020FAF7C7
S214030268A1F9FFF7DFFD002211461046FCF70CFC48
S21403027816F4202F0AD040F6FB0207210020FAF7CF
S21403028891F90020FFF7DAFD26F48026F10301D55D
S214030298FCF766FD002EB8BF48F0080872070DD5B0
S2140302A8244BDB6A13F4005F4FF4005317BF224A4C
S2140302B82D4AD36244F4000408BFD362730548BFCB
S2140302C844F0040416F48023019300F0B080FCF78E
S2140302D803FD0138062849D8DFE810F03401370152
S2140302E834013A013D0140014001BB463AE7044662
S2140302F846E70192FFF7FEFC124B019A1A6715F4BC
S214030308805307D115F4806F0CBF4FF080544FF01D
S214030318806456E74FF0804453E74FF0007368E76E
S2140303284FF0004365E74446454668E7004000B893
S214030338006000B80040005400600054004001B854
S214030348006001B8002002B800E100E000C001B870
S21403035800E001B878230020F82900207023002045
S214030368000002B8090B0B890050005440F62C1203
S21403037803210020FAF716F90121824A936ED2F870
S214030388880003F00703063301FA03F3C0F30C00EF
S2140303981B1A9BB2072B12D97B4B1B6F58020ED422
S2140303A87A48936B926D406D58B103F00703063392
S2140303B89940C2F30C03C91A89B2072901D844F431
S2140303C80074734B1B78002B31D06E4BD3F8E03098
S2140303D813F4A02F2BD16F4B6F4A1B7893B9FB04EA
S2140303E810D4137873B1E3086C4943EA457383F072
S2140303F80103D1F8C01E03F001035B0021FA03F3DF
S214030408980714D10420FDF72BFB654B65495967FC
S214030418FFF73AF8604A13782BB9634B634A1B68AD
S2140304282340134201D144F4804427F48057BAF199
S214030438000F1DD01AF4805F18BF44F480241AF402
S214030448807F18BF44F400241AF4005F18BF44F0F2
S21403045810041AF4007F18BF44F020041AF4806FBF
S21403046818BF44F040041AF4006F18BF44F0800421
S214030478B9F1000F48D019F4001F0AD04C4B1B687B
S2140304883BB1414A4B48116F00680022C1F3C06173
S214030498984719F4802F18BF45F4007519F4803F60
S2140304A818BF44F4805419F4801F18BF44F400346A
S2140304B819F4800F18BF44F0020419F4003F18BF5C
S2140304C844F4801419F4000F18BF45F0100519F406
S2140304D8002F19D0314BD3F88C3E13F0C00F13D02E
S2140304E8294AD368C3F30363032B01D0072B05D12B
S2140304F8536FD90602D4936F1A0732D54FF40022E6
S2140305082D4B29F40029DA61002F00F020813B05E2
S21403051840F18A802949DFF888A0CB78284A002B3F
S21403052854D04FF40060013BDBB25066CB7033B94E
S214030538244B1B78C3B140F60142234B5A6700236A
S21403054800226FE044F4803416E744F4006413E7AB
S21403055844F4806410E744F480740DE744F0080418
S2140305680AE744F40014CFE7DAF8783013F4A05F08
S21403057815BF4FF4807340F60143CAF85830CAF8DB
S2140305887830DCE700400054000002B8004000B8AA
S2140305981B2700201A2700201C270020001000B065
S2140305A800C001B800000101900D0020088D01006D
S2140305B8A822002018200020002002B80A270020BE
S2140305C800E001B81E27002000D001B80320FDF77D
S2140305D847FADAF81430AA4813F0060F04BF41F6B0
S2140305E81F73A84AA84908BF53674FF40062A54B70
S2140305F85A66DAF8143013F0060308BFCAF87830D8
S214030608438A13F400626AD023F4006343820B78A8
S21403061803F0FF0A002B66D1FDF752FBFFF76AFBD0
S214030628534620221C431543B80009D52E20FDF750
S21403063851F94FF00052934B45F008051A675A666E
S214030648F90606D52B20FDF745F910228D4B1A67B8
S2140306585A6617F0306F05D1FA046CD5BBF1000F54
S21403066800F0B9803B0117D52920FDF733F9874BEE
S2140306785B6C13B11022864B9A60FFF743F948B1B7
S214030688844B85497F4A53660B6701F54051C96811
S21403069848042BD445F0040517F0007B31D004201A
S2140306A8FDF7DEF92720FDF715F9FFF723FB4FF0D3
S2140306B80072744B5A66794BD3F8C02E520600F173
S2140306C88380734B02229A60754B1B6823B1754867
S2140306D8002201210068984745F0020528E00B78B8
S2140306E84FF400539EE74FF4004329E7136720208F
S2140306F85366FDF7EFF82D2045F00C05FDF7EAF8ED
S214030708CAE717F0807FDFF884A148D00420FDF7F6
S214030718A7F92820FDF7DEF8DAF87830002B3BD166
S214030728FFF7E8FA574B5B4A45F001051A675A661E
S2140307380022564B9A657A0509D55B4A9378002BAF
S21403074800F0C880013B9370002348EA0308534B24
S214030758D3F88C3E1B0603D520462946FBF7FEFD39
S214030768424620462946FEF703FF019B0BB1FCF7DA
S214030778E9FA01224D4B06F00436C3F8E0604C4B09
S21403078819F4002FC3F884211EBF4FF40022404BF0
S214030798DA6105B0BDE8F08FCAF878B0C2E7F904A5
S2140307A8C6D50420FDF75CF9424BCAF87430FDF74A
S2140307B887FADAF8643013F0407FB9D12A20FDF7B8
S2140307C889F8FFF797FA76E7D3F88C3E98063FF54D
S2140307D87BAF394B76E7394B1B68013302D044F0BD
S2140307E80104A8E7304A13794BB1013BDBB2137116
S2140307F813B9294B324A5A6700231C439BE7042044
S214030808FDF72EF90320FDF72BF9204B294A5A67E3
S21403081801F041FF82460DF10F00FDF7DDFD294B80
S21403082883461B780BB1FEF71BFEBBF1030F0ED1F5
S214030838DFF89CB00020FDF7CFFD032807D1DBF8CF
S2140308487430D903F6D4DBF85C300C2BF2D99DF858
S2140308580F30032B06D101221B4B50461A7001F0AA
S2140308681EFFC9E7194BD3F8E03013F4A02FF2D1D3
S214030878FEF70AFE504601F012FF4FF48043BCE72A
S2140308887823002000E001B81E27002000C001B826
S214030898002002B81000002000D001B8001000B0F5
S2140308A8A8220020182000200A27002000600054F1
S2140308B800E100E000000101001002B8F029002062
S2140308C80000010D1D2700201A27002000400054B1
S2140308D8000002B80220FDF7C3F8012335E700BF7E
S2140308E80122024B1A62DA61704700BF002002B881
S2140308F80C4B10B5DC691A6A14400B4A24F47F01C2
S214030908D161E20704D5D868C0F30360FFF7E8FFB0
S214030918630706D5BDE81040042200200021FEF731
S21403092827BE10BD000002B8002002B80C4A08B55E
S214030938936B526C13400B4A9363DB070FD50A4B32
S21403094840F674321878122100F00100F9F72AFEEF
S214030958BDE80840002201200021FEF709BE08BDB5
S21403096800C000B800E000B8900D0020054AD2F891
S2140309788430DB07FBD4936FD2F884201340024AF3
S21403098893677047008001B800A001B870B5144695
S2140309980D4601F080FE064BD3F88C6E74402C404F
S2140309A87440C3F88C4E01F07AFE06EA050070BD63
S2140309B8001000B0034BD3F88C3E99430CBF0120BC
S2140309C800207047001000B053B94AB9002908BF81
S2140309D800281CBF4FF0FF314FF0FF3000F082B9FC
S2140309E8ADF1080C6DE904CE00F006F8DDF804E076
S2140309F8DDE9022304B070472DE9F04F099D0C4644
S214030A08002B4DD18A420F4684469646B2FA82F3A5
S214030A1860D94BB102FA03FEC3F120029F4000FAE5
S214030A2803FC20FA02F217434FEA1E461FFA8EF417
S214030A384FEA1C42B7FBF6F106FB117701FB04F0FD
S214030A4842EA0742904208D91EEB020201F1FF3739
S214030A5802D2904200F231813946121A1FFA8CFCF0
S214030A68B2FBF6F006FB102200FB04F44CEA024C39
S214030A78644508D91EEB0C0C00F1FF3202D264451C
S214030A8800F21E81104640EA0140ACEB040C00213C
S214030A9825B12CFA03F30022C5E90032BDE8F08F2E
S214030AA88B4205D90DB1C5E9000100210846F5E7D3
S214030AB8B3FA83F100294DD1A342C0F0F3809042E4
S214030AC880F0F080064623460846002DE6D0C5E9A2
S214030AD80063E3E7002B40F0A3808A1A4FEA1E4719
S214030AE81FFA8EF60121B2FBF7F407FB14204FEA30
S214030AF81C4242EA004206FB04F090420FD91EEB62
S214030B08020204F1FF382CBF4FF001094FF0000929
S214030B18904203D9B9F1000F00F0CC804446121A6C
S214030B281FFA8CFCB2FBF7F007FB102200FB06F655
S214030B384CEA024C664508D91EEB0C0C00F1FF3252
S214030B4802D2664500F2B3801046ACEB060C40EAC8
S214030B5804409DE7C1F120068B4004FA01FE22FA01
S214030B6806F720FA06FCF4408A401F434EEA0C03B5
S214030B7800FA01FE4FEA17484FEA13491FFA87FCA3
S214030B88B4FBF8F008FB104449EA044400FB0CF9EC
S214030B98A1450ED93C1900F1FF3A2CBF4FF0010BC3
S214030BA84FF0000BA14503D9BBF1000F00F08B8073
S214030BB85046A4EB09041FFA83F9B4FBF8F308FBC1
S214030BC8134403FB0CFC49EA0444A44506D93C1920
S214030BD803F1FF3801D2A4457BD8434643EA0040D5
S214030BE8A4EB0C04A0FB02984445CC46434602D328
S214030BF806D1CE4504D20138B9EB020C68EB0703DD
S214030C08002D6CD0BEEB0C0264EB030422FA01F34E
S214030C1804FA06F6CC4000211E43C5E900643DE706
S214030C2802FA03FEC3F1200104FA03F200FA03FCF6
S214030C38CC404FEA1E4720FA01F11FFA8EF6B4FBA2
S214030C48F7F00A4307FB1044110C41EA044100FB82
S214030C5806F48C420ED91EEB010100F1FF382CBFB7
S214030C684FF001094FF000098C4202D9B9F1000F81
S214030C782CD04046091B92B2B1FBF7F407FB1411BC
S214030C8842EA014204FB06F1914207D91EEB02022F
S214030C9804F1FF3801D291421ED84446521A44EA58
S214030CA8004120E7861A64EB030301200DE7F444AA
S214030CB802384AE7023C724431E702397244CCE60A
S214030CC8F4440238DFE602383C4472E702387144DB
S214030CD8D0E7023B3C4481E7023C7244DEE7294600
S214030CE8DCE600BF704700BF08B5064B044613B1E1
S214030CF80021AFF30080044B1B6803B198472046D6
S214030D0802F0B4FC00000000C8240020242B2DE9C0
S214030D18F0478646904601D8012B06D100F046FADE
S214030D28162303600020BDE8F0870D4635482A469B
S214030D3815F8014B065D16F00806F8D12D2C24D1BC
S214030D482C780126951C2BBB302C30D00A2306F1B1
S214030D58004C00220CF1FF3C1046BCFBF3F903FBE6
S214030D6819CAA4F13007092F28D83C46A34234DD14
S214030D78571C07D081452DD301D1A2452ADB00FB9A
S214030D880340012215F8014BEBE72B2C04BF2C7804
S214030D98951CD8E7102BDAD1302CD8D12A7802F054
S214030DA8DF02582AD3D16C7810230235CFE72B7885
S214030DB803F0DF03582BF6D00823C8E7A4F141074E
S214030DC8192F01D8373CD1E7A4F16107192F04D8A6
S214030DD8573CCBE74FF0FF32D4E7531C08D1222306
S214030DE86046CEF80030B8F1000F9CD0691E06E0C6
S214030DF806B14042B8F1000F95D0002AF6D1C8F8DC
S214030E08001090E75F0F040013460A46014602489F
S214030E180068FFF77BBF00BF282A0020002310B511
S214030E2804468360818119464366C281082283612A
S214030E38C0E90033C0E904335C300BF0E0FE0D4B29
S214030E48246263620C4BA3620C4BE3620C4B236372
S214030E580C4B9C4206D003F16802944202D0D0336E
S214030E689C4205D104F15800BDE810400BF0F4BECF
S214030E7810BD00BF2DCB03004FCB030087CB030069
S214030E88ABCB030090230020024A034903480BF028
S214030E982BBE00BF1C2A002083CF03002C2A002069
S214030EA841680C4B994210B5044601D00CF065F81E
S214030EB8A168094B994202D020460CF05EF8E16817
S214030EC8064B994204D02046BDE810400CF055B8AE
S214030ED810BD00BF90230020F823002060240020C4
S214030EE810B50B4B04210B4C0B4A20461A60002204
S214030EF8FFF794FF04F1680001220921FFF78EFF2C
S214030F0804F1D00002221221BDE81040FFF786BF85
S214030F18C824002090230020910E030001480BF0FC
S214030F289CBE00BF1F27002001480BF097BE00BFDA
S214030F381F27002010B50446FFF7F0FF236A1BB1EE
S214030F48BDE81040FFF7F0BF044B2362044B1B6851
S214030F58002BF5D1FFF7C4FFF2E700BFA90E030085
S214030F68C82400202DE9F7431D46574B04460E4672
S214030F781F68904627B13B6A13B93846FFF7DAFF6E
S214030F88B8F1020F06D0B8F1010F00F29980002DD0
S214030F98C0F29680636ED90705D4A3899A0502D44E
S214030FA8A06D0BF05AFE214638460BF0E6FF616B40
S214030FB841B104F14403994202D0384602F0AAFD2F
S214030FC8002363630023A3616360A3891B0603D519
S214030FD82169384602F09EFDA389B8F1020F23F46F
S214030FE84A6323F00303A38160D001AB6A46214614
S214030FF838460BF0EAFFA3891843A0812DBB009D52
S214031008284600F0FDF80646002851D1DDF8009082
S214031018A9453FD14FF0FF35B4F90C3043F002022F
S214031028A2810022A26004F1470222602261012203
S2140310386261626ED60704D4980502D4A06D0BF0DD
S2140310480DFE284603B0BDE8F083002ED8D03B6AD1
S21403105813B93846FFF76EFFB8F1010F266002BFD3
S214031068A38943F00103A381B4F90C3013F00802F3
S214031078C4E904651ED0D90745BF00226D42A560A2
S214031088A26048BFA561626ED20701D49B0513D53B
S2140310980025D6E7484600F0B3F806460028B9D038
S2140310A8A3894D4643F08003A381D0E70025B3E721
S2140310B8A946F5E7A260E6E7A06D0BF0CFFDE7E7E4
S2140310C84FF0FF35BDE700BF282A00200EB400B551
S2140310D89CB06FF000411DAB0290069007910491F7
S2140310E80848094953F8042B059102A90068019397
S2140310F800F08EF8029B00221A701CB05DF804EB11
S21403110803B07047282A00200802FFFF0B4603494E
S21403111802460868816800F077B900BF282A0020CD
S21403112838B50023054D044608462B6002F09CFAA2
S214031138431C02D12B6803B1236038BDCC2400209E
S21403114838B50446064D0846114600222A601A4654
S21403115802F094FA431C02D12B6803B1236038BD0E
S214031168CC24002038B50446064D0846114600220E
S2140311782A601A4602F084FA431C02D12B6803B18C
S214031188236038BDCC24002038B50446064D0846EF
S214031198114600222A601A4602F080FA431C02D13E
S2140311A82B6803B1236038BDCC240020014B186894
S2140311B8704700BF282A002070B50D4D00260D4C39
S2140311C8641BA410A64209D10B4D00260B4C0CF049
S2140311D8E3FC641BA410A64205D170BD55F8043B76
S2140311E801369847EEE755F8043B01369847F2E789
S2140311F8202B0020202B0020202B0020242B00202F
S214031208024B0146186802F082BC00BF282A002059
S2140312182DE9F04F98468B899DB007461B060D4669
S214031228144610D50B6973B9402102F070FC286088
S214031238286130B90C233B604FF0FF301DB0BDE882
S214031248F08F40236B610023CDF80C804FF0010923
S214031258DFF8A081099320238DF8293030238DF8F1
S2140312682A3023469A4613F8012B0AB1252AF9D1C0
S214031278BAEB040B0BD05B462246294638460BF0DE
S21403128803FD013000F0A780099A5A4409929AF898
S2140312980030002B00F09F8000234FF0FF320AF146
S2140312A8010A049307938DF853301A93CDE905235F
S2140312B8544605224F4814F8011B0BF025FF049AE1
S2140312C8D8B9D00644BF20238DF85330110744BF3E
S2140312D82B238DF853309AF800302A2B15D0079A0B
S2140312E8544600204FF00A0C214611F8013B303BC8
S2140312F8092B4BD9B0B1079214E0A0EB0803A2461A
S21403130809FA03F313430493D2E7039B191D1B68D7
S214031318002B0391BBBF5B4242F00202079307937D
S214031328B8BF049223782E2B0AD163782A2B32D19E
S214031338039B02341A1D1B6843EAE373039205935F
S214031348DFF8C0A00322217850460BF0DDFE38B143
S214031358A0EB0A004022049B013482401343049303
S21403136814F8011B062224488DF828100BF0CCFE2F
S214031378002836D0214B1BBB039B073323F00703F8
S21403138808330393099B334409936AE70CFB023239
S2140313980C460120A8E7002301344FF00A0C19462F
S2140313A80593204610F8012B303A092A03D9002B57
S2140313B8C6D00591C4E70CFB012104460123F0E7D8
S2140313C803AB2A4604A9384600930D4BAFF30080B7
S2140313D8421C0646D6D1AB895B063FF52DAF099866
S2140313E82CE703AB2A4604A938460093044B00F0BF
S2140313F823F9EDE75F1004006910040000000000FD
S21403140891CC0300651004002DE9F04F0D469DB0FE
S21403141814469846064618B1036A0BB9FFF78AFDC1
S2140314286B6ED90705D4AB899A0502D4A86D0BF061
S21403143814FCAB891B0701D52B699BB92946304693
S21403144800F026FA70B16B6EDC0704D54FF0FF3058
S2140314581DB0BDE8F08FAB899805F7D4A86D0BF0DF
S214031468FDFBF3E70023CDF80C804FF00109DFF806
S214031478B481099320238DF8293030238DF82A3038
S21403148823469A4613F8012B0AB1252AF9D1BAEB53
S214031498040B0BD05B462246294630460BF066FC07
S2140314A8013000F0A780099A5A4409929AF8003046
S2140314B8002B00F09F8000234FF0FF320AF1010A49
S2140314C8049307938DF853301A93CDE905235446AE
S2140314D80522544814F8011B0BF016FE049AD8B9D3
S2140314E8D10644BF20238DF85330130744BF2B235C
S2140314F88DF853309AF800302A2B15D0079A54469D
S21403150800204FF00A0C214611F8013B303B092B0B
S2140315184BD9B0B1079214E0A0EB0803A24609FA28
S21403152803F313430493D2E7039B191D1B68002B8D
S2140315380391BBBF5B4242F0020207930793B8BF0F
S214031548049223782E2B0AD163782A2B32D1039B55
S21403155802341A1D1B6843EAE37303920593DFF804
S214031568D4A00322217850460BF0CEFD38B1A0EB69
S2140315780A004022049B013482401343049314F860
S214031588011B062228488DF828100BF0BDFD0028FD
S2140315983FD0264B1BBB039B073323F007030833B5
S2140315A80393099B3B4409936AE70CFB02320C46F8
S2140315B80120A8E7002301344FF00A0C19460593C7
S2140315C8204610F8012B303A092A03D9002BC6D037
S2140315D80591C4E70CFB012104460123F0E703AB9E
S2140315E82A4604A930460093114BAFF300800746FA
S2140315F8781CD6D16B6ED90705D4AB899A0502D465
S214031608A86D0BF02BFBAB895B063FF51FAF09985C
S2140316181EE703AB2A4604A930460093044B00F0A2
S2140316280BF8E4E75F1004006910040000000000EC
S21403163875CD0300651004002DE9FF470F7E91461C
S21403164880460C46782F9A460C9E01F1430207D82B
S214031658622F0AD8002F00F0DD80582F00F0C380D1
S21403166804F1420684F842703AE0A7F16303152BA7
S214031678F6D801A151F823F0D9160300ED16030096
S2140316886916030069160300691603006916030042
S214031698ED160300691603006916030069160300AE
S2140316A869160300031803007B170300BB17030020
S2140316B86916030069160300251803006916030054
S2140316C87B1703006916030069160300C317030094
S2140316D833681A1D1B68326004F1420684F84230E8
S2140316E80123A8E031682368081D30601E0601D56B
S2140316F80D6803E05D06FBD5B1F90050002D61685F
S21403170878DA2D200029A16084F843002DDA6D428B
S2140317185D480A231646B5FBF3F103FB1157C75D6D
S21403172806F8017D2F460D46BB42F4D9082B0BD18C
S2140317382368DF0708D5236961689942DEBF30232B
S21403174806F8013C06F1FF36921B22614B4603AAB4
S21403175821464046CDF800A00BF01AFB01306FD1A6
S2140317684FF0FF3004B0BDE8F08723F0040323608E
S214031778CDE721683368080653F8045B02D44906A4
S21403178848BFADB26F2F33603F4814BF0A23082300
S214031798002184F843106668002EA660BADB216829
S2140317A821F004012160002DB4D1002EB2D11646D3
S2140317B8BCE7236843F0200323607827334823686D
S2140317C884F845701F06316851F8045B02D45F0637
S2140317D848BFADB23160D90744BF43F02003236046
S2140317E81DB11023D4E72848E9E7236823F020032C
S2140317F82360F6E724480A23CDE733682568181DCF
S214031808616930602E061B6801D5196002E0680618
S214031818FBD5198000231646236197E73368002112
S2140318281A1D32601E68626830460BF06DFC08B1FC
S214031838801B606063682361002384F8433085E770
S2140318482369324649464046D047013088D0236844
S2140318589B0714D4E068039B9842B8BF184681E7F1
S2140318680123324649464046D04701303FF478AF15
S2140318780135E36803995B1AAB42F1DCEAE7002516
S21403188804F11906F5E700BF701004008110040080
S21403189838B5294B05460C46186818B1036A0BB9C0
S2140318A8FFF748FBB4F90C30190722D4DA0607D435
S2140318B809222A6043F040034FF0FF30A38133E048
S2140318C8580712D5616B41B104F14403994202D01B
S2140318D8284602F01FF900236363A38923F0240331
S2140318E8A3810023636023692360A38943F0080365
S2140318F8A38123694BB9A38903F42073B3F5007F47
S21403190803D0214628460BF085FBB4F90C3013F0B8
S21403191801020AD00022A26062695242A2612269C9
S21403192842B913F08000C5D138BD990758BF62691C
S214031938A260F4E70020F7E7282A002038B500233A
S214031948064D0446084611462B6001F090FE431CDC
S21403195802D12B6803B1236038BD00BFCC24002016
S21403196838B50023054D044608462B6001F084FE6F
S214031978431C02D12B6803B1236038BDCC24002056
S214031988094A5168C84390FAA0F048B1B0FA80F003
S214031998042805DC012383400B43536040B2704799
S2140319A84FF0FF30704700BFF82400200021034B98
S2140319B828220348C3E900110BF021B9F8240020B4
S2140319C8D024002038B50546FFF7DAFF0446044856
S2140319D8294600EBC4000BF00CFC204638BD00BFBC
S2140319E8D0240020C3B2042B10B515D804230B4A01
S2140319F803EBC003134453E8002F0A4343E80024C9
S214031A08002CF8D101220649824051E8003F1343CF
S214031A1841E800300028F8D110BD00BFD0240020CC
S214031A28F8240020F7B54FF0040C01260827184AB7
S214031A381849194D106800B30B7806FA03F42042C8
S214031A481DD0E04352E8004F044042E8004EBEF182
S214031A58000FF7D117FB03C32B4453E8000F43E8E3
S214031A6800E4002CF9D1019048B1087801AA0B4983
S214031A7805EBC0000BF0F9FB012003B0F0BD0B78B3
S214031A88506883422EBF00230133DBB20B70D1E7C5
S214031A98F824002020270020D0240020785634126B
S214031AA8024B1868003818BF01207047F824002036
S214031AB838B505460C4600F0F5FD084B1B6853B1D0
S214031AC8D3E9042395429C412CBF0124002400F04B
S214031AD8EFFD204638BD1C46F9E700BF1025002059
S214031AE82DE9F0414FF0FF3425460746884600F0B7
S214031AF8D9FD144B1E68A6B900F0DAFDB5F1FF3F11
S214031B0808BFB4F1FF3F08D0BC4275EB080316D3F1
S214031B18E71B65EB08083C46454620462946BDE8CC
S214031B28F0817269D6E903315B1842F10002A342D9
S214031B3872EB05013CBF1C4615467668DBE7344660
S214031B483546EAE7102500202DE9F74F109F0E4685
S214031B58DDE90CA915469DF83CB008B1026882B9C0
S214031B683FB129463046B84740F2034003B0BDE8C4
S214031B78F08F002DF8D0002EF6DB28460BF08BFFEF
S214031B88F2E7019000F08EFD8046584600F0EEF925
S214031B980446404600F08CFD019B8CB947B12946A4
S214031BA83046B8470320314600F09EFB1A20DDE78F
S214031BB8002DF7D0002EF5DB28460BF06CFFF1E777
S214031BC8256200252360DFF880800E9BC4E906A9FA
S214031BD8A660E360A762D8F8003084F824B065608E
S214031BE898471AEB000649EB010900F05BFD144B16
S214031BF80746D3F800E0C4E9046972462AB1D2E975
S214031C080401864279EB010111D2A5B9C4F804E0B0
S214031C181C600C4B1C682CB1D8F800309847FFF7AB
S214031C285FFFA047384600F043FD00209EE7516853
S214031C3815460A46E2E76A6862606C60E9E700BF31
S214031C481025002000250020082500202DE9F74F41
S214031C584FF0000881460D4692461E4600F022FDC8
S214031C684746DFF87CB00190DBF800408CB9B8F142
S214031C78000F08D0184B1C682CB1184B1B689847E4
S214031C88FFF72EFFA047019803B0BDE8F04F00F01A
S214031C980FBD22684A4511D12DB1A268296822F0E2
S214031CA800428A420AD126B9626857B9CBF800209F
S214031CB808E05146206AB0470028F5D027466468EE
S214031CC8D4E77A60D4F8048020460BF03EFA4446FC
S214031CD84FF00108CAE700BF0025002008250020AA
S214031CE810250020014B1860704700BF0025002010
S214031CF870B50E46094904460846154601F088FE9F
S214031D080023074A30211360064A07201660064A4E
S214031D1815602246BDE8704000F0C2B89210040071
S214031D2810250020082500200425002070B5044649
S214031D38164618460022002386B0CDE904230B4B2B
S214031D480D461B6813B9212006B070BD04A9984731
S214031D580028F8D1DDE904230290CDE900232946BB
S214031D68324620460BF02BFAEEE700BF0425002088
S214031D78F8B5054610200F46164600F0CBFA04467B
S214031D8801461022074801F048FE44B1012300200B
S214031D98E3602B68C4E9017623602C60F8BD1A203B
S214031DA8FCE700BF921004002DE9F84F81468846E9
S214031DB80027DFF8B4A0294E48464146FFF778FEC9
S214031DC8D8B900F06FFC264B06461B689847FFF702
S214031DD887FE05460C464FB1B1F1FF3F08BFB0F189
S214031DE8FF3F03D01F4B1B6803B19847304600F0EC
S214031DF85FFC28462146BDE8F88F00F053FCDAF866
S214031E08004084B16368CAF8003000F051FCA36848
S214031E18346033F000430AD130680BF096F9002398
S214031E2801273360C8E700F043FC3460C4E723683F
S214031E38002BF1D01D68002DEED0A26832F00043C7
S214031E48EAD0D5E9007B236A2168A868D847002822
S214031E58E2D1002FE0D03D46EFE700BF0C25002077
S214031E68082500200025002010250020F8B5044684
S214031E780D4600F017FC094B1B684BB1D3E9066700
S214031E88C4E90067DB682B60BDE8F84000F010BCC7
S214031E9800260027C4E90067F5E700BF0C250020E5
S214031EA82DE9F0474FF6FC78002416461B4F0331FE
S214031EB81B4B07EB001501EA08084FEA001A1B68D4
S214031EC86A80814627F80A8002FB08F0EC60984788
S214031ED818FB06F39BB2024668602B81D8B11149FA
S214031EE8284651F8291001F095FD21462A89686885
S214031EF80AF085FE214623469E4204DC002057440A
S214031F087E80BDE8F0876A68E86854185050013345
S214031F18EC604144F0E71A20F3E700BFC81D002031
S214031F28142500209011040038B5094C04EB00155D
S214031F386B682BB1284601F06FFD68680BF0ABFDA4
S214031F482846BDE83840102200210AF058BE00BFD4
S214031F58C81D0020034B0201C3E9001000210248F4
S214031F680AF04DBE14250020C81D002038B5094BBD
S214031F78020103EB0015EC68284621469A5A01F03D
S214031F884CFD24B12368EB606B88013B6B802046CD
S214031F9838BD00BFC81D0020024B03EB001398781A
S214031FA8704700BFC81D002030B4064C04EB00136E
S214031FB8DD685A880D600132184630BCD9605A80ED
S214031FC801F02CBDC81D0020044A010102EB0013D2
S214031FD8505A10B11B89B3FBF0F07047C81D002098
S214031FE80020124B10B51870114B124C1860124B88
S214031FF8206018706060A060FFF7E6FF80B2A0F16B
S2140320080E036380A0F11403013060810B49201D81
S214032018E38001F0FDFC2046094901F0F9FC04F1D0
S21403202808000849BDE8104001F0F2BC222700204A
S214032038342500208025002021270020D411040001
S214032048DD110400E711040070B5044680B300F000
S21403205829FB637905466FF382036371237913F0CB
S214032068100605D010232371BDE8704000F020BB8E
S214032078104903F0030331F823203046013A21F8C8
S21403208823202146FFF790FF0B4B0C4E1C681CB908
S2140320980A4B28461C70E7E7237A1BB933781BB923
S2140320A82468F4E7012BFBD1204663689847F7E7D3
S2140320B870BD00BF8025002034250020222700207D
S2140320C810B5044600F0EEFA034B1A6822601C604B
S2140320D8BDE8104000F0ECBA3425002010B5064BD6
S2140320E800F0E0001A78541C1C70044B03F8320006
S2140320F803EBC203596010BD212700201C250020CE
S2140321082DE9F04F0446460789B048BF00F0F704A8
S2140321180492029100F0C6FA604E04F0030706EB39
S214032128870336F827205B8881469A4204F0EF0A2D
S2140321384FEA870830D20020FFF718FF054638B362
S21403214836F827304846013326F8273000F0B0FA29
S21403215828460BF00DFB029B029AAB71049B85F88D
S21403216804A01344EB7100F09DFA80464C4B1C68A0
S214032178002C40F08B80404600F09AFA06EB870066
S2140321884522294601F049FC284609B0BDE8F08FE8
S21403219801224846434B1A7000F08AFA25071DD5D4
S2140321A81F2C1BD904F0E003B044039300F07AFA1B
S2140321B8B8F8023036F827904FF0000B99452CBF35
S2140321C800230123DFF8E480019300F071FA06EB9D
S2140321D887030593344B1B789B4508D384F0040088
S2140321E85146C0F3800000F07FF80025C6E798F84C
S2140321F80030039A1A4204D0D8F80490D9F800306D
S21403220823B90BF1010B08F10808E3E707935A799A
S214032218D00708D51A79510705D5019941B98AEA2D
S2140322280202920704D099461B68002BEFD1E5E714
S21403223848460BF003F90579079007A80BF0E0F872
S2140322482946002000F050F800F02CFA059B36F8D3
S21403225827205B8805469A4234BF0123002301934F
S21403226809D20020FFF782FE079058B136F82730C8
S214032278013326F82730284600F01AFA079D002D62
S214032288BCD065E70122074B1A70F4E7237A012BC3
S21403229802D1204663689847246869E780250020AA
S2140322A83425002022270020212700201C25002073
S2140322B80022014B1A6070473825002010B50446E3
S2140322C800F0F0F9074A13682BB914602360BDE8D9
S2140322D8104000F0EDB9A34202D01A461B68F3E794
S2140322E810BD00BF3825002070B505460E46054BC1
S2140322F81C6804B970BD6368314628469847246845
S214032308F7E700BF382500200149084601F080BBDF
S214032318F4110400012838BF012038B5C41C24F082
S2140323280304204601F0AFFB05460146224608484B
S21403233801F073FB2DB921460220FFF7D5FF284687
S21403234838BD2246002128460AF059FCF7E700BFA5
S214032358F411040010B5064C237823B9E6F746FDB6
S21403236818B901232370002010BD40F20740FBE78D
S2140323782327002038B50B4B04461B780D464BB174
S21403238821462846E6F752FC002840F2074008BFD5
S214032398002038BD04490548FFF7DCFF0028EFD0C6
S2140323A8F7E700BF23270020EFBEADDEBEBAFECA9E
S2140323B8074BDA69D20407D51B6A40F2044013F0C8
S2140323C8010F18BF0020704740F20440704700BF53
S2140323D80080E00F70B504460220A1700621207025
S2140323E8E1700120FF21E3711B0A2372059E9DF805
S2140323F810306271120A607021713046A2716372DE
S2140324080AF03AFC05460E2D04F10C000CD90823F5
S2140324180E223146E3720AF00CFC0E25EDB26B1C55
S2140324280C35A372E57670BD09230E223146E37296
S2140324380AF0FFFBF2E710B5441E14F8010F00B9C3
S21403244810BDE0F7C5F8F8E7704708B501F050FC8B
S214032458E0F7FEF801F059FCE0F7CCF9E5F758FB8E
S214032468F8E708B5E6F7C6F9BDE80840F0F7F4B8A4
S21403247810B50446E0F7CAFD2046E0F775FB20468C
S214032488E0F702FA10BD0120704700B5C3B0EDF7B8
S2140324981BFF05F083FB48B1FFF7F5FF30B101A832
S2140324A806F0B6F910B901A8FFF7E2FF43B05DF8E6
S2140324B804FB00F087B808B5E1F75EF9BDE8084005
S2140324C8E0F7F2BF08B500F07BF8E5F7AFFEE5F7EF
S2140324D8C5F8E4F7BBFA00F02EFCE6F787FC00F035
S2140324E8B3FCBDE80840E0F72FBD08B5E2F7DAFD10
S2140324F800F0A4F9E2F7E6FD00F0A2F9BDE808400B
S214032508FFF7AFBFE0F752BE7047E0F779BFFFF7B4
S214032518BCBF7047E0F726BD01207047012070470F
S21403252838B5E0F7A9FF0546EDF7F6FE041E18BF13
S2140325382C46FFF7F1FF002818BF204638BD38B5EC
S214032548E5F7E4FB0446E0F78DFF04281ED00228CF
S2140325584FF0000508BF012405F062FB042817D0D6
S214032568022808BF0124E0F703FD042812D0022836
S21403257808BF0124FFF7D2FF04280DD0022808BF9E
S2140325880124002D18BF0024204638BD0125E3E7A3
S2140325980125E8E70125EDE70024F5E782B002AB5D
S2140325A803E90300012002B070477047704704220E
S2140325B808B5114601230320E2F7CCF9002008BD2D
S2140325C8FFF7F5BF042208B5114600230320E2F7F8
S2140325D8C1F9002008BD70B5002506462C46052C13
S2140325E820D8DFE804F003070B0F13175B21082036
S2140325F8E1F728F90C210820E1F724F9D12108206E
S214032608E1F720F980210820E1F71CF900210820CA
S214032618E1F718F96C1C2946E4B208202546E1F7C9
S21403262811F90624A4F10E03012B05D85A21082014
S214032638E1F708F90134D2E7102C05D1BDE870405C
S2140326485D210820E1F7FEB8B31F195DEFE7012304
S21403265807B520F07F4040EA8170019068468DF800
S2140326680030FFF7B8FF03B05DF804FBFEE74AB196
S214032678002310B550F8234041F823400133934212
S214032688F8D110BD7047002070474FF400407047DC
S2140326984FF47A707047EFF3108072B6704700B93C
S2140326A862B67047EFF31180302383F311887047BF
S2140326B880F31188704700230360704703680B6034
S2140326C8016070474FF060420123D2F8001E834032
S2140326D80B430020C2F8003E70474FF060410122CA
S2140326E8D1F8003E824023EA02030020C1F8003EE8
S2140326F8704710B588B004460E98009207900D9858
S214032708224606909DF8300005900B9804909DF895
S214032718280003900020CDE901300B460121E1F79C
S214032728B3F808B010BD704713B5044601A8E2F71E
S2140327388DFA9DF8063023804FF480736380E2F7A2
S214032748ADFA6060002002B010BDE2F709BA08B51A
S214032758E2F7FAF9002008BD10B5044644EA010377
S21403276813F00303084609D1934201D1002010BD94
S21403277854F8231040F823100133F5E72146920056
S2140327880AF06DFAF2E70A4601390144E4F7C8BFCE
S21403279808B5E0F741FFBDE808400021E1F71ABB9A
S2140327A802210320E1F7C0BD08B5FFF7F1FFBDE836
S2140327B80840FFF7F5BF10B50446E0F71BFF0021F6
S2140327C8E1F708FB1CB1BDE81040E1F79DBD10BD5D
S2140327D8704770477047704770B5054614460E46EF
S2140327E8FFF759FF2B685C4034405C402C60BDE81B
S2140327F87040FFF754BF70474FF0B0435A6812B1A2
S2140328089A6A002AFAD17047012200F580535A6063
S214032818CB43934003F00A034361416111B900F5C2
S21403282800504260704783691B06FCD5406AC0B2F5
S214032838704783695B06FCD5C1637047F8F706BA29
S214032848002307B5CDE90033012369464FF0FF306F
S2140328588DF8023009F0B4FC03B05DF804FB0020E1
S2140328687047B0F5802F22D010D8B0F5003F20D09F
S21403287807D818B3B0F5803F08BF482018BF012013
S2140328887047B0F5403F08BF2C20F7E7B0F5302F68
S21403289811D007D8B0F5E02F0FD0B0F5202F08BF1A
S2140328A81020EBE7B0F57F0F08BF0620E6E74B20BE
S2140328B870472A207047112070472120704708B5B3
S2140328C870B100F01BFA4FF098435A6CD202FCD54D
S2140328D8586D10F4702004D0BDE80840FFF7C1BF58
S2140328E8212008BD08B528B1202200210AF087F95F
S2140328F8002008BD2120FCE708B1FFF7F3BF21201D
S214032908704710B508B9212010BD0029FBD003680D
S21403291813F0704205D1C3F30E030B607BB100209E
S214032928F2E703F05044B4F1004F05D0B2F1304F4C
S21403293802D0B2F1404FE6D103F07F03EDE74368D8
S214032948002BE0D00B60EAE773B50D46064610B9D0
S214032958212002B070BD0029FAD0002301A90193F3
S214032968FFF7CFFF0028F4D13468019B14F07044B6
S21403297803F1030323F003030AD0B168B4F1004F4D
S214032988C1F38032C1F3403104D102EB4102534311
S2140329982B60DEE7B4F1204F01D10A44F7E7B4F120
S2140329A8304FFAD0B4F1404FF7D0D1E72DE9F347CB
S2140329B80D4690469A460446F0B1E9B106680F6894
S2140329C806F07049BE422AD0B9F1004F11D186EA03
S2140329D80703B3F1805F13D3BAF1000F36D1B8F10A
S2140329E8000F1FD0A368AA68534013F4E04F19D00A
S2140329F802E0B9F1404FEAD0212002B0BDE8F087E3
S214032A080023204601A90193FFF77BFF0028F3D193
S214032A18019AC2F30E0216431743BE42ECD1B9F12C
S214032A28000FD9DB0023694620460093FFF769FFAA
S214032A380028E2D1019001A92846FFF762FF002883
S214032A48DBD1DDE900239A42D7D0D5E7AA68B8F1E7
S214032A58000F03D0A3685340D904CDD49304E1D41C
S214032A68CAE773B50C46002876D0002974D000232D
S214032A780B60036803F070430B60C26822B1032A35
S214032A886AD143F080630B608368C2689D0103F0D4
S214032A98407154D5B1F1407F54D0002A5CD04FF032
S214032AA80073226822F040721A432260C368032B1D
S214032AB809D10369F62B4FD91B0403F47F0322F4C9
S214032AC87F021343236083681E0442BF236843F4CC
S214032AD800432360C368032B09D02368026823F4E2
S214032AE8FF4323F07F03C2F30E02134323600268F7
S214032AF88368002A08DA5D0403F400512ED459B318
S214032B08226842F400522260026802F0704202F120
S214032B180042B2F1804F05D25A0542BF226842F4FA
S214032B2880622260056815F070461ED5002301A949
S214032B380193FFF7E6FE00282ED002B070BDB1F170
S214032B48407F03D142B14FF04073AAE703F0807386
S214032B58002AA6D1002BA4D02120EEE7226842F44F
S214032B68804222600029CBD1CEE713F4C843F3D1C1
S214032B7801A90193FFF7C5FE0028DED1002EEBD18D
S214032B882368019A23F4FF4323F07F03C2F30E025C
S214032B98134300202360D0E705F05045B5F1004FF6
S214032BA805D0B6F1304F02D0B6F1404FD4D1019BD1
S214032BB82268013B03F07F0322F07F02E8E738B17F
S214032BC831B101234B604FF0005300208B607047F0
S214032BD82120704737B50C46054610B9212003B0A7
S214032BE830BD0029FAD001234B60C36893B901A905
S214032BF80193FFF7A9FE0028F1D1019B6A699A425F
S214032C0806D32A6943F0005322600020A360E6E750
S214032C181D20E4E7032BE1D10023F6E770B50E4643
S214032C28054688B000284AD0002948D000234FF02C
S214032C3800718360C0E90013C36105A93046FFF736
S214032C4810FF0446002835D12846059900F04DF8AC
S214032C58012303934FF00053284602A9049300F078
S214032C6830F8304605A9FFF7B5FF044610BB2846DB
S214032C7805A900F030F82846FFF721FE0446C8B930
S214032C88F368BBB93368B3F1805F13D2019001A927
S214032C983046FFF736FE90B9019B9A070AD0726949
S214032CA893420AD83069D21A002102F00302184464
S214032CB809F0A5FF204608B070BD1D24FAE72124B5
S214032CC8F8E7436813B9416070475B685A68012A96
S214032CD8FBD159607047836813B9816070475B6896
S214032CE85A68012AFBD159607047C369032B9FBFF3
S214032CF800EB83020133D160C3617047C369042BB9
S214032D0814D84FF09842116CC902FCD504339B00C3
S214032D1813650168103B11604168116050F8081F7D
S214032D2811604FF098420344984200D1704750F818
S214032D38041F1160F8E7FFF792BDF0B51546492260
S214032D488FB0149C8DF8242004F10C060DF125028F
S214032D5854F8047BB44242F8047BF9D124781470FF
S214032D684FF48074ADF834409DF8544000228DF833
S214032D78364004240694169CCDE9001505941324BE
S214032D88049409ACCDE902340B4611468DF832207B
S214032D988DF83350E2F760FD0FB0F0BD30B5C02AAA
S214032DA893B02FD0B2F5807F29D0802A2CD14FF448
S214032DB8807480F001002043019016980125029044
S214032DC810242120039504940590069301AB0795D8
S214032DD8089409900A9306AB0B9304230C931123C8
S214032DE80D930AAB0E910F9340F61103D20802A96E
S214032DF80EA810921193E2F7FFFC13B030BD4FF400
S214032E088274D6E70F20F8E72920F6E71FB5079C54
S214032E1802949DF81840CDE9003413460A46014645
S214032E280020FFF78AFF04B010BD1FB5079C029465
S214032E389DF81840CDE9003413460A46014601209A
S214032E48FFF77BFF04B010BD08B5E2F759FEBDE8EF
S214032E580840E2F785BE10B50446FFF71CFC4FF0A2
S214032E68A8431A6822601B696360FFF718FC0020F2
S214032E7810BD10B50446FFF70EFC4FF0A8432268B2
S214032E881A6062681A61FFF70AFC002010BD70B565
S214032E9806460D4614468CB0CAB11022002108A86F
S214032EA809F0ADFE002207AB029305AB019306AB10
S214032EB800933046294608ABCDE90522E2F796FE8D
S214032EC818B9099B6360059B23600CB070BD6FF04F
S214032ED88600FAE708B5FFF7C2FC002814BF6FF0B0
S214032EE89200002008BDF0B51C46002389B0236075
S214032EF80F461646FFF7B3FC70B96846FFF7F2FCB1
S214032F08054648B9324639466846E2F7F1FA10B933
S214032F18266009B0F0BD25606FF09200F9E720F04F
S214032F280803102B05D0202814BF6FF08600002056
S214032F387047002070472DE9F0411C464368064653
S214032F481B0A8846154688B051D1028822F0FF032B
S214032F58B3F5824F28D14388413AD2B20733012AC0
S214032F684FEAD30346D90A78042A18D16F1EB7EB5B
S214032F78430F01F1010812D11D4622462946304661
S214032F88E3F784F968B9033727F00307C4E90308A6
S214032F9867615DB920220021204609F030FE6FF0F4
S214032FA8860008B0BDE8F0812F46E6E701462022F2
S214032FB8684609F024FE6A4629463046E3F766F96A
S214032FC80028E7D12368009A9A42E3D16368019AF6
S214032FD89A42DFD1A368029A9A42DBD1A369069A7A
S214032FE89A42D7D1E369079A9A42DAD0D2E76FF0C2
S214032FF88B00D6E76FF08500D3E7406810B5000A64
S214033008029C07D19A4208D3033222F003022161B5
S214033018626110BD6FF08B00FBE76FF08C00F8E77A
S2140330282DE9F047884691461F46054692B078B183
S21403303871B16AB14388DA1D072A4FEAD2065AD015
S214033048008800F4E040B0F5805F04D15B0708D041
S2140330586FF0860428E0B0F5005FF7D0B0F5804F30
S21403306849D00DF1080A20220021504609F0C7FD71
S214033078524631462846E3F709F90446A0B93346CB
S2140330884A4641462846CDF800A0FFF7B6FF044651
S21403309850B9014620220AA809F0B1FD0AA8FFF78D
S2140330A821FC28B16FF09204204612B0BDE8F087E1
S2140330B851460AA8FFF7B2FD48B1482818D16FF061
S2140330C885040AA8FFF718FC0028EDD0EAE76B6822
S2140330D83C601B0AF3D12A8822F0FF03B3F5824F1C
S2140330E804D1413AD2B2012A88BF01363E60E8E7E6
S2140330F86FF09204E5E76FF08504D5E72DE9F04F06
S214033108B3B08846DDE93CAB91461E46074628B968
S2140331186FF08604204633B0BDE8F08F0029F7D059
S214033128002AF5D0002BF3D0BAF1000FF0D0BBF18C
S214033138000FEDD02022002102A809F060FD4A46C0
S2140331484146384602ABFFF7F6FE04460028E1D1AF
S2140331580AAD0DF1080CBCE80F000FC59CE80F007C
S21403316885E80F003C22214623A8229409F047FD50
S2140331781C22214613A8129409F041FD3B887D883A
S21403318803F44F430735B3F5824F4FEAD50531D1DC
S2140331986F4217F003072DD0059B9BB9A945B7D3F4
S2140331A80DF148093A460021484609F028FD2A4603
S2140331B8414609EB070009F052FD0023CDE905391E
S2140331C820230793402322A900220F930C9BCDE9C3
S2140331D80D2123F0807323F4804343F4005301A99D
S2140331E80AA80C930192FFF7AFFB014648B16FF0AC
S2140331F892048FE70AF102030027711C23F00303E6
S214033208E2E7019B0133A3EB4703534501934CD8ED
S21403321820221AA809F0F3FC1AA8FFF763FB002874
S214033228E5D10AAA02A91AA8E2F756FA012880469F
S21403323838D060B1482814BF6FF092046FF0850445
S2140332481AA8FFF759FB00283FF464AFCFE7DDF869
S214033258049027B904233370CBF80090F0E709F1FC
S214033268FF3A4FEA5A0ACAF10007731C07F0030726
S21403327822A952461846394409F0F1FC5246034639
S2140332880AEB470122A80144981809F0E8FC002D28
S214033298E0D0013D12AB013D83F8008003F1010342
S2140332A8F9D2D7E76FF08B04CAE76FF0890431E7E2
S2140332B810B4048804F4E044B4F5805F06D0B4F58B
S2140332C8005F03D05DF8044BFFF7AABE6FF08500D6
S2140332D85DF8044B704770B40488DDE9035604F4BC
S2140332E8E044B4F5804F04D0CDE9035670BCFFF72D
S2140332F805BF6FF0850070BC7047E2F793BEF0B564
S214033308044615461F460E468DB019B96FF086005B
S2140333180DB0F0BD0028F9D02022002104A809F03A
S2140333286EFC2388CDE90865B3F5105FEED1638894
S214033338C02B16D0B3F5807F15D0802B15D110205F
S2140333488542CDE90400E1D3169B39460293159BC3
S21403335804A80193149B0093DDE91223E3F7D8F836
S214033368D6E71820ECE72020EAE76FF08500CFE7DA
S214033378F8B50E4614461D46074600283DD0E1B369
S21403338802B9D3BB5C220021384609F038FC314623
S2140333983846069AE3F726F9A0B97288D208182A97
S2140333A8BA6510D0202A1BD0102A26D10F2D24D96F
S2140333B807F1380304F1100254F8041B944243F847
S2140333C8041BF9D1F8BD172D17D907F1380304F1F3
S2140333D8180254F8041B944243F8041BF9D1F1E786
S2140333E81F2D0AD907F1380304F1200254F8041BE9
S2140333F8944243F8041BF9D1E4E76FF08600E1E74B
S214033408FFF7B6BF70B50D461646044688B098B1A2
S21403341801B98AB900212022684609F0F0FB214643
S2140334286846E3F795F928B933462A466946204697
S214033438E3F7FCF808B070BD6FF08600FAE7F0B55E
S2140334480D4616461F4604468BB0A8B1A1B19AB1DD
S21403345893B10021202202A809F0D1FB214602A835
S214033468E3F776F930B933462A462046009702A989
S214033478E3F71AF90BB0F0BD6FF08600FAE708B564
S21403348828B15C22002109F0BAFB002008BD6FF0C2
S2140334988600FBE7E2F746BE00F00DB809B100F078
S2140334A80CB82220704709B100F048B822207047AC
S2140334B8012100F07DB80020704770B506460D461A
S2140334C8FFF7F0F804461C2E35D8DFE806F00F1889
S2140334D8341C1E203422243434342628342A2C2E32
S2140334E8303434343434343434343200E0F768F85F
S2140334F8002628602046FFF7DBF8304670BD01201B
S214033508E0F77CFEF4E70320FAE70420F8E70C204C
S214033518F6E70220F4E70620F2E70720F0E708209C
S214033528EEE70520ECE70920EAE70A20E8E70D209E
S214033538E6E71020E4E700202126DAE770B506461A
S2140335480C46FFF7AFF805461C2E2DD8DFE806F025
S2140335580F0F2C0F0F1E2C0F222C2C2C24282C1E5E
S2140335681E1E2A2C2C2C2C2C2C2C2C2C1E0000201B
S214033578E0F7A6FF4FF6FF73984220800CBF0E2491
S21403358800242846FFF794F8204670BD00232380BE
S2140335980F24F6E70620EBE70720E0F785FFE9E7C1
S2140335A80820FAE70D20F8E7002323802124E8E71C
S2140335B800207047E3F7EEB870B50C46154610B909
S2140335C8E3F738FA38B143682BB12A462146BDE8F3
S2140335D8704000681847232070BDF7B50D46164699
S2140335E81C4648B103B901AC87685FB12346324627
S2140335F829460068B84706E0E3F71CFA04B901ACA5
S2140336080028F1D1232003B0F0BDF8B50C461546C3
S214033618064658B9E3F70EFA20462946FDF776FD1F
S2140336280446002CD4BF37200020F8BDE3F702FA7F
S21403363886420746F0D03046E3F7F0F92946204697
S214033648FDF764FD04463846E3F7E8F9E9E70EB400
S21403365803B503AA52F8041B0192FFF7D6FF02B07C
S2140336685DF804EB03B0704700207047FEE74FF49D
S214033678005300204B6070470120704700207047B6
S21403368807B5002001AB0190FFF7A7FF01980028B4
S21403369808BF4FF0FF3003B05DF804FB10B51446BF
S2140336A80020FFF789FF204610BD034670B190F847
S2140336B8382090F83C002AB1022803D1012283F867
S2140336C83C20704704284FF00102F8D001207047C9
S2140336D880F82C10704790F82C00704790F8390043
S2140336E870473022037A534303F1A04303F580233C
S2140336F8D96ED0E903231344994214BF08461046EB
S214033708704770B504460568E3F794F9844202D116
S2140337180020E3F783F995F93600E3F75DF995F9A1
S2140337283600E3F739F995F93700E3F755F995F9CC
S2140337383700E3F731F9287AE0F750FA287AE0F702
S214033748B3F9E0F78FF900232846C4E90033C4E940
S2140337580433A360AB6ABDE870401847F8B504465F
S2140337680D4690F8393081B173B990F83A60FEF790
S21403377892FF054601213046E4F72EF92846FEF760
S2140337888EFF012384F83930F8BD002BFCD090F85F
S2140337983A70FEF780FF064629463846E4F71CF9D2
S2140337A83046FEF77CFF84F83950EDE72DE9F843F9
S2140337B8044616460D4690F82C80FEF773FF94F8D9
S2140337C8382003469AB1FEF773FF94F83B90FEF74A
S2140337D862FF074601214846E4F7FEF83846FEF737
S2140337E85EFFFEF75FFF0022034684F8382018467C
S2140337F8FEF75EFF2E44B54204D101212046236A14
S21403380898473DE094F82D302BB3FEF74BFF237E05
S2140338180746EBB12046FFF764FFE16801388842A4
S21403382838BF2069D4F830C03CBF00F1FF304018D9
S21403383803469C450BD013F80129112A01D0132AF5
S21403384821D1A2F111035A425A4184F83420206345
S2140338583846FEF72DFF94F83430002BCBD0B8F15A
S214033868000F06D02B780A2B03D10D212046E369D7
S21403387898472046E36915F8011B98470028BAD0ED
S2140338880020BDE8F883994282BF236903F1FF331A
S2140338985B18CEE7F8B590F83830044603F0FF0611
S2140338A8A3B93146036A9847012384F8383094F855
S2140338B83B70FEF7F0FE054631463846E4F78CF8CB
S2140338C82846FEF7ECFE022384F83C30F8BD026C6B
S2140338D8D36C43F00403D364704710B50446026CF4
S2140338E893695906FCD5002394F846101A4694F8AB
S2140338F84500E1F72FF8002394F848101A4694F881
S2140339084700E1F727F894F84D30DA0707D5002380
S21403391894F84A101A4694F84900E1F71BF894F805
S2140339284D309B0707D5002394F84C101A4694F895
S2140339384B00E1F70FF8206C0021C36C23F001035A
S214033948C364C36C23F00403C364FEF75DFF00205F
S21403395810BD08B5006CFEF76CFF002008BD036CAD
S214033968DA6C19B142F00102DA64704722F00102F8
S214033978DA64012203F500539A64704738B504687D
S214033988206C856C15F001050BD0012200F5005359
S2140339989A6483699B060FD52046BDE83840FFF72F
S2140339A879BF042384F83C30237E33B9C36C23F0F1
S2140339B80403C3640123237638BD637E1BB394F8DC
S2140339C82D3003B3132184F83550FEF732FF236CEA
S2140339D8DA6C42F00402DA645B6ADBB2112B0DD1AF
S2140339E8012384F834303022237A534303F1A04367
S2140339F803F58023DB6E013B2363DDE7132BDBD163
S214033A0884F83450EFE7C36C23F00403C364D3E7A6
S214033A180E2070470E20704770477047704770B582
S214033A2804464518073549420D40A5F108063046B1
S214033A3800F077F8A188331BC3F3CF0362881944D1
S214033A4889B2D21A25F8041C25F8062CA28882B156
S214033A58A4EBC202D180518819445180E2887AB116
S214033A68D31A9BB204EBC20425F8023CA380304663
S214033A7870BD15F8082C42F0020205F8082CEDE78D
S214033A8825F8022CF3E707B500224FF0FF3101AB08
S214033A980192E3F755FA019803B05DF804FB134661
S214033AA80A464FF0FF31E3F74BBAE3F717BB70B597
S214033AB80D461E46114693B1002333608DB180B17F
S214033AC8454332462846FFF7EAFF044628B93068D6
S214033AD818B12A46214609F092F8204670BD2224DA
S214033AE8FBE72124F9E707B5002201AB0192FFF7AC
S214033AF8DEFF019803B05DF804FB002307B501AAAF
S214033B080193E3F7C1FB019803B05DF804FB08468D
S214033B18FFF7B9BF0846FFF7C8BF08461146FFF7C1
S214033B28ECBF0023038043808380C380704708B5B7
S214033B38E3F76EFE08BD10B5FEF7ADFD0446E3F7E2
S214033B48B3FE2046BDE81040FEF7A9BD7047012026
S214033B5870474FF4C870E3F7CBBF7047002307B529
S214033B68684600938DF80430E0F7EAFE03B05DF884
S214033B7804FB2DE9FF410D4616461F460446A8B129
S214033B884FF00008C0F81C80E4F78AFBBDF82C3019
S214033B98424602939DF828302946CDE9007320460D
S214033BA83346E4F7E3FA04B0BDE8F0812220FAE7E7
S214033BB8F0B50D4616461F46044685B090B1002359
S214033BC8C361E4F76DFBBDF82C302A4602939DF8D3
S214033BD828302946CDE9007320463346E4F7C6FA6B
S214033BE805B0F0BD2220FBE7F0B51F46002387B0DB
S214033BF80D46164604468DF81730A8B1C3610DF175
S214033C081701E4F77DFB9DF817207AB9BDF8343021
S214033C18294602939DF830302046CDE90073334693
S214033C28E4F7A4FA07B0F0BD2220FBE70320F9E780
S214033C38F0B51F46002387B00D46164604468DF892
S214033C481730B0B1C3610DF11701E4F759FB9DF8BE
S214033C58173083B9BDF834302A4602939DF83030BE
S214033C682946CDE9007320463346E4F77FFA07B0C2
S214033C78F0BD2220FBE70220F9E738B5FEF712FD70
S214033C88054600F008F804462846FEF711FD2046C8
S214033C9838BD00F022B84FF0B0439A6A1207FCD436
S214033CA8186A704782074FF0B04200F00103916923
S214033CB848BF43F008030B43936170474FF0B04384
S214033CC801285B6904D0022805D1C3F3C0007047F6
S214033CD803F0010070470020704707B512200DF166
S214033CE80601FFF7E0FBBDF8060003B05DF804FB2A
S214033CF808B5DFF74FF8FEF7DEFBFEF7E3FBFEF744
S214033D08F4FBBDE80840FEF7FDBB08B5FEF7FCFB71
S214033D18FEF7FBFBFEF7FBFBBDE80840FEF7F9BB27
S214033D28DFF718BD08B501F01DF8E8F7BDFC02F08B
S214033D3815F802F05AFE002008BDECF787BB08B555
S214033D4804212120E2F756FE04212220E2F752FE40
S214033D5804212320E2F74EFE04212620E2F74AFE3A
S214033D6804212520E2F746FE04212020E2F742FE3E
S214033D7804212420E2F73EFE6FF001000521E2F756
S214033D8839FEBDE808406FF00100E2F725BE37B5F7
S214033D98054601A80C46E0F759FF9DF805302B7039
S214033DA89DF80430237003B030BD30B5002485B0C9
S214033DB8054601A8CDE901440394DFF795FC2046A0
S214033DC8029B2B6005B030BD10B5044608B1E4F776
S214033DD825FD2046BDE81040FFF767BE00F4E04027
S214033DE8B0F5805F04D0A0F5005358425841704799
S214033DF801207047F0B59E4600F0FE43B3F1106FFE
S214033E0806460F46944691B003D06FF0850011B06E
S214033E18F0BD20F01F6121F470210029F5D13D463D
S214033E2807ACCDE90E110FCD0FC495E8070084E85B
S214033E380700D7E909230899090AE6D118993046ED
S214033E4804911799CDF800C003911699CDE901E1BD
S214033E5807A9FFF71FFBDAE73AB1002918BF0023C3
S214033E682121D21A184408F0CABE704738B5037918
S214033E7804460D463BB9A368022120462B6000F092
S214033E88D0FD38B938BDD0E9091200F060FE002825
S214033E98F1D0F7E700232B60F4E72DE9F04F9946B6
S214033EA8002393B08DF81F301F9B9046DDE91CA6B0
S214033EB8002B0D460B460CBF4FF400624FF480628E
S214033EC808A91E9FE4F7D2FD044668BBDDF820B0B8
S214033ED809ACDC46CDE91000BCE80F000FC49CE82B
S214033EE8070084E807002846BDF824100DF11F02D2
S214033EF8E4F72CFE0446B8B99DF81F30B34223D81E
S214033F08DBE909120A98000A21D1CDE90337CDE97E
S214033F18019A2B46CDF8008009A8FFF7F0F910F1AF
S214033F28860F044600D000B13E603246214650460E
S214033F383B68FFF791FF089800F0B0FD002C18BF08
S214033F48204613B0BDE8F08F6FF08904ECE76FF0F6
S214033F588604E9E700232DE9F341D0E9016804461E
S214033F680F4630461146136000F0C2FD054688B971
S214033F78304600F0BFFD054660B9F6B276B9B8F12B
S214033F88000F05D1E36823F47F4323F0030363B1EB
S214033F986FF08605284602B0BDE8F0810146A068A2
S214033FA800F02EFD0028EDD1F2E74FF6F87362888D
S214033FB89A421ED8238B012BEAD8394601A8E4F780
S214033FC87BFF05460028E5D10FCC3F683E460FC663
S214033FD894E807003B7986E807000BB9019BBB60AA
S214033FE83B8B012123F0010338463B8300F019FD80
S214033FF8D0E76FF08505CDE741F2052398421AD836
S214034008B0F5905F09D241F2010398420CD0B0F59F
S214034018885F09D06FF0850070472923A0F5905074
S21403402880B2C340DB07F5D511F0070F0CBF00209D
S2140340386FF086007047B0F5105FEBD121F04003B0
S214034048802B06D0B1F5807F0CBF00206FF086006A
S21403405870470020704770B5446A05460E463CB95B
S2140340680120FFF740FD686228B12046AE6270BDA6
S2140340786FF08A00FBE76FF08C00F8E7F8B50F4699
S214034088114606461546FFF7E6FF044620B92A46B4
S2140340983946706A08F0E3FD2046F8BD2DE9F0417D
S2140340A8089D88461F46048802B32046FFF796FEF7
S2140340B8E0B12B680BB9D3002B6020462968FFF7BD
S2140340C89BFF044678B9CE1DB2EBD60F11D1069BDB
S2140340D89A4211D84146384608F0C1FD2B68079A1C
S2140340E80733DB0813602046BDE8F0816FF08504CC
S2140340F8F9E76FF08604F6E76FF08904F3E72DE92E
S214034108F04F476885B03F0A0446DDE90E9A0D4628
S21403411816469846DDF840B015D1CDE901ABCDF883
S2140341280090E2F715F910F1860F0ED14346324692
S21403413829462046CDE90FABCDF8389005B0BDE843
S214034148F04FFFF7ABBF6FF0860005B0BDE8F08F02
S21403415810B50446406A10B1A16AFFF735FE002081
S214034168C4E9090010BD38B50546FFF7F1FF95F811
S21403417820300446043B012B0CD8EB69002B0CBFFC
S21403418804466FF096042C220021284608F037FDD3
S214034198204638BD6FF09604F5E710B5044638B1E7
S2140341A8042100F03EFC2046BDE81040FFF7DBBFC5
S2140341B810BD38B590F820300546052B16D104797E
S2140341C8FF2C07D1FFF7CFFF041E08BF6FF0840448
S2140341D8204638BD1CB1806800F09EFC044628467D
S2140341E8FFF7C1FF002818BF0446F1E76FF08804FD
S2140341F8EEE707B558B1012201A9E4F799FE30B9ED
S214034208019800F046FC28B10198FFF7D2FF03B0E7
S2140342185DF804FB6FF09900F9E7F7B5044608461E
S2140342280E4600F043FB002320461A4601A9E4F78E
S2140342381DFC78B9019F34463D460FCD0FC495E85B
S214034248070084E80700338B384603F001033383FB
S21403425800F024FC03B0F0BD70B5144602881D4672
S2140342681046049EFFF7BAFD68B944F2010322F428
S2140342784050984207D002F44F42B2F5824F02D01C
S214034288B2F5844F0ED1B4420FD82246284608F01A
S214034298E6FC0021321B281908F0B1FC0020059B18
S2140342A81C6070BD6FF08500FBE76FF08900F8E7C8
S2140342B82DE9F0438946984617468DB07AB300230E
S2140342C80122C8F8003002A9E4F7D0FB0446A0B9D7
S2140342D8029E03AC3546CDE90A000FCD0FC495E818
S2140342E80700049B84E80700D6E909121B0A08D0CE
S2140342F8304600F0D3FB6FF0860420460DB0BDE8C9
S214034308F0834B46CDE9007803A8FFF7A5FF0446DC
S214034318304600F0C3FB002C08BF0446EDE76FF0F9
S2140343288904EAE770B514460288049D02F4E0405F
S214034338B0F5804F1CD144F2010022F44056864261
S21403434807D002F44F42B2F5824F02D0B2F5844F3B
S2140343580ED1AC420FD81846224608F080FC00213E
S2140343682A1B204408F04BFC0020059B1C6070BDEC
S2140343786FF08500FBE76FF08900F8E72DE9F04357
S2140343888946984617468DB07AB3002302A91A467B
S214034398C8F80030E4F76AFB044640B9029E33883F
S2140343A85B0408D4304600F079FB6FF08604204699
S2140343B80DB0BDE8F083354603ACCDE90A000FCD52
S2140343C80FC495E8070084E80700CDE900784B4654
S2140343D8D6E9091203A800F0F1FA0446029800F099
S2140343E85DFB002C08BF0446E1E76FF08904DEE7AF
S2140343F82DE9F0411F46002388B005468846164631
S214034408CDE905333B60002A54D0B2F1005F54D29D
S21403441806AA05A9FFF79EFD0446A0B90598436AB0
S214034428ABB1059B41465A882846079207AA0292CB
S21403443803F1280201929A6A00925B6A3246FFF7F2
S2140344485EFE044680B10598FFF7A7FE28E06B6872
S2140344581B0A02D06FF08604F5E73146FFF7FBFD2B
S21403446804460028DDD0EEE70598079B4288DAB9AC
S21403447843804FF6F872934219D82B8813B10288F3
S2140344889A42E7D12B6A002BE4D16B8813B1428892
S2140344989A42DFD13946FFF7E9FC04460028D2D111
S2140344A8204608B0BDE8F0819A42D3D1E1E76FF021
S2140344B88504C8E76FF08604F2E76FF08504EFE734
S2140344C810B50446006868B104280CD104F1080046
S2140344D8FEF7D5FF00232360A38823F4FF7323F096
S2140344E80103A38010BD6FF08600F3E72DE9F043C0
S2140344F80546984600238DB002932B680846174650
S214034508002B47D1B8F1000F134602A914BF4FF486
S21403451880624FF40062E4F7A9FA044600283BD108
S214034528DDF8089003AC4E46CDE90A000FCE0FC45B
S21403453896E8070084E807003846BDF80C102A1DDD
S214034548E4F704FB044638BB6B79049968F3000365
S2140345586B71090AD9E90923B8F1000F12D011BB08
S214034568009703A905F10800FEF702FF044698B969
S214034578042302982B6000F091FA044620460DB0F7
S214034588BDE8F08379B9009703A905F10800FEF79B
S21403459837FFEBE76FF088042846FFF791FF02988A
S2140345A800F07CFAEAE76FF08604F5E70123FFF7E5
S2140345B89DBF38B50546006898B112B90024204651
S2140345C838BD04280AD105F10800FEF71BFF044688
S2140345D80028F3D02846FFF773FFF0E76FF086044A
S2140345E8F8E76FF08804EAE72DE9F0410546006826
S2140345F8884616461F46F8B16A79D2071CD52A7923
S214034608D2B1B2421BD804281CD105F10800FEF724
S21403461816FF044610B100233E602B71324621462E
S21403462840463B68FFF718FC2846FFF749FF002C6F
S21403463818BF2046BDE8F0816FF08804EBE76FF0FB
S2140346488904E8E76FF08604E5E71FB501240394B9
S214034658089C0294079C0194069C0094FFF71DFC93
S21403466804B010BD2DE9F04705469A46002386B0E8
S214034678059305F0FE43B3F1106F0846DDE90E9681
S2140346881746DDF8408029D12B464FF4804205A90A
S214034698E4F7ECF9044618BB05990B8823F0FF03E7
S2140346A8B3F5E24F02D0B3F5E44F04D14B88073392
S2140346B8B6EBD30F1ED353463A462846CDE90168D0
S2140346C8CDF80090FFF796FB044648B9059800F026
S2140346D8E5F90446204606B0BDE8F0876FF0860481
S2140346E831464846E4F7A2FA0598C8F8006000F091
S2140346F8D5F9EFE76FF08904F2E7034610B50C46E1
S2140347081146DA6900880AB91B6A3BB9FFF766FBE4
S21403471838B12046BDE81040E4F788BA6FF0860043
S21403472810BD6FF08500FBE700232DE9F04385B045
S214034738CDE901330B60438806460D46002B00F08F
S214034748B280038803F4E043B3F5804F00F0AB80F0
S21403475802AA01A9FFF7FEFB044600287CD1019AAA
S2140347687768526A6AB17368019F1B0AD7F8248070
S21403477857F8289F74D06FF086040198FFF7E8FC73
S2140347886AE03F0A61D1B6F8008071884046FFF7B1
S21403479825FB80B14046FFF72FFC044600285BD173
S2140347A808F4E043B3F5805F02D0B3F5005F0AD19F
S2140347B80731CF0817E028F0FF03B3F5E24F37D0E9
S2140347C86FF0850448E008F44F43B3F5844FEFD001
S2140347D847F2010398450FD149080131C90801EB8F
S2140347E8C10101F13B07039703990198FFF733FCCF
S2140347F804460028B7D02FE044F20103984503D1B6
S214034808C90801F11007EEE747F20202904505D101
S214034818C90801EB410101F15A07E4E744F2020231
S214034828904505D1C90801EB410101F14A07DAE7CA
S21403483828F0FF00B0F5E24FBAD0B0F5824F01BFBB
S2140348480731C90849004F1CCDE7304603A900F0D5
S21403485859F804460028C7D00198FFF79EFC13E0D2
S21403486833885B0414D43B464A4641463046FFF732
S21403487844FF04460198002C7FF47FAF2946FFF7D0
S214034888F5FA04460028E7D1204605B0BDE8F083CC
S2140348983B464A4641463046FEF70AFD10F1860F68
S2140348A80446E7D1DFE76FF08604EDE710B5044664
S2140348B8C069FFF7FAF82046BDE810402422002115
S2140348C808F09DB92DE9F04105460F4690461C466B
S2140348D89BB119460120FFF706F9064678B122462A
S2140348E8414608F0BCF9E86908B1FFF7DEF800208E
S2140348F8C5E907642F80BDE8F0811E46F3E76FF02D
S2140349088C00F8E7028843884068000A51D102F40D
S214034918E040B0F5805F02D0B0F5005F05D10733FD
S214034928DB0840D16FF08500704702F44F40B0F5BE
S214034938844F03D10733DB080AD1F3E747F20100B4
S214034948824208D15B080133DB0803EBC3033B331E
S21403495800200B60704744F20100824202D1DB0854
S2140349681033F5E747F20200824204D1DB0803EB73
S21403497843035A33ECE744F20200824204D1DB08CD
S21403498803EB43034A33E3E722F0FF02B2F5E24FB1
S214034998D0D0B2F5824FC5D10733DB085B000133AD
S2140349A8012BD5D1BEE722F0FF02B2F5824FCFD155
S2140349B8F6E700236FF086000B6070472DE9F34790
S2140349C847680446DDE90A9A3F0A0D46164698469E
S2140349D811D1CDE9009AFEF77EFC10F1860F0CD1B3
S2140349E84346324629462046CDE90A9A02B0BDE830
S2140349F8F047FFF797BC6FF0860002B0BDE8F08774
S214034A0803466FF040420846591E914207D338B111
S214034A1803F1404393428CBF0020012070470120D6
S214034A28704790F82030052B11D8DFE803F0030B06
S214034A3816141F214B1E012B09D9042907D06FF022
S214034A4887007047022902D00B1F012B0BD880F86A
S214034A58201000207047022902D0CB1E022BF5E750
S214034A68C369002BF3D06FF0880070470529EED092
S214034A780029ECD0F7E710B503210446FFF7D1FF6A
S214034A8830B9E3695A1C0EBF6FF096000133E36131
S214034A9810BDC069B0FA80F04009704708B9002015
S214034AA8704790F82020032A08D1C269EAB1013A70
S214034AB8C261002AF3D10221FFF7B3BF052A09D042
S214034AC8042A0FD1C26982B1013AC261002AE6D12B
S214034AD8FFF749BBC26942B1013AC261002ADED177
S214034AE8FFF767BB6FF0880070476FF09600704754
S214034AF800207047C0B2FF280CBF6FF08600002066
S214034B08704707B500216A46FEF7C1F98C3018BF0F
S214034B18012003B05DF804FB13B500216A4604467A
S214034B28FEF7B5F98C3002D1002002B010BD002183
S214034B382046E1F735FA014610B16FF09800F4E71E
S214034B486A462046FEF7A3F98C30EDD0F5E72DE943
S214034B58FF4107461446884600293FD0002A3DD021
S214034B68B2F5005F3DD202F1240631460120FEF776
S214034B78BAFF0546C0B303463A4621464046E4F71D
S214034B8851FABF6800243846FFF7BBFF01281FD039
S214034B9821462B46324638460094E1F73FF901464C
S214034BA8C8B9384602AAFEF772F9044620B9029B2A
S214034BB89E4205D06FF0980438460021E1F7F0F9D5
S214034BC831462846FFF700F9204604B0BDE8F081D1
S214034BD86FF08A04F4E76FF09804F1E76FF0860441
S214034BE8F2E76FF08D04EFE76FF08C04ECE7FFF75E
S214034BF8EBB82DE9F047D0F808A086B0814688467A
S214034C0817465046002104AAFEF741F9044610BB8E
S214034C18049E01203146FEF766FF0546002837D076
S214034C282146504604AA0394FEF731F9044670B9A0
S214034C3803AB02462146CDE9005350463346E1F717
S214034C4859F9039B04469E4209D06FF098043146EF
S214034C582846FFF7B9F8204606B0BDE8F0870028CF
S214034C68F5D13B46424631462846CDF80090E4F750
S214034C78F7F904460028EAD1D8F800302BB13B6888
S214034C88002B08BF6FF09104E1E76FF09104DEE7AD
S214034C986FF08C04DFE750E8003F0B4340E8003230
S214034CA8002AF8D17047C94350E8003F0B4040E854
S214034CB80032002AF8D17047431E032B06D8DFE8D4
S214034CC803F0020402040320704704207047704769
S214034CD8CB691847704770470020704770474FF0F6
S214034CE800007047002070477047704700207047E1
S214034CF80020704700207047002070470020704748
S214034D0800207047704700207047002070477047A0
S214034D18704700207047704770471120704700207F
S214034D2870474FF0FF307047002070477047704752
S214034D380020704700207047002070474FF0FF3070
S214034D4870471120704700207047012070470020E5
S214034D587047002070470020704700207047704750
S214034D687047704701F01BBA38B50446FDF79AFC3E
S214034D78D4E90C1205462046E4F7B6F9A18CE28C72
S214034D88E060521A40F2712101FB020303F59C53BB
S214034D98083328462361BDE83840FDF789BC08B5C3
S214034DA82030FFF778FFBDE808404FF08050EBF758
S214034DB859BB38B50D4604460830E6F76BF829465E
S214034DC800252046E8F75EF9606CE56110B1E5F763
S214034DD881F9656404F15400BDE8384008F010BB57
S214034DE838B5044619B390F828208AB190F82930C4
S214034DF80133DBB29A4280F8293009D10121FFF743
S214034E08D8FF4FF080712046BDE83840FFF7C7BF8C
S214034E18236ADA030BD5E36A62689B1A002B06DA61
S214034E2801212046FFF7C5FF4FF08061EBE7236AB1
S214034E381B0426D402F03DFD1123B0FBF3F303EB6A
S214034E480313C01A94F9613085B213FA80F0102858
S214034E5888BFC5F110056DB2083B2B4484F8613052
S214034E6820460121E8F70EF940F27121A28C636807
S214034E782A4401FB023320466360BDE83840E8F75E
S214034E88B3B80025ECE72DE9F84F1D46C3698846F5
S214034E98044616460C9F9DF838909DF840B09DF83A
S214034EA848109DF850A0002B40F0C880EB0600F190
S214034EB8B68005F00303032B08BF05F0FD0505F0D0
S214034EC8F705BDF83C30A806A4F862309DF85400F0
S214034ED848BF05F0FC05FFF7EFFE47F6FF731BF028
S214034EE8020F84F86600A4F87C3040F09B801BF021
S214034EF8040F00F0998000F0FD00012814BF032377
S214034F08042394F883209DF8580063F3030284F877
S214034F188320FFF7D1FE47F6FF738A0784F86700F6
S214034F28A4F88C3000F182804B0740F1818000F0B2
S214034F38FD00012814BF0321042194F89330A06EC2
S214034F4861F3030384F89330FFF7E6FE0022204656
S214034F58216BE4F7C9F840F27123734398426FD87C
S214034F6849F6FF7104F12000FFF79DFEFF2384F83E
S214034F784B30BAF1000F03D0236A43F480532362FD
S214034F88290705D50626B046236A43F48413236205
S214034F98236A6A0723F4C04323620CD419F0010F6B
S214034FA81CBF43F400532362236A19F0020F1CBF85
S214034FB843F480432362236AA4F848502B432362AE
S214034FC804F15B03B7B33A68C4F85B20BA889A80DF
S214034FD89DF82C30012B03D14FF48061FFF75BFE5D
S214034FE8236A9DF8282023F4407343EA02232362A6
S214034FF802F05FFC9DF84C30C0F30B0040EA033028
S2140350089DF83430A4F87000A4F824802046E6847B
S21403501884F82A30FFF7A8FE0020BDE8F88F0121A0
S2140350288B464EE702236CE701236AE7022184E7EF
S214035038012182E7C4F85B709F80D1E70C20ECE778
S2140350484520EAE72DE9F7438946174604460193C0
S21403505830B901A808F0D4F9422003B0BDE8F083BC
S214035068012920D0022910D089B9C369C3B900F130
S21403507830054FF40036236AD9061ED55A0726D5B7
S21403508801A808F0BDF90020E7E7806E20B901A85B
S21403509808F0B6F90C20E0E71946FFF73EFEDCE712
S2140350A800F13805E5E7C36923B900F134054FF481
S2140350B88026E0E700F13C05F9E79B0707D5B9F139
S2140350C8000F04D101A808F09BF91220C5E704F1E4
S2140350D8200840463146FFF7E6FDF80702D528467E
S2140350E808F08EF9019921B1284608F070FA0023D2
S2140350F80193286808F009FA236AD90605D51F28F4
S21403510801DC032F16D02846DDE740F27262904290
S21403511804DD284608F074F907209EE7B9F1000F66
S21403512808D1BF2806DD9A0704D0284608F068F990
S214035138452092E72046D4E90E12E3F7D5FFE36944
S2140351486BB140F27122A38C5343984207D9E38C80
S2140351588342EAD300F51C70B0FBF2F0A084FDF797
S214035168A1FAE36905467BB1BB070DD53146404630
S214035178FFF791FD6368C3F57A7602F0D6FBF04233
S21403518802D52046E8F79AF82846FDF791FA7AE713
S21403519808B548B1CB0701D4002008BD4FF4001169
S2140351A82030FFF778FDF7E74220F6E708B548B161
S2140351B8CB0701D4002008BD4FF400112030FFF7B9
S2140351C872FDF7E74220F6E7E4F77ABA38B5C3691B
S2140351D804460D463BB1036A13F0010010D194F858
S2140351E84A30FE2B0BD004F120004FF48001FFF762
S2140351F852FD01202B68E364AB88A4F8503038BD11
S2140352080020FCE7036A10B5044613F4602025D093
S2140352189A0307D504F1300008F0F2F8A36B23636A
S2140352280023A363236A5B0307D504F1340008F05D
S214035238E7F8E36B63630023E3634FF4602104F149
S2140352482000FFF730FD2046FFF78EFD0120B4F857
S21403525870305A1C62F30B03A4F8703010BD10B5F7
S2140352680446543008F0B3F92046BDE810404FF022
S2140352780071FFF794BD10B5418904468389C28936
S214035288084601F0F1FBE0B1E279531E072B19D863
S2140352986389934216D922899A4213D8237C43B941
S2140352A8637C33B9A37C23B9E07C10B9237D0F2B29
S2140352B807D9607D1B3000F01F000B288CBF002029
S2140352C8012010BD0020FCE7F8B58D790C460C3597
S2140352D84B5D4F1903F0400343F004034B55062375
S2140352E8B91C7B70164600F043F8635D002E60F326
S2140352F886136355A3797A7803F102031344E3719B
S214035308A4BF06367E70F8BD70B505460020049C1B
S214035318E07112F0100001D1A07170BD0122A271D4
S21403532888784609F540EA0720D54A7800F01F0032
S21403533842EA002291F900000028ACBF1E204FF471
S214035348967050430A78252102F03F02B2FBF1F526
S21403535801FB1522B0F5FA7F227106F1010262718C
S2140353682CBF012202220344E27123600320D4E700
S21403537837B50246136A084603F4007403F40015A7
S214035388DB0505D474B9E6F769F8204603B030BDE3
S21403539844B9B5FA85F4D16C64090160B2F85020B3
S2140353A88280F2E7019092F94B30B5FA85F40093C0
S2140353B800231A4619461846FFF7C3FC6409E4E7B0
S2140353C850E8003F0B4340E80032002AF8D1704704
S2140353D8C94350E8003F0B4040E80032002AF8D1A2
S2140353E8704738B50446D0F8A00010B9D4F8A4001E
S2140353F858B194F8375108F034F805F00F0581B220
S21403540806312846E7F77EFF80B240F27122B4F8E9
S214035418783000F5487053439842B8BF184638BDED
S21403542838B505460C4602F0F6FA20B149F640436D
S2140354389C4228BF1C46EA68A2420BD240F271215E
S214035448B5F87A304B43934238BF1346A34228BF76
S21403545823461A462A6138BD03469A6A443092049C
S21403546804D5D3F82821998FE9F71ABF93F86F1054
S214035478E9F70CBF002070470120704700207047EB
S2140354887047002070470020704701207047C820E7
S21403549870470020704700207047704770471120F8
S2140354A87047704770470020704770470020704762
S2140354B87047012070477047704790F8852010B5ED
S2140354C8531C03F00F03072B28BF0023044663F37C
S2140354D80302034480F8852083F87E1090F885300D
S2140354E86F2B4FEA13129EBF013262F3071380F83D
S2140354F88530FFF7E1FF94F83711204601F00F01D6
S214035508FFF7CCFF10BD7047704770470020704701
S214035518002070470020704710B101F1B0007047B3
S21403552801F1D4007047F8307047806A7047283016
S214035538FFF746BF2830FFF74BBFC06A70472C30CB
S214035548FFF73EBF2C30FFF743BF00F59C7070474C
S21403555808B50B79DB0702D4FFF7D5FF08BD91F929
S2140355680510BDE80840FFF7A8BF02290346808F49
S21403557811D0032909D0012906D11A8F5B6B1201B2
S214035588B2FBF3F3184480B270475A6B4FF47A436E
S214035598B3FBF2F3F6E75B8F073000EB4300F2E763
S2140355A870B540F2712606FB01F345685643826AD6
S2140355B81D441207044645600ED500F140052946EA
S2140355C800F13402E6F792F8334629462046BDE84A
S2140355D87040012201F03EBA05EB5605456070BDE2
S2140355E8836A590505D4D0F8A03013B15B799A07B6
S2140355F808D4D0F8A40000B9704743799B0701D4B0
S2140356080068F8E70120704780F87710704738B5C8
S214035618836A04461B0713D50246B0F87C3052F853
S214035628341F4B4340F271214B4300F14001E6F728
S2140356385DF8236C20469D08FFF7D3FE2844E060F8
S21403564840F27125616B204601396943FFF7E8FE8E
S21403565820460121E7F716FD636BB4F87C20204645
S2140356685A43636805FB02336360BDE83840E7F7CF
S214035678BBBCB0F8303110B5A0F834310446E4F7B3
S21403568881FAC0B2FFF703FF94F8373194F836214E
S21403569803F00F0304F1440102F0B6F9014604F5DA
S2140356A8947002F052F9B4F93421B4F930319A42BD
S2140356B809D0A36A9B0306D52046BDE810404FF4DD
S2140356C80041E4F775BA10BDFFF7D3BF836A0A46ED
S2140356D800F14401C3F34030E9F78EBD10B5A0F8D6
S2140356E87810A0F87A200446FFF77BFE2169E0606D
S2140356F82046BDE81040FFF793BE38B504460D466E
S2140357083AB94FF4C0212830FFF762FE9DB900204E
S21403571838BDFFF7C8FE98B128344FF4C021204699
S214035728FFF756FE1DB14FF40031FFF749FE4FF45D
S2140357388021204601E04FF40031FFF741FEE6E7FB
S2140357481120E5E72DE9FF41836A04469B032CD520
S214035758B0F93081B0F934710020E9F79FFB804532
S214035768CCBF0025012502F054F994F83711C82256
S21403577801F00F01E9F79CFB06462046E4F702FA18
S214035788B045B4BF00260126002394F83711A8EBCA
S21403579807073FB245EA46051A46CDE9008502974C
S2140357A801F00F0180B200F0ACFC04B0BDE8F08154
S2140357B8FFF7C8BF86307047F8B504460E4600297B
S2140357C85AD040F27123476B30465F43A7F28A27C5
S2140357D87F083946E7F7A6FD94F88E30851FADB2E5
S2140357E89D4239463046A8BF1D46E7F79BFD94F809
S2140357F88F20831F9BB29342A8BF1346F21E012A2B
S214035808B4F88610B4F888202BD8B1F5296F44F27B
S2140358189020B8BF4FF429618142A8BF0146B2F56C
S214035828296FB8BF4FF429628242A8BF02461B2DD0
S214035838B8BF1B251B2BB8BF1B23304684F89130F3
S21403584884F89050A4F88A10A4F88C20E7F76AFD29
S214035858831F9BB2AB42A8BF2B46DBB284F89230B9
S214035868F8BDB1F5A47FB8BF4FF4A471B2F5A47F11
S214035878B8BF4FF4A472DAE71B23EFE770B5490005
S214035888466B89B28E4218BF40F27125044617BF8D
S2140358984068002105FB060005FB1100658F1EBF47
S2140358A86060616301219542208F17D08342628727
S2140358B800D02387238F626B1B01B3FBF2F394F8A4
S2140358C837112046A4F89C3001F00F01FFF774FF48
S2140358D82046BDE870400421E4F76AB98342E8D15C
S2140358E8A36A1B07E6D50029E4D170BDF0B585B0D9
S2140358F804460E466A4600F1860300F18E071546EF
S21403590818685968083303C5BB422A46F7D118688E
S214035918314628609B882046AB80FFF74DFF9DF8ED
S2140359280B2094F891309A4211D1BDF80620B4F8AA
S2140359388C309A420BD19DF80A2094F890309A42FC
S21403594805D1BDF80420B4F88A309A4207D04FF43C
S2140359588141204605B0BDE8F040E4F729B905B013
S214035968F0BD37B5044694F88E50BDF818008D423E
S2140359780BD1B4F88650954207D194F88F509D42C0
S21403598803D1B4F8885085421DD08DF80610ADF8BB
S2140359980420019D84F88E1094F8371184F88F300C
S2140359A8A4F88800C4F840512046A4F8862001F0DD
S2140359B80F01FFF79BFFB4F88A30A4F88630B4F8D3
S2140359C88C30A4F8883003B030BD90F8373170B502
S2140359D803F00F03044616460D46D9B18B4219D079
S2140359E80122FFF75EFD294600222046FFF757FDF2
S2140359F894F83731204665F3030384F8373105F006
S214035A080F01FFF773FF2046BDE870404FF484414B
S214035A18E4F7CEB819462046FFF768FF002EF2D102
S214035A2870BDF8B51D46C36A04465B070F4616469F
S214035A3810D404212C30FFF7C3FC84F89A70204650
S214035A48A4F89660A4F898504FF40061BDE8F840AF
S214035A58E4F7AEB8F8BD10B511B190F89A400C70DB
S214035A6812B1B0F89610118013B1B0F898201A80C6
S214035A78C06AC0F3800010BD4FF400412830FFF71A
S214035A889FBC00F5A270704790F8370100F00F002E
S214035A98704770B50446FCF705FE6568064601F0D0
S214035AA844FF2D1AB5F5FA7504D53046BDE870409F
S214035AB8FCF7FEBD40F27122636B94F870105343F3
S214035AC8B5FBF3F5A38FAAB29B1AA38794F86F3096
S214035AD8154602FB1133252193FBF1F001FB103326
S214035AE8002BB8BF5B1884F86F30B4F89C30204698
S214035AF89B1AA4F89C300021E7F7C4FA40F27122F7
S214035B08636B20465D43636802FB15336360E7F700
S214035B186BFACAE700232DE9F3474E790446B00724
S214035B2858BF06F0010608460D4648BF0326ADF8DB
S214035B38043058BF0136FFF7D2F8074607F01F03AD
S214035B48002BE36A15BF4FF001084FF000084FF02B
S214035B5803094FF0020999050CD59DF80430294628
S214035B6866F3010368F345138DF804302046019A5B
S214035B7800F08EF9284607F0C8FC824649462846B0
S214035B8807F07EFC9DF80430AA7966F3010368F3F0
S214035B9845138DF804308DF805A0BDF804300C3293
S214035BA8AB529DF80430A9189A066B7948BF8F70D4
S214035BB843F001036B71FCF775FD0646204629463C
S214035BC850F8A48F07F003FD94F84631013384F8A0
S214035BD84631A36A1B070CD5B4F87C30012B02D9CF
S214035BE82046FFF756FF304602B0BDE8F047FCF7FD
S214035BF85FBD656801F099FE0746E7F759FB8442DF
S214035C08F1D1ED1BB5F57A7FEDDDB8F1000F03D0C2
S214035C18D4F8A030002BE6D1E7F720FEE3E708B573
S214035C28022007F0B1FD10B100F05BFE012008BDAD
S214035C3810B504464FF440712830FFF7C9FB2046D9
S214035C48BDE810400021E4F765BC012310B5A1F1B7
S214035C582002C1F1200423FA04F403FA02F22243D1
S214035C688B40D0E9084123400A40134314BF012060
S214035C78002010BDC36A10B5044613F0080012D0FE
S214035C880123A1F12002C1F1200023FA00F003FA50
S214035C9802F202438B40D4E9080103400A40134347
S214035CA814BF0120002010BD10B50C46C9B2FFF77B
S214035CB8E1FF70B1E5F706FDC4F12002A4F1200365
S214035CC8E04001FA02F2104321FA03F3184300F006
S214035CD8010010BD70B504460E46E5F725FEFCF731
S214035CE8E1FC05460221204684F87760E3F760FF67
S214035CF820460021E7F7C6F92846BDE87040FCF7BA
S214035D08D7BC70B504460D46FCF7CCFC0646E7F749
S214035D18CFFA844201D1E7F781FD3046FCF7C8FC89
S214035D2829462046BDE87040FFF7D4BF0B68C0F885
S214035D384031704738B540F64805D0F840310C4630
S214035D480B609BB2AB4204D90B21FFF7ADFF08B932
S214035D58258038BD44F290232380FAE708B500F07F
S214035D68FBF8E4F78DF800F05CFB00F008F8E5F7BD
S214035D7813FDE6F7D9FABDE80840E6F755BB7047C2
S214035D8870B515460E461C46FFF7CDFB2B684EB17D
S214035D9803606B6843602368C0F825302368C0F83F
S214035DA8153070BD83606B68C3602368C0F82930FC
S214035DB82368C0F81930F4E770B50546FFF7B3FB58
S214035DC80446FCF76FFC06464FF480712846FFF737
S214035DD8AEFB4FF400612846FFF7B1FB3046FCF7ED
S214035DE867FC0023284623612375236284F824303E
S214035DF8FFF79BFB802310F0080F14BF237584F866
S214035E08243070BD10B50446FFF712FF2046BDE8E0
S214035E1810401021E3F7CCBE10B504464FF460617A
S214035E28FFF790FB2046BDE81040FFF701BF7FB59C
S214035E3806460C46FFF777FB4FF4C0610546304627
S214035E48FFF77DFB4FF400613046FFF77BFB4FF40B
S214035E588060E5F7DDFB224670B969462846E4F715
S214035E6839FF6B4605F1100213F8011B02F8011DF2
S214035E78AA42F9D104B070BD6C4602F11006234657
S214035E8810685168083203C3B2421C46F7D1E8E7E4
S214035E98F0B587B00D46ADF80C20FFF744FB044673
S214035EA8284607F032FB064600B32846E4F750FFB9
S214035EB89DF80C3005AF03F02303224631460093C2
S214035EC8019704F12003FCF7B0FF2846E4F756FFD2
S214035ED804223946284607F055FD236A0133236210
S214035EE823B994F82430013384F8243007B0F0BD7E
S214035EF830B585B00391ADF80820FFF714FB0446C8
S214035F08039807F002FB051F002D02DC002005B0EE
S214035F1830BD0398E4F71CFF431901939DF8083036
S214035F28224603F023030093294604F11003FCF7E3
S214035F386DFF0028EAD10398E4F720FF042103A89D
S214035F4807F085FB2369013323610BB10120DEE7E4
S214035F58237D01332375F9E708B54FF40060E5F7A9
S214035F6857FB40B94FF48050E5F752FB40B9BDE8FC
S214035F780840E9F7DFB9FFF7C9FA0028F2D008BDE9
S214035F88FFF7C8FA0028F2D0F9E741F0004141F4D8
S214035F98E02101607047002070477047704710B5CE
S214035FA8DC1D043383734379C47123F0030343F07E
S214035FB803030E244371012344738371C37301825D
S214035FC8827410BDD31CC3713E2343734379827313
S214035FD823F0030343F0030343710123C17383715F
S214035FE870470F234373042383734379A0F8111070
S214035FF823F0030343F00303437140F20173C380A2
S2140360080123C27303747047D31CC3714379417366
S21403601823F0030343F0030343710123827383715D
S214036028704708B50023FFF7BAFFBDE80840E4F752
S21403603893BF2DE9F84380460220894617461E4635
S21403604807F0A2FBD0B10C2343730823837340F6EF
S21403605801334579C38025F003059DF8203045F0C4
S21403606803054571A0F8108080F81290A0F8137005
S214036078A0F81560C373E4F76FFF0120BDE8F88343
S21403608808B5022007F080FB30B101221121FFF783
S21403609899FFE4F761FF012008BDF8B504460F46EB
S2140360A8164613211D460922FFF78CFF83790C3306
S2140360B81C44A170E77026712B68C4F80530AB88BA
S2140360C8A4F80930BDE8F840E4F746BF70B50646BD
S2140360D802200D4607F058FB044668B11421042233
S2140360E8FFF770FF83790C331C44A170A4F8036090
S2140360F86571E4F731FF012070BD08B501F0E2FDD4
S21403610808BD2DE9F041074602200D4690461E4677
S21403611807F03AFB0446E0B109222121FFF752FFB4
S2140361280A2283790C331C44BDF9183084F803809B
S21403613893FBF2F323729DF81C30A7806372BDF9B4
S2140361482030A67193FBF2F3E571A372E4F704FF1C
S2140361580120BDE8F08137B5044607F0D6F93E229C
S214036168A379C0B20C33E518E254831E6B700D2373
S214036178AB70AB791C38012BE8768DF8073009D15C
S2140361880023E91D1A460DF10700FEF7CFFD9DF81B
S2140361980730AB712046E4F7DFFE03B030BD704727
S2140361A810B5E4F713FF837900210C33C418E0789D
S2140361B8E3F704F86168FEF7EBFF0446E4F70CFF21
S2140361C82246BDE8104000234FF61941FFF7E7BE05
S2140361D810B5E4F7FBFE837900210C33C418E07886
S2140361E8E2F7ECFF6168FEF7E1FF0446E4F7F4FE26
S2140361F82246BDE8104000234FF61A41FFF7CFBEEC
S21403620870B5E4F7E3FE002186790446FE20E2F73C
S214036218D5FF0546E6F7CEFA50B10C24E4F7DCFEC4
S2140362282246BDE87040002342F20501FFF7B7BED9
S214036238E6F706FB0028F0D10C363444237AE61C2E
S2140362489B09022BE9D0012B18D9237AA11C03F04A
S2140362583F02073443F0C00311F8010F8C4242EAA9
S214036268000203EA0003F7D1002AD6D0FF2BD4D0C6
S21403627855B93046E5F718F90024CFE73146E5F770
S214036288D9F80028E1D0C8E731462846FEF79EFF2E
S2140362980028EED1C1E72DE9F041E4F797FE8379AC
S2140362A800250C33C418E678E4F790FE0768E4F78D
S2140362B88DFEA6F1FE035942594105603046E2F7C2
S2140362C87DFF3B4629462279FEF7BCFE0446E4F7E3
S2140362D883FE2B462246BDE8F04142F23701FFF71C
S2140362E85EBE2DE9F041E4F771FE837900250C3391
S2140362F8C418E678E4F76AFE0768E4F767FEA6F1CB
S214036308FE035942594105603046E2F757FF3B46BC
S21403631822790121FEF796FE0446E4F75DFE2B4636
S2140363282246BDE8F04142F23801FFF738BE2DE9B0
S214036338F047E4F74BFE83790C33C418277994F8AF
S214036348038027B9B8F1010F27D0E3F7A1F9002690
S2140363580534BE420ADB0025E4F73EFE2A46BDE8BE
S214036368F047002342F23901FFF719BE2078B4F844
S2140363780150A0F1FE035942594194F8039004349E
S214036388E2F71CFF58B12A464B464146E3F77AF82C
S21403639805460028E0D10136DBE71225DCE742256F
S2140363A8DAE710B5E4F712FE837900210C33C41834
S2140363B8E078E2F703FF80B1211DFEF707FF002808
S2140363C80CBF0C240024E4F707FE2246BDE8104061
S2140363D8002342F23501FFF7E2BD4224F3E7FE2825
S2140363E82DE9F8430646894690461F4616D00220EE
S2140363F807F0CAF9044690B106221221FFF7E2FD18
S2140364081223A57920460C352544AB7085F80390EE
S2140364182E71A5F80580EF71E4F79EFD0120BDE80F
S214036428F883704710B5E6F7C5F90446FEF771FC1E
S2140364382043C0B210BD38B5E4F7C8FD8379C179E7
S21403644803F10C020244CB1A02200021B2F80350CF
S21403645807F0C5FA044640B9E4F7BEFD0722BDE8CF
S214036468384042F21901FFF7BCBD2846E3F776FB2E
S21403647838B12146E5F76CFF0446E4F7ADFD22463E
S214036488EDE72046FBF7E0FD0224F6E770B5E4F7F0
S2140364989DFD83791844B0F80F60B0B2E3F75EFB4E
S2140364A880B1002100F077FE0546E4F795FD044623
S2140364B802232A4642F21B01FFF771FDA3791C4407
S2140364C8668270BD0225F0E770B5E4F77FFD837931
S2140364D80C33C418B4F803502846E3F73FFBA0B1BF
S2140364E8611D00F058FE0646E4F776FD04460223CF
S2140364F8324642F21A01FFF752FDE37923449D72AE
S214036508E3792D0A1C44E57270BD0226ECE710B544
S214036518E4F75CFD83790C3318444479B0F8030038
S214036528E3F71CFB60B12146E5F7EEFC0446E4F707
S21403653853FDE2B240F20641BDE81040FFF751BDF5
S2140365480224F4E770B5E4F741FD83791844B0F8FC
S2140365580F50FCF7A7F804462846E3F7FFFA80B17E
S2140365681621FFF7CEFB00252046FCF7A1F8E4F733
S21403657833FD2A46BDE8704000234FF60441FFF773
S2140365880EBD0225F0E7F8B5E4F720FD8479054645
S2140365980C340444B4F80300E3F7E0FA064640B9BB
S2140365A8E4F71AFD0222BDE8F84042F21301FFF7AA
S2140365B818BDAB79E97903F10C020220CB1A2A44F9
S2140365C8002107F00CFA014618B9E4F705FD07227F
S2140365D8E9E78379033383713046B4F80D50B4F88A
S2140365E80F70E5F73FFC04463A4629463046FFF760
S2140365F875F8E4F7F1FC2246D5E738B5FCF752F808
S2140366080446FFF70FFF00280CBF0C250025E4F708
S214036618E3FC2A4642F20E01FFF703FDE6F7B0F95C
S2140366282046BDE83840FCF743B810B5E4F7CEFC7F
S21403663883791844B0F80F00C0B2E3F7FDFDE4F71A
S214036648CBFCBDE81040002342F224011A46FFF7AC
S214036658A6BC2DE9F84381460220884617461E46FF
S21403666807F092F8044690B10A220321FFF7AAFC22
S2140366780023A57920460C352544EB70A5F804902D
S214036688A5F806802F816E81E4F766FC0120BDE835
S214036698F8832DE9F043814685B002200E461F464F
S2140366A89DF844808DF80F2007F06EF805460028FD
S2140366B844D022222921FFF785FC0022AC793046F4
S2140366C80C342C4404F10E0304F11401C4F80E2010
S2140366D89A806261228300913A460DF10F01FEF714
S2140366E826FB9DF84030A4F80490E37006F00103F7
S2140366F8A3719DF80F3016F0FD0FE3713B68A36096
S214036708BB88A3814FF6FF7304D0032E08BF434606
S2140367184FF0FF08BDF8302028466283BDF83420C2
S21403672884F82180A283BDF838206384E2839DF829
S2140367383C2084F82020E4F70FFC012005B0BDE8D0
S214036748F083F8B50746022016461D4607F01CF8E0
S214036758044690B10C220421FFF734FCA1799DF876
S21403676818300C31214420468F80C1F80660C1F8E2
S2140367780A50CB70E4F7F0FB0120F8BD70B5064667
S21403678802200D4607F000F8044668B103223021BC
S214036798FFF73AFCA37920460C332344A3F8036097
S2140367A89D70E4F7D9FB012070BD70B5064602203C
S2140367B80D4606F0E9FF044688B104220821FFF7D0
S2140367C823FCB5FA85F2A37952090C3323442046F1
S2140367D8A3F803605A719D70E4F7BEFB012070BDF1
S2140367E82DE9F84381460220884617461E4606F0DA
S2140367F8CBFF0446B0B10B220721FFF7E3FBA579CD
S214036808BDF820300C3525442046A5F80390A5F896
S2140368180580A5F80770A5F80960A5F80B30E4F716
S2140368289BFB0120BDE8F883F8B5074602200E4611
S214036838154606F0A9FF0446A0B10D220521FFF769
S214036848C1FBA37920460C332344A3F80370A3F8AB
S2140368580D602A68C3F805206A68C3F80920E4F7B8
S2140368687BFB0120F8BD2DE9FF4116466A468046A4
S2140368780F4615460A9C03F1100E94461868596885
S2140368880833ACE8030073456246F6D124B9022000
S21403689806F07AFF044608B31D22ED212046FFF7CB
S2140368A891FBA3790C332344A3F80380A3F80D7054
S2140368B82EB13268C3F805207268C3F809200F336F
S2140368C804AE2A4603CAB24218605960154603F155
S2140368D80803F6D12046E4F73FFB012004B0BDE8E1
S2140368E8F08113B51321827901900C3284188154F0
S2140368F84FF44072C280E4F7C5F8A07020B901A827
S21403690806F07EFD02B010BD80000130607001986D
S214036918E4F722FBF6E770B5064602200D4606F0B6
S21403692833FF044678B104220521FFF76DFB0022E6
S214036938A37920460C332344A3F803605D719A7049
S214036948E4F70AFB012070BD13B5837901900C3375
S214036958C418C05CE3F702F920B901A806F050FD95
S21403696802B010BD6378019913F0300F0CBF0122F3
S21403697800228B7904338B714B7962F300034B71D6
S214036988E3F7C8FDECE72DE9F041E4F71FFB83794D
S2140369980C33C418B4F803801FFA88F0E3F7DEF85C
S2140369A8054600B3A2796179FEF7A7FE0646E4F723
S2140369B813FB07460223324642F27A01FFF7EFFA41
S2140369C8BB7938463B44A3F81280E4F7C5FA46B9C0
S2140369D8A37933B12846FFF757F801462846FEF74A
S2140369E864FDBDE8F0810226E1E700F069BE50E8E1
S2140369F8003F0B4340E80032002AF8D1704770473F
S214036A0870B50E461546E3F767FA044648B93046A6
S214036A18E2F708FF044620B92846E8F7ABFB044626
S214036A2840B10020E3F758FA0020E2F7FBFE002007
S214036A38E8F7A0FB204670BD4FF40010E9F712BD37
S214036A48E7F758BDE4F712BD4368143B4360A02339
S214036A580B6070471AB94268A2EB530242600A6891
S214036A6802EB83020A607047884210B518D80528D7
S214036A7816D9B1F5486F13D8B3F5FA7F10D240F696
S214036A887644A2F10A0080B2A04209D801339BB229
S214036A984B435B00B3EBC20F94BF0120002010BD2D
S214036AA80020FCE7C94350E8003F0B4040E80032AB
S214036AB8002AF8D17047002070472DE9F0410446B4
S214036AC80F4600264FF00108214686F00100FEF720
S214036AD823FD4FF48051FFF7E5FF836833B940463B
S214036AE80EB1BDE8F08101268046EDE7028ABA4278
S214036AF806D100220121204698470028EFD1EFE768
S214036B080268D205EBD500221146F4E708B5FEF76E
S214036B181CFD00230380436008BD70B506460C467B
S214036B28FBF7C0FD05463046FEF70FFD30B1037888
S214036B381C4304704FF40070E9F794FC2846BDE83C
S214036B487040FBF7B5BDE3F7E5BC07B542798DF8AA
S214036B58071022F0030242F00302427140F20332A6
S214036B680DF10701C280012206F02DFC03B05DF883
S214036B7804FBF8B5174606460C461D46FEF7DDFC2D
S214036B88020713D502213046FFF75FF870B11121CB
S214036B982046FFF7DAFF2046E4F76EFE4570877057
S214036BA821463046BDE8F840E3F7B4BC28204FF04A
S214036BB88861C5F12002A5F12003E94000FA02F234
S214036BC820FA03F311431943CB07E0D40D212046DB
S214036BD8FFF7BBFF2046E4F74FFE4770E0E770B5C4
S214036BE80C460546072120461646FFF7AEFF204605
S214036BF8E4F742FE214646702846BDE87040E3F7B0
S214036C0889BC38B50C4600210546FEF7AEFC47F6A8
S214036C18FE73241AA4B29C4205D928462821FFF7F6
S214036C2859F8002038BD0120FCE738B504460D4660
S214036C3801460020FEF770FC03689B0505D4294629
S214036C482046BDE83840FFF7DCBF002038BD2DE9F5
S214036C58F04115461F469DF81880FEF75DFC04466E
S214036C68FBF720FDB8F1010F064623D154E8003F91
S214036C7843F4807344E80032002AF7D105B354E896
S214036C88002F42F4007244E80023002BF7D1FF21BB
S214036C982046FFF707FF54E8002F48EA020244E8B5
S214036CA80023002BF7D13046A5602782BDE8F041C4
S214036CB8FBF7FEBC4FF480712046FFF7F3FEDDE7D3
S214036CC84FF400712046FFF7EDFEE0E773B506467E
S214036CD801200C46FEF720FC002305461A460093BF
S214036CE821463046FFF7B3FF6B6863B14FF48071F4
S214036CF82046E2F75DFF55E8003F43F4007345E896
S214036D080032002AF7D1FBF7CDFC05462046FEF7EE
S214036D181CFC28B103881BB14FF40070E9F7A2FBEB
S214036D28284602B0BDE87040FBF7C2BC38B5054636
S214036D380C46FEF7F1FB83684BB10221204600227E
S214036D48984721462846BDE83840FFF7BFBF38BDF9
S214036D58012938B505460C4608D0CC1E012C03D8A5
S214036D6801460120FFF7E2FF012038BD2221FEF786
S214036D784BFC20462946FFF7D9FF0020F5E708B560
S214036D88FEF7CAFB006800F0F00008BD10B5014620
S214036D9804460120FFF7F3FF20B92146BDE810405B
S214036DA8FFF7EDBF10BD70B506460C460146012039
S214036DB8FEF7B2FB314605460020FEF7ADFB2B680F
S214036DC80268014643EA0200C0051ED49B0502F486
S214036DD8007203D49AB94FF0FF3070BD2B8A1B1B81
S214036DE898B27AB1098A091B89B28842A8BF0846AD
S214036DF84FF6FF73984208BF4FF0FF30EDE74FF6A4
S214036E08FF70EFE74FF6FF71EFE70120E5E72DE99F
S214036E18F34104460191014601201546FEF77CFB23
S214036E28214606460020FEF777FB80462046FEF7F7
S214036E387CFB810606D501A806F0E2FA0C2002B010
S214036E48BDE8F081FBF72EFC336807469A0503D4A2
S214036E58D8F800309B0509D50199301D8D6006F0DA
S214036E68B6FB3846FBF724FC0020E8E7FBF720FCD4
S214036E7820460199A847E2E738B5014604460120AB
S214036E88FEF74AFB05460C3006F0BAFA281D06F04C
S214036E98B7FA21460020FEF73FFB04460C3006F0FF
S214036EA8AFFA201DBDE8384006F0AABA70B5014609
S214036EB805460120FEF730FB0646043006F01DFBA8
S214036EC8044670B14FF400713046FFF7EBFD2146D8
S214036ED82846A368984720B12046BDE87040FBF7CC
S214036EE8B3B870BD00238260C0E90031704708B5A7
S214036EF80B4601461846FEF70FFB0068C0F3402012
S214036F0808BDFFF725BFCB1E012B70B504460D46FB
S214036F18164606D81A21FEF777FB40212046E2F7E5
S214036F2847FE324629462046BDE87040FFF710BFA5
S214036F3838B504460D46FEF753FB28B1012D04D198
S214036F4822212046FEF760FB002038BDF8B50C4624
S214036F588B7907460B44D3F80D60D3F811303246C5
S214036F68E3F7BAFA09212046FFF7EFFD2046E4F7D0
S214036F7883FCA579E4F7A6FB0C3566F0FF062544E3
S214036F880640C5F80160E4F79DFB3846C5F80510CA
S214036F982146FFF7D8FD02213846FFF7BEFDF8BDA8
S214036FA870B50E46054601460020FEF7B5FA012ED3
S214036FB8044603D0022E11D0012070BDC1682846AE
S214036FC88B7919440D31FEF781FBE068FBF73CF833
S214036FD800202946E060FFF779FEEDE7C068FBF777
S214036FE833F80023E360E7E738B50D460446014661
S214036FF80120FEF791FA012D08D100F1120120466F
S214037008FEF764FB21462846FFF760FE012038BDDD
S21403701808B5FEF78AFAC0F3C00008BDF8B50C46F3
S2140370280546FFF7F5FF80F00107FFB22946384605
S214037038FEF772FA0646C068012C837903D0022C41
S21403704820D00120F8BD0C33C41823892846E288CB
S214037058A188FEF713FC6188627849005200284627
S21403706889B2FEF79DFAF068FAF7EEFF0023284682
S2140370784FF48031F360FEF75DFA29463846FFF78A
S21403708825FEDEE7FAF7E0FF00234FF480312846B3
S214037098F360FEF74FFAD4E708B5FEF74EFA00F0AA
S2140370A8010008BD38B50C4602210546FEF747FA27
S2140370B80C212046FFF749FD2046E4F7DDFB4FF099
S2140370C8FF3383700223C3700D2343706FF02F03BF
S2140370D803710523214643712846BDE83840FFF768
S2140370E832BD042910B5044601D0002010BDFFF7B1
S2140370F88FFFC0F10200E4F78BFA0028F5D106F0FB
S21403710843FB014608B90220F0E72046E4F7CEFE23
S2140371180028F8D10120E9E708B5FEF706FAC0F318
S214037128C00008BD2DE9F0410F4604469046FFF718
S214037138F3FF80F00105EDB221462846FEF7ECF989
S214037148012F064603D0032F0FD001200BE020465D
S214037158FEF762FE22212046FEF756FA2846214607
S214037168FFF7E4FD0020BDE8F081C068FAF76CFF7E
S21403717800232046F360FEF74FFE20465FFA88F1A9
S214037188FEF742FA20462021E2F712FD214628465A
S214037198FFF7CCFDD9E737B504460D46FEF7CDF91C
S2140371A803054CD5022006F0EFFA0190002848D0D4
S2140371B8204645B3FFF7B0FF50B105210198FFF706
S2140371C8C4FC0198E4F758FB20460199FFF7BBFC7B
S2140371D820462946FEF72BFE2046FFF79DFF78B983
S2140371E84FF400612046FEF7A5F906210198FFF73C
S2140371F8ACFC0198E4F740FB20460199FFF7A3FC93
S214037208002003B030BDFFF787FF68B10199032359
S21403721806222046FFF7ADFC2046FEF7FDFD214675
S2140372282846FFF783FDEBE701A806F0E9F82046B2
S2140372383D21FEF74FFD2046FEF7EEFDE0E70C2066
S214037248DFE70720DDE7F7B5014604460020FEF72B
S21403725863F9054600F112074FF48060E4F7D8F99E
S21403726850B92046E2F78EFC3A46698B80B203B0E3
S214037278BDE8F040FFF7D8BA2046E2F783FC064697
S21403728820466D8BFEF74FF90022034600922946E7
S2140372983A46B0B2FFF7E7FA03B0F0BD83781A2B85
S2140372A809D81B2383700288B2F5A47F07D24FF44C
S2140372B8A473038007E0FB2BF5D9FB23F2E744F21C
S2140372C890239A42F5D87047F0B50446CA798B7965
S2140372D887B043EA0223ADF80C308B8803A88DF8F1
S2140372E80E30CA788B7840F6480543EA0223ADF891
S2140372F810300B8805A98DF81230FFF7CFFF04A8C6
S214037308FFF7CCFF2046FEF715FD0B212046FEF7B8
S214037318CBFC44F29023002818BF1D46BDF80C701A
S2140373289DF80E30BDF81460BDF810209DF81600C1
S2140373389DF81210AF42D4BF00970095FB2BA8BF49
S214037348FB23B242A8BF32468142A8BF0146204665
S214037358FEF707FB07B0F0BD37B5144605461046DB
S214037368FFF7F3FB2046E4F787FA01A90446284605
S214037378FEF7E0FC0B212846FEF796FC6FF00403A5
S2140373886370002344F29022A37040F64803002853
S21403739818BF1346A4F803309DF80630A4F8053042
S2140373A8BDF80430A4F8073003B030BDFFF7D0BCEF
S2140373B8022973B505460C4603D00024204602B0BE
S2140373C870BD0521FEF741FC0028F6D0E2F73AFF28
S2140373D81B28F2D94FF40040E4F71AF90028ECD139
S2140373E806F0D2F906460028E8D0284601A9FEF793
S2140373F8A1FC314628469DF80630BDF80420E5F77B
S21403740829F80028D9D10124D8E730B190FAA0F09A
S2140374180123B0FA80F08340D8B2704770B50646A9
S214037428FEF78BF880F0400402060546C4F3801482
S21403743806D408213046FEF71DFC08B144F00204C2
S214037448EB0506D40B213046FEF714FC08B144F0CE
S2140374580404204670BD2DE9F843044691460F46BA
S214037468FEF76BF8C0F340152046FEF70AFB2146E5
S21403747880462846FEF750F8494606462046FEF755
S214037488C3F898F80110384601F00F0100F0F4F934
S214037498062814BF014600212A462046FEF795FA19
S2140374A821462846FFF712FC20212046FEF74AF815
S2140374B856E8003F43F4805346E80032002AF7D1E3
S2140374C8BDE8F883F8B50E4604461546FEF735F8C4
S2140374D8032EC0F340170DD0042E16D0012E12D15A
S2140374E822212046FEF790F838462146FFF71EFC71
S2140374F80020F8BDEAB200212046FFF7ACFF21467C
S2140375083846FFF713FC0120F3E70C22F3E70129BB
S21403751810B504460BD1FEF710F82146C0F3401009
S214037528FDF7FAFF0022817C2046FFF794FF01202F
S21403753810BD2DE9F7430F460546FDF7FEFF00F09D
S2140375482009C0F340182846FEF79BFABB790C338C
S2140375583B445E789B781E400378C3F3030000EA37
S21403756813103040FFF751FF044648B9B9F1000F2E
S21403757806D12846FFF752FF3040FFF746FF04467A
S2140375882846FEF781FAE5F7E1FEA04223D01CB3AE
S21403759802212846FDF7E9FF002106462846FEF79E
S2140375A80BF918213846FFF7D0FA3846E4F764F99A
S2140375B8B6B2394644708470A0F803602846FFF7CD
S2140375C8C2FA23462246294640460096E4F77CFF3D
S2140375D803B0BDE8F08300242646E2E770B5044608
S2140375E80D46FFF7D3FB28B929462046BDE8704069
S2140375F8FFF79FBF402829462046BDE870404FF056
S214037608160314BF2A222322FFF7B3BA38B5054652
S2140376180C46FDF792FF830604D42046BDE838409F
S214037628FAF712BD21462846BDE83840FFF781BF62
S21403763873B58C7906460C340C440D46FDF77DFF6E
S214037648A278C0F34010032A14D0052A28BF0022C4
S2140376586378032B10D0052B28BF0023B4F8031038
S21403766800913146E4F730FF284602B0BDE8704083
S214037678FAF7EABC0022EBE70023EFE708B58B79B5
S2140376880B441B7B162B03D0172B05D0002008BDF5
S214037698FFF7A4FF0120FAE7FFF7B8FFFAE708B5F4
S2140376A88B790B441B7B162B03D0182B05D0002095
S2140376B808BDE4F733FF0120FAE7FFF7B9FFFAE757
S2140376C870471FB54A1E042A03460C465FD801298D
S2140376D802D1008804B010BD022905D100885B8852
S2140376E8984238BF1846F5E74A00014601A805F050
S2140376F8B6FA032C07D10023ADF80A304FF6FF730A
S214037708ADF80C3001E0042CF8D0BDF80620BDF81F
S2140377180430934284BFADF80630ADF80420BDF8B4
S2140377280A30BDF80C20934288BFADF80A20BDF88E
S2140377380A2088BFADF80C30BDF80430934288BFE2
S214037748ADF80A30BDF80620BDF80C309A4288BF5B
S214037758ADF80630BDF80820BDF80630934284BF5E
S214037768ADF80830ADF80620BDF80A30BDF8082095
S2140377789A4288BFADF80830BDF80820BDF8063031
S2140377889A4238BFADF80830BDF80800A2E74FF6AE
S214037798FF709FE7830705D410F0040F14BF032078
S2140377A80120704702207047012804D0022804D01D
S2140377B830B9E6F73FBAE6F72DBA0020E5F7A6B8DC
S2140377C8704710B1012803D070470120E5F79EB82B
S2140377D80020FBE7F7B51F468B1E012B05460C4614
S2140377E8164613D8FDF79DFA0023CDE90005F01ACF
S2140377F818BF01201A463946FDF7A3FA80B1022CB2
S2140378080BD12846E3F72AFE002004E00029F8D027
S214037818012902D0FF2003B0F0BD2846E3F762FE35
S2140378280120F8E770B50D4600219DF81060044660
S214037838817106F10C014173111E18BF012103F073
S2140378480F00237B40EAC11003F04003184320735C
S2140378582B469DF8141004F10E00FFF7BBFF237B9D
S2140378680E3660F3861323732B686361AB88238312
S214037878A3793344E37170BD022808D0042803D0E3
S214037888012818BF0620704701F00101C81C70477D
S21403789808B5E6F7E5FFBDE808400020E7F708BAAD
S2140378A8C94350E8003F0B4040E80032002AF8D1AD
S2140378B87047E8F795BB0A2802D80130C0B270476C
S2140378C8242801D80230F9E7252805D0262805D02C
S2140378D8272818BFFF207047002070470C207047E2
S2140378E808B5E6F75FFDBDE808404FF00060E8F727
S2140378F8B9BD08B5E8F77AFB20B1BDE80840102003
S214037908FFF7EEBF08BD704770477047704770476C
S2140379180020704770477047704770477047104697
S2140379281946704700200021704704F0C3BCF3F7DC
S2140379381BB804F077BD08B5E6F736FF20B1BDE8F7
S21403794808400420FFF7CCBF08BD10B50446084618
S214037958E5F71EFDB4F90820824203D02081E7F735
S214037968ADF9608110BDF0B587B00D4616468DF8A3
S214037978070002B9A3B329469DF80700FDF7E7F900
S2140379880446B8B929469DF80700FDF7E6F940BB53
S21403799816B39DF80710003918BF012128460DF1C4
S2140379A80F02E7F7A7FBF8B99DF80F40013418BF95
S2140379B8012416E004AF012239460DF10700FDF74E
S2140379C8CAF904464EB19DF80730191E18BF01219F
S2140379D8002818BF3D46E1E70124FDF7A5F900B9DD
S2140379E80124204607B0F0BD4FF0FF34DEE7CB088E
S2140379F8C25C012301F007018B401A4214BF012021
S214037A080020704770477047024619460020E7F77C
S214037A184FBA002070470020704707B500214FF083
S214037A28FF336A46084600938DF80430E7F7E4FB0D
S214037A3803B05DF804FB38B50546006805F072FB2D
S214037A480446287900F01F0005F06CFB2044C0B2FA
S214037A58012894BF0020012038BD70477047914223
S214037A6870B50D4614461E4609D2FFF722FF641B5F
S214037A78013490FBF4F303FB14000544ACB23480E2
S214037A88FFF717FF33880133B0FBF3F202FB13004B
S214037A98049B188070BD70477047012810B50C46C4
S214037AA807D002280DD088B9BDE810400846E7F786
S214037AB877BCE5F7FDFB844208D1BDE81040E6F73E
S214037AC8CFBE0846BDE81040E7F752BD10BD0023F9
S214037AD837B505460C4601A841210193E6F748FD4C
S214037AE8019830B1E5F75EF9072805D001A805F037
S214037AF887FC002003B030BD2A4620460199E7F7E5
S214037B08E3FDF7E7042810B50C4608D10320FFF772
S214037B18DEFF40B92046BDE81040E7F729BDBDE8BB
S214037B281040E8F79FB910BD032838B504460D463C
S214037B380ED0042810D005384FF0010118BF0120D5
S214037B48E4F7D8FF29462046BDE83840E8F78AB95F
S214037B58BDE83840E6F7FAB8FFF7B9FF10B9284684
S214037B68E7F706FDBDE8384001210846E4F7C2BF3B
S214037B7870470120704713B50C4601A9E0F744FC8B
S214037B8810B9019BC4E9003002B010BD08B5202027
S214037B9800F0ABFE003818BF012008BD08B5FFF794
S214037BA8F5FF20B1BDE80840202000F0A6BE08BDBA
S214037BB873B506460D461446D2B100F093FEA842A6
S214037BC818D8304600F0A3FE01460190A0B1002362
S214037BD82A46204605F00AFC01A805F011FC2246B1
S214037BE8022052F8041B00F03FFE002002B070BDCE
S214037BF82220FBE72120F9E72D20F7E708B5F9F758
S214037C084FFF08B1012008BDE0F7DEFBF9F750FF88
S214037C180028F7D1EBF748F8003818BF0120F2E739
S214037C2808B5E8F779FB00280CBF0420012008BD37
S214037C380020704730B50446154687B00846FEF759
S214037C4801FF122200210DF1060004F0D8FFA368F5
S214037C58ADF804500293E3680393E38BADF8103052
S214037C68238CADF81230FFF7E3FF029B8DF8140060
S214037C7843F41053029300F0A6FD18B1029B43F099
S214037C880403029301A8E3F7D5FC10F0FF0516D109
S214037C98A38C0DF10201ADF80030E38C6846ADF80D
S214037CA8023000F01FFDE8F727FCFEF7C9FE0121A6
S214037CB804F00AFAEAF7C6F8284607B030BD40F2D9
S214037CC80C40FAE7E8F728BCC160704741EA002091
S214037CD808B540F49020FCF78CFA014640B110F141
S214037CE8880F05D0BDE8084040F20740ECF7BCBF54
S214037CF808BD0120704770B50C46064611461D465A
S214037D08E8F7D2FC58B144EA06206FEA40406FEA27
S214037D1850402A46BDE8704080B2E8F719BC40F2E6
S214037D28064070BD837901461A0703D5062200204C
S214037D38E8F74ABD9B0602D506220120F8E74FF06E
S214037D48FF3070478379532B01D1E8F76FBDFFF7F0
S214037D58E9BF70B5064614461D46E8F7A5FC10B9F4
S214037D680024204670BD41EA06206FEA40406FEAC9
S214037D7850402A46214680B2E8F708FC0028F0D08F
S214037D88EEE710B5EBF7CAFC044628B101242046F3
S214037D9810BD436ADB06F9D4EBF78EFA0028F8D150
S214037DA8F5E700207047532838B505460C4604D136
S214037DB8BDE838400846ECF7DBBF0620FAF7DAFAE0
S214037DC868B96379142D03F03F03637104D0722DE9
S214037DD808D163F03F0363710020A57138BD40F2F4
S214037DE80740FBE72120F9E70023036083808371BC
S214037DF870471FB550F80C4BADF80A3094F870402E
S214037E08069BADF806108DF8082040F2035101AA28
S214037E188DF80440039305F028FA10B906A805F070
S214037E28EFFA04B010BD2DE9F0414FF0000886B014
S214037E3804460E461546CDF80C8000F1440712B3E7
S214037E4803A805F0DDFA384605F0DAFA84F81C804C
S214037E5800233246009318212B46204600F0CDFE19
S214037E6805F58855204650F80C3B40F2055193F823
S214037E78703004AA8DF81030059505F0F6F9002041
S214037E8806B0BDE8F08143691A0710D4A8463846F9
S214037E9805F0D4FA03460390C0B903A805F0B0FA70
S214037EA8384605F0ADFA0023237755B1D0E723F01B
S214037EB80803436103A805F0A3FA384605F0A0FAB9
S214037EC82577204600F015FF0025CBE7997920464D
S214037ED801F10C021A44B2F801600531B2F8032026
S214037EE89971314601F097FDCDF80C800028CED065
S214037EF80546D2E72DE9F84F0E4691469A460546BB
S214037F089DF828B010B1037C012B60D0284601F0F9
S214037F189EFA304601F015FC002231468046284674
S214037F2801F07FFC0746304601F001FF42F60523C1
S214037F3898421CD118F0300F26D1BBF1000F33D06E
S214037F4818F0200F3FD0BA073FD5EB8B002B38D15C
S214037F5853464A463146284600F0FDFE0446E8B92D
S214037F6840F20A412846EE8301F07FFA16E02846D7
S214037F7801F022FB0028DDD0284601F032FB00285A
S214037F88D8D041F2121409E0B907D6D031462846AC
S214037F9801F0E3FC0028D0D000F58854284601F009
S214037FA85BFA2046BDE8F88F18F0100F0BD0FB07D6
S214037FB80BD553464A463146284600F0A9FE0446E2
S214037FC8ECE70524EAE72124E8E70224E6E70724A2
S214037FD8E7E72DE9F047002586B09DF8389090F836
S214037FE81CA004460F4690460F9E0577B9F1000F6E
S214037FF809D00A464B465146009600F0FEFD284631
S21403800806B0BDE8F087BAF1080FADF8169026D18A
S21403801845893246043DADB29D424FF002014FF00A
S2140380280900A8BF1D4600F079FD0222814605A96E
S2140380383046ADF8147005F0A5FC2A46414630468E
S21403804805F0A0FC0546831C3146204689F8013016
S214038058EAF7CEFFADF81650BDF81600D0E7BAF12A
S2140380680A0F0DF116020CBF0B210D21CDE9016293
S21403807800930122434600F0E4FD1A28ECD11123AD
S2140380883A4651462046CDF80090ADF8169000F0D3
S214038098B4FDE1E7F0B5002589B01746012204468A
S2140380A80E460393ADF8165001F0EAFB8DF815005B
S2140380B8002846D1304601F060FA10B1304601F088
S2140380C81CFB304601F04DFBB8B103A805F098F940
S2140380D8204650F80C2B237F92F8702040F202516A
S2140380E88DF8182006AAADF81A608DF81C30ADF87E
S2140380F81E7005F0BAF809B0F0BD0DF115030DF1C1
S21403810816023146204601F058FC9DF81530024603
S2140381185BB9BDF81630BB4235BF0723DB1B8DF8AA
S2140381281530D21928BFADF81630039B3146019394
S2140381389DF8153020460093BDF81630FFF749FF23
S214038148D9E72A46F1E770B504460D46164601F008
S21403815814FA40B933462A46214601F05CFC08B1B6
S21403816800F5885070BD41F20310FBE71FB550F8C1
S2140381780C4BADF80A3094F87040069BADF8061021
S2140381888DF8082040F2015101AA8DF804400393A4
S21403819805F06BF810B906A805F032F904B010BD5F
S2140381A81FB550F80C4BADF80A3094F87040BDF87C
S2140381B81830ADF806108DF8082040F2045101AACD
S2140381C88DF80440ADF80C3005F04FF804B010BD38
S2140381D8F0B5122785B003920777022205460E46A6
S2140381E801F04EFB044668B103A805F009F900231D
S2140381F82B7700233246009312212346284600F0A5
S214038208FCFC0FE0039A304693790333937101F02D
S214038218A8FA48B1039B3A460093314623462846B4
S214038228FFF7E7FD05B0F0BD42F6293001F0E6FC9E
S214038238B04220D1039830B903A805F0E1F800232B
S2140382480D242B77D5E705F060F980B20128F3D122
S214038258039B28469A791344197B01F0E8F90446E8
S21403826803A805F0CDF800232B77002CC1D12846A8
S21403827800F006FDD6E7224631462846039B01F062
S214038288CAFB0446EFE72DE9FF410392042204469E
S2140382980D4601F0F5FA074628B103A805F0B0F82D
S2140382A804B0BDE8F0814FF05208039A2846937944
S2140382B80333937184F81C8001F053FA064640B1E1
S2140382C8039B4246009329463B462046FFF791FD0B
S2140382D8E6E742F6293001F091FCA842039B0BD14E
S2140382E89A7920461344197B01F0A1F903A805F0EF
S2140382F887F800232377D3E732462946204601F03A
S2140383088AFBF6E72DE9FF418B7904460C330B44C9
S214038318B3F801700E463846B3F8038001F009FA3D
S214038328002858D002223946204601F0A9FA054605
S214038338E8B9384601F015FA68B116222277B379F8
S21403834839460533B371204643460096FFF751FD79
S21403835804B0BDE8F081F9F71FFE33461B68013504
S214038368EDB2002BFAD10635A8421DDC092504F127
S214038378440005F045F82B463A4616212046009653
S21403838800F03BFC092DE3D1204650F80C3B40F2A5
S214038398055193F8703002AA8DF8083041F2091394
S2140383A8039304F062FFD3E70121304605F0B5FADC
S2140383B801460028DAD004F1440005F008F9B37939
S2140383C842460533B37139463346204604B0BDE802
S2140383D8F04100F064BC0125C9E713B5044641B96A
S2140383E8443005F00DF8204602B0BDE8104000F012
S2140383F880BC18224369027713F0080306D00023CB
S21403840819460093FFF7F5FC02B010BD1A46194645
S21403841802B0BDE81040FFF706BD7FB5C58B04461E
S2140384282DB342F6052001F0E9FBA84207D1002147
S214038438204601F0DDF8636923F001036361002633
S21403844840F20A41204601F016F829460DF10E02BD
S2140384582046ADF80E6001F0E4F9BDF80E20034699
S2140384680092294602222046FFF79AFEE68304B0C6
S21403847870BDF7B504461F460E46154600F0E7FFDF
S214038488237C012B58D0237F182B2CD063691B071A
S21403849813D5217F16292DD008D8122914D00225E2
S2140384A8204600F0D9FF284603B0F0BD18291AD095
S2140384B85229F4D10023237713E0304601F051F90B
S2140384C80028E6D12125EBE70023237735B100936F
S2140384D832462B46204600F090FB02E0204600F08A
S2140384E8CFFB0025DCE72A4631462046FFF79BFCF0
S2140384F80546D5E700232377002DE8D10521172065
S214038508BDF82430089A009500F02CFB20B91123F7
S214038518324612210095DDE700F0E1FA6269034668
S21403852842F00802626182793146053282713A4620
S214038538204600F0B4FBD4E70725B1E72DE9F04160
S214038548054688B042F6052001F058FB064604A8FF
S214038558EBF7D6FC102205F121010DEB020004F01F
S21403856824FB50B10121284601F042F8284601F0C1
S214038578F7FB6B6923F001036B6142F603030220E2
S21403858803A9ADF80C30EBF703FE012407464FF0BA
S214038598000820463A464FF6FF7101F0F4FA0446FF
S2140385A810B908B0BDE8F08101F0C3F80134A4B2ED
S2140385B80028EED0A64203D131462846E8F768FDE0
S2140385C8214628460DF10E02ADF80E8001F029F972
S2140385D803460028DDD0BDF80E2021460092284623
S2140385E80122FFF7DDFDD4E708B5EBF777FC00209B
S2140385F8E9F7DCF9002008BD10B90120E9F7CABA83
S21403860870470220E9F7BCBA0020E9F7B9BA38B5CB
S2140386180C460546E2F7DAFC4379C47523F00303F0
S21403862843F0030343710923837104F10C03C371F5
S214038638A0F81550153038BD2DE9F3410D461646FA
S2140386488046E2F7C3FC05F10C03C371437904467D
S21403865823F0030343F00303437109230190837153
S214038668A0F8158000F11507304604F04EFF334690
S2140386780544E5753BB901A8314604F0A8FF38461A
S21403868802B0BDE8F0815A7922F0030242F00202F2
S2140386985A711B68EEE708B5E2F79EFC83790C333C
S2140386A8184408BD08B5E9F7C3F9ECF709F9E8F77C
S2140386B8F7FBEBF7E7FABDE80840FFF7A5BF38B5C1
S2140386C805460C46E9F760FB28B928462146BDE867
S2140386D83840F9F769BB28462146F9F765FBFFF7E3
S2140386E890FFEFE773B50E4605F0F4F9044600BBB2
S2140386F842F6072001F082FA0546D0B10A22B6F9F7
S21403870800300021002BCBBF0533053BB3FBF2F348
S21403871893FBF2F35BB28DF8073001230DF10702E2
S214038728184605F05CF9002203462946104601F070
S21403873872F9204602B070BD430803F05503C01A09
S21403874800F03303C0F3850000F03300184400EB51
S214038758101000F00F007047002110B5421D441E8C
S21403876814F8010FFFF7E8FF94420144F8D10846CE
S21403877810BD0078EAF7BCBC13B50C460DF107022A
S2140387880DF1060100F0D1FB30B19DF80600031B7E
S2140387985842584102B010BD0120FBE77047EAF77C
S2140387A8A7BF704708B5EBF741FE002008BDECF7F6
S2140387B8E9B9EAF76FB87047704770477047E7F745
S2140387C891BF7047704700207047704770477047DF
S2140387D8F8B504460F46164613680A461D0A0021CE
S2140387E8043504F00CFAEDB221222046394604F08B
S2140387F855FD2046294604F0DAFDA2793368144469
S214038808E360F8BD70477047704770477047704716
S21403881802464FF482712020FFF7CAB9014608B50D
S21403882800F03800EAF778F978B1D0E901324078F1
S214038838C1F3074110F0020F08BF1346043B53F871
S214038848040F10B102788A42F9D108BD38B5054637
S2140388580C4604B938BD013C55F824301B69002B77
S214038868F7D09847F5E770477047F8B54378054655
S214038878DB0701D4EAF78EF900266B786F6823F0D6
S2140388880C0343F002036B7057F826402CB92020DC
S21403889805F10C01F9F722FC0FE0A3680136002B5B
S2140388A8F2D0984704460028EED031463846FFF7FC
S2140388B8CDFF6B7823F002036B702046F8BD407833
S2140388C8C0F340007047437813F00E0F0CBF012027
S2140388D80020704710B5EAF7C7F90446EAF7DCF94B
S2140388E8204610BD4FF48270704708B5EAF714F9AE
S2140388F8C068003818BF012008BD08B5EAF70CF9A8
S21403890820B1BDE80840C06804F0ABBD08BD38B563
S214038918EAF702F9044650B1F9F7C4FE054604F12E
S2140389280C0004F08BFD04462846F9F7C1FE2046E2
S21403893838BD37B58379019003440446D86800F0F8
S2140389483800EAF7E9F8054628B901A804F058FDFF
S214038958022003B030BD204604F05CFDF9F7A2FE02
S2140389680446019905F10C0004F031FE2046F9F798
S2140389789FFEE7F7DFFC0020EBE72DE9F04104460E
S2140389881F462502C4F3072305F4E06524F47F4451
S2140389981D4324F0C704EE1944F080048B7944EA97
S2140389A816243602B6B20C333443084601EB0308E2
S2140389B8CC501146FFF7BDFF20B94544EF7040463B
S2140389C8BDE8F0814FF00008F9E7427810B50432A5
S2140389D8044601F00400D2B2002140F0290004F056
S2140389E894FF18B1837922680344DA6010BD10B582
S2140389F80021FFF7EAFF044608B9002010BD0179F5
S214038A08FFF797FF0028F8D1A3790C33E018F5E7AA
S214038A182DE9F04117461A46036801F004011C02C3
S214038A2804F4E064C3F307231C4341F02905043424
S214038A3806463B462146284604F0D1FF804650B1F9
S214038A48E1B204F01DFD3B462A4641463068BDE8C0
S214038A58F041FFF792BFBDE8F0812DE9F34100240A
S214038A6801F004010768064641F0290510682946FF
S214038A781460019004F0CEFC019804F046FD390218
S214038A8801F4E061C7F3072739438046012204311E
S214038A9801A804F0B6FE30B101A804F0B1FC2046E4
S214038AA802B0BDE8F08143462A4601993068FFF7CD
S214038AB864FFF5E7A0F86E10704701238B4090F823
S214038AC87110194380F87110704708B50120F9F73B
S214038AD87BFAC0B208BD83790C3318447047143840
S214038AE8704710B50446A1F1140004F00EFD201AD1
S214038AF820EAE07080B210BD70B51C460D461646D7
S214038B08FFF7EFFFA04207D322463146A5F114002C
S214038B1804F038FF012070BD0020FCE770B5064658
S214038B280D4614467AB90A462046082104F0EDFE97
S214038B38044690B92A460821292004F0E6FE04468E
S214038B4858B9204670BD104604F05AFC204604F077
S214038B580FFE08231D44A371E571A3790C331C4447
S214038B682670EEE72DE9F0411646069A074688462C
S214038B781D46FFF7D3FF0446F0B114382A4631469C
S214038B88069004F0FFFE854217D9069B06A81C79B3
S214038B9804F0200404F034FC74B942460821292062
S214038BA804F0B3FE2A463146069004F0EBFE8542EF
S214038BB806D906A804F024FC00242046BDE8F08164
S214038BC8069A93790C33D418D754F6E711B11439A7
S214038BD8EAF70EBA1A20704738B5002204460D463F
S214038BE802200321FFF79AFF014608B1A0F80150B7
S214038BF82046BDE83840FFF7E9BFF8B504460F46F8
S214038C08164605210120069A1D46FFF787FF0146EB
S214038C1838B14770468005712046BDE8F840FFF72F
S214038C28D5BFF8BD38B50D46032104460846FFF7F9
S214038C3875FFA0F8015001462046BDE83840FFF707
S214038C48C5BF73B50546084611466C891A46641AA5
S214038C58BDF81830A4B29C4228BF1C46079B089E42
S214038C6800932346FFF77EFF014630B1284634803B
S214038C7802B0BDE87040FFF7A9BF1A2002B070BD66
S214038C88012110B5002204461320FFF747FF0146CB
S214038C9820B12046BDE81040FFF798BF10BDF7B5D2
S214038CA84489054618460F461646019304F02DFCDC
S214038CB8053CA4B2844203DA011B01A804F0C7FCEE
S214038CC80521019804F064FD014628B901A804F0BB
S214038CD897FB1A2003B0F0BD83790C33C21817200C
S214038CE8C8542846A2F80170A2F80360EAF780F988
S214038CF8F0E7012110B5002204461920FFF70EFFFE
S214038D08014620B12046BDE81040FFF75FBF10BDFF
S214038D1873B50E46002144890546033CA4B2A34214
S214038D28009128BF234603211B20FFF71BFF01469C
S214038D3870B1012210F80F3CA0F8016062F3071324
S214038D4800F80F3C284602B0BDE87040FFF73EBF68
S214038D581A2002B070BD73B50E4600214489054635
S214038D68033CA4B2A342009128BF234603211D2037
S214038D78FFF7F8FE014638B1A0F80160284602B0AE
S214038D88BDE87040FFF722BF1A2002B070BD4B88BB
S214038D98042B07D1836C08885B8998428CBF002014
S214038DA8012070470020704710B50446806920B13B
S214038DB80021EAF759F80023A36110BD07B501227D
S214038DC88DF807100DF1070104F0DCFD03B05DF81C
S214038DD804FBF7B505464FF428500C4600F00EFF83
S214038DE8064600F0A6FCB0B3022C02D8002003B057
S214038DF8F0BD002731460DF105030DF1060238468E
S214038E08ADF8067000F0D9FDBDF80620631E934240
S214038E1806461EDC072C1AD9023CADF80640082481
S214038E28BDF80630002BE1D00133D9B22846FFF748
S214038E38C5FF21462846FFF7C1FF31462846BDF839
S214038E48062004F09FFDBDF806000230CFE7ADF814
S214038E5806700924E4E74FF0FF30C8E702292DE936
S214038E68F34104460D461746184603D8002002B0B9
S214038E78BDE8F08100F0C2FE064600F05AFC002862
S214038E88F4D04FF0000831460DF105030DF1060244
S214038E984046ADF8068000F090FDBDF80630BDF8F4
S214038EA820200646934228BF1346AB4228BF2B46CC
S214038EB89DF80500ADF80630C0B9002BD7D00133AE
S214038EC89AB29542D3D9D9B22046FFF777FF3946E7
S214038ED82046FFF773FF31462046BDF8062004F008
S214038EE851FDBDF806000230C0B2C0E74046BEE7F3
S214038EF807B501A9EAF75EF930B9019B586AC0F3CA
S214038F08C02003B05DF804FB0020FAE7002008B58C
S214038F18EAF7D2F908B9FF2006E0C37B012BF7D19D
S214038F28436ADB06F4D5007808BD73B50E4601A977
S214038F381546EAF73FF990B9019A546A14F01003F4
S214038F480FD0C4F300343470D37B5A1E042A02D8D5
S214038F58D81E18BF01202870012002B070BD00205B
S214038F68FBE71846F9E738B5436A04465B0705D5B1
S214038F78002300781A461946EBF780FC636A9D07B8
S214038F8806D52046EAF72AF9636A23F002036362E2
S214038F98636A18070DD52146E27911F8010BC2F367
S214038FA8C002EBF709FC0546E8B9636A23F0080331
S214038FB86362204600F024FA0546A0B9626AD10621
S214038FC811D5D30404D52046FEF7EBFE40B11BE0CB
S214038FD81206E37B09D4E37B626A023B012B15D9AD
S214038FE8616A48071FD4284638BD03F0FB03012BE4
S214038FF8F6D021692078EBF705FC636A256123F030
S214039008800363620028E6D00546ECE7D305E7D578
S21403901861692078EBF714FC00236361636A23F421
S21403902880736362D2E7E37BA28D012B03D1A2B1DF
S214039038802A28BF802211F0400F94F830304FF072
S214039048010118BF01232078EBF718FC0028DBD1B1
S214039058636A23F004036362C5E74022EBE7F7B5C8
S2140390680E4601A91546EAF7A5F8F8B9019C2F6834
S2140390789EB904F1100004F0C3F9606A276140F052
S21403908880000023606210F010002B600ED020468C
S21403909803B0BDE8F040FFF766BF04F1140004F020
S2140390A8AFF9606A676140F48070EAE703B0F0BD21
S2140390B837B50D460021044601915BB9204629467B
S2140390C801AAFFF7CCFF044601A804F099F9204645
S2140390D803B030BD084604F082FC01900028EDD1A9
S2140390E81A24F4E7002010B5EAF7E6F8044600B9B0
S2140390F810BD636ADA060BD55B0409D42046E9F784
S214039108C3FF636A204643F006036362FFF72BFF39
S2140391182046E9E713B50C4601A9EAF74BF850B918
S214039128022C07D802462146019802B0BDE8104033
S214039138EAF7E6B8212002B010BD13B50C4601A91C
S214039148EAF738F860B963070CD0019B93F8312027
S214039158A24205D05A6A83F8314042F002025A62A4
S21403916802B010BD2120FBE790F8393037B55B070E
S21403917804460D462AD4E9F787FF6B1E042B14D83A
S214039188032D12D0E379142B22D0A3696BB9684652
S214039198FEF72AFEE7F7FEFE6946E9F7DBFD18B990
S2140391A81A25284603B030BDA061636AE57343F009
S2140391B816036362E7F794FE2046FFF7D4FE0546D8
S2140391C80028EED02046FFF7EFFDEAE70225E8E79A
S2140391D82125E6E707B501A9E9F7ECFF30B90198B9
S2140391E8C17B03B05DF804EBFFF7BEBF03B05DF8C1
S2140391F804FB37B50C4601A9E9F7DCFF18B9052CBB
S214039208019D02D9212003B030BD286904F07DF9F9
S2140392181F28F7D8686904F078F91F28F2D8012CB4
S214039228F0D0231F012BEDD9214628466B6A23F479
S21403923882536B6203B0BDE83040FFF795BF13B5A2
S21403924801A9E9F7B7FF78B9019C636A204623F0BA
S214039258500343F004036362FFF7A6FD204602B0FB
S214039268BDE81040FFF77FBE02B010BD37B5FFF765
S2140392784DFEFF28044613D001A9E9F79BFF78B9EA
S214039288019D6B6A284623F010036B62FFF78CFD7B
S214039298204605F1340103B0BDE83040E8F732BE96
S2140392A803B030BD002337B580F8723040F6FF733D
S2140392B8A0F86E3083680446DA040D46C16010D4FD
S2140392C843F480636A46A36040F203212046CDE94F
S2140392D8004503F0CAFF00212046E9F7C5FD03B0A1
S2140392E830BD90F87600FFF775FFA36823F4805324
S2140392F8E8E773B56E4604464A7930460D460631A6
S214039308E7F78CFE96E80300A4F85010090C11F052
S214039318800FE06484F8521004F1530312D001223C
S214039328184605F11201E7F779FE0C352846FFF7CC
S21403933813FA28B10122294604F15A00E7F76EFE0C
S21403934802B070BDB4F8501094F85220C4F8530015
S21403935899809A71E9E71FB590F87420044602F0DD
S214039368010301908DF808300BB102F002038DF863
S214039378093094F8753020468DF80A30039101F0C9
S214039388FAFB4FF4017101AA204603F06EFF20464C
S214039398E9F7F6FD04B010BD10B50446E7F7FAFD85
S2140393A82146BDE81040E9F7D5BCE9F735BDFFF718
S2140393B88CBB0A460021EBF74DB813220121EBF7C5
S2140393C849B8826838B5C2F380320446B0F86E00EE
S2140393D80D46EBF7E5F820B9A3681DB143F400532F
S2140393E8A36038BD23F40053FAE783791A0705D434
S2140393F813F0100F0CBFFF200120704700207047A2
S2140394080020704710B5044660B1806C50B1EAF787
S21403941847FCA06C0028FAD12046BDE8104003217B
S214039428E9F722BD10BD438907B58B420CD050F827
S2140394380C2B40F2014192F87020ADF806308DF8F7
S214039448042001AA03F011FF03B05DF804FB436987
S21403945843F0040343617047436923F004034361FD
S21403946870474069C0F38000704747F230530022C4
S2140394780068F8F75BBC006803F086BE38B5436936
S21403948804469B070D4603D540F20941FFF7F3FF51
S214039498E9F7CCFD08B1A3691D702046BDE838403E
S2140394A840F20941FFF7E1BF07B5027C012A09D05C
S2140394B80122027440F20942914206D040F20A425F
S2140394C891420ED003B05DF804FB4FF4816150F867
S2140394D80C3B01AA93F870308DF8043003F0C5FEF0
S2140394E8F0E750F80C3B01AA93F870308DF8043077
S2140394F8F4E738B522F000430D46114640F203223E
S214039508934204461AD0B3F5017F09D240F20122EA
S214039518934213D040F20222934209D0002038BD6A
S2140395286FF481621344012BF8D8FFF7BDFFF5E704
S21403953800F020F92046FFF701F8EFE763699B0779
S21403954804D540F209412046FFF795FF2846FFF762
S21403955859FFE3E708B5E9F749FC00B1806C08BD95
S21403956808B500B10068E9F74FFC08B9034602E0FE
S214039578836C002BF7D0184608BD10B5044642F690
S2140395882A3000F03BFB031B5842584110BD022803
S21403959806D142F62A330888C31A584258417047F8
S2140395A80020704710B5044642F6293000F026FB23
S2140395B8031B5842584110BD90F8200000F00100E4
S2140395C870471FB504466846EAF79AFC10226946B0
S2140395D804F1210003F0E9FAB0FA80F0400904B078
S2140395E810BD08B5FFF7EDFFB0FA80F0400908BDD7
S2140395F870B5044600F1210591B92846EAF780FCC0
S214039608236893F97500E7F74FF878B120682B4677
S214039618BDE8704010220D2190F97500FEF76BBB6C
S21403962810220021284603F0EAFAE9E770BD38B5A8
S2140396380446002390F8202041FA03F0C50703D414
S21403964842FA03F0C0071ED40133082BF4D101F005
S214039658010523682A4384F8202093F97500E7F761
S21403966823F840B1234653F8200B01220C2190F926
S2140396787500FEF740FB0DB9002038BD00212046D3
S214039688FFF7B6FFF8E71320F7E768B13F290AD8CC
S21403969800EBA10090F8310001F0030149000841EE
S2140396A800F0030070470020704710B503680446AF
S2140396B893F97500E6F7F8FF50B12346BDE8104066
S2140396C853F8310B10220B2190F97500FEF713BBE4
S2140396D810BD10B590F87430DB0706D490F97530D2
S2140396E8013314BF0F20052010BD847CEBF712FA54
S2140396F8844234BF0C200020F6E730B5044685B014
S2140397086846EAF7FDFB1021684604F07DF9204613
S214039718EAF708FE6B46C26804AD06321C4603CC5D
S214039728AC4210605160234602F10802F6D105B038
S21403973830BD08B5EAF7F6FD08B1EAF7C7FDC0B2CB
S21403974808BD013810B580B2EAF7ECFD044608B93F
S214039758002010BD408800F07CFB0028F8D0207B52
S214039768F7E708B5EAF7DEFD18B1007AC31F5842D3
S214039778584108BD70B5054655F8213B044693F98C
S2140397887500E6F791FF20B92846BDE87040EAF76A
S214039798B7BB234653F8310B10220B2190F97500FB
S2140397A8FEF7D7FA234653F8200B01220C2190F92B
S2140397B87500FEF7CEFA20682B46BDE870401022E7
S2140397C80D2190F97500FEF7C4BA01302DE9F04172
S2140397D885B228460E46EAF7A5FD42F60217044662
S2140397E842F603089CB12046EAF770FD78B1204696
S2140397F800F03EFBB84205D10EB123883380607B68
S214039808BDE8F081204600F033FB404502D14FF017
S214039818FF30F5E70135ADB22846EAF783FD04467F
S214039828E0E72DE9F04707460E4690460D4642F612
S214039838021942F6030A0135ADB22846EAF772FD65
S214039848044678B1EAF742FD60B1204600F010FB03
S214039858484505D1237A072B04D10320BDE8F087B2
S2140398685045E8D141463046FFF7AFFF431C014653
S21403987804D03846BDE8F047FFF707BF0020EDE7FA
S21403988870B5054608461646EAF74CFD044608B979
S214039898012070BDEAF71AFD0028F9D0F00713D4A3
S2140398A8B10734D4720702D5A3885B0732D516F0FE
S2140398B8060F31D116F40060EBD0A38813F4006FBB
S2140398C814BF00200620E4E7A388DA0743D513F07D
S2140398D8700F0AD1980610D45806E1D52B6893F969
S2140398E875300133DCD10820D3E72868FFF7F1FE8B
S2140398F8A388990608D50028CBD12A6892F874203D
S2140399089207E9D40520C4E70028C2D1E4E7A38870
S2140399189907C7D40320BCE7A38813F4E06F09D1DB
S21403992898050FD45B05C5D52B6893F975300133B5
S214039938C0D1D8E72868FFF7CCFEA388990507D5D2
S2140399480028A6D12A6892F874209207EAD4D9E7A1
S21403995800289ED1E6E702209BE738B5044608466A
S214039968EAF7E0FC054608B9012038BDEAF7AEFC7D
S2140399780028F9D0AB8813F4E04F0CD1980412D41E
S21403998813F48040F1D0236893F97500431C5842BA
S2140399985841C000E9E72068FFF79BFEAB889904A7
S2140399A808D50028E1D1226892F874209207E7D4F4
S2140399B80520DAE70028D8D1E2E72DE9F0474FF08B
S2140399C80009044683F800900846A2F800908846E3
S2140399D816461D46EAF7A6FC074620B901230020CB
S2140399E82B70BDE8F08774B1EAF770FC0028F5D051
S2140399F84046FFF7D7FD30B1012385F8009004F100
S214039A0820003380EDE72B46324639462046BDE82C
S214039A18F047EAF701BA2DE9FF41074608468846A4
S214039A2816460393EAF77EFC044638B903A803F000
S214039A38E7FC0125284604B0BDE8F0811FB1EAF724
S214039A4845FC0028F2D0237A072B05D8DFE803F075
S214039A5817262F381C17172126BB0398002835D13D
S214039A683246257A022D62D0032D64D0012D3BD0D1
S214039A78002F7FD1002503A803F0C2FCDAE703A86A
S214039A8803F0BEFC0325D5E703A803F0B9FC0625B7
S214039A98D0E703A803F0B4FC8025CBE7E3685D882A
S214039AA8B54209DA03A803F0ABFC0725C2E7E36867
S214039AB89A88B242F6D35D88039840B9024609E00D
S214039AC8022EEFDC039868B90246CAE7354603F068
S214039AD81CFD82B29319AB42C3DD03A803F090FCC6
S214039AE80D25A7E70225F2E7E06806300023039969
S214039AF8304403F07BFC002FBCD0237A032B39D1E8
S214039B0803A803F07DFC00212046EAF7C5FB68B3EB
S214039B180588617B3846FFF7B8FD012203462946C8
S214039B283846CDF80080FEF73BFB002582E7E06861
S214039B38B3188380D9E7039B9A79D979891AC9B266
S214039B48481E012810D8134402291A7B04BF5B7BDE
S214039B5842EA0322237B32EA03038CD101233846E5
S214039B68617BEAF72FF9C6E70D2584E708F1FF3589
S214039B78ADB2CEE7039B41460093384633463A7F59
S214039B88FEF7F4FAD1E7884270B504460D46164642
S214039B9811D8012838BF01242046EAF7C3FB10B1C1
S214039BA84388B34208D00134A4B22046EAF79EFBA2
S214039BB808B1A542F0D20024204670BD70B50C4605
S214039BC816461D460146B8B1B3B1022C01D0102C77
S214039BD812D1E0B2EAF7DCFA4FF6FF718842024682
S214039BE802D141F20A1070BD3046FFF7CCFF0028B9
S214039BF8F7D028800020F6E72120F4E7002307B5EE
S214039C080122ADF80400ADF8063002210DF1060373
S214039C1801A8FFF7D3FFBDF8060003B05DF804FB01
S214039C28F8B50F461646441CA4B22046EAF77AFB54
S214039C3810B9013CA0B2F8BD00F01AF90546304643
S214039C4800F0F2F820B1284600F0EEF80028F0D12C
S214039C58304600F0E2F820B1284600F0DEF8002887
S214039C68E7D10134A4B22046EAF740FB08B1BC4268
S214039C78DBD94FF6FF70DEE72DE9F04F9A4687B03B
S214039C888B880D460C88814604A90220ADF810304F
S214039C989046EAF77DFAAB680090A888AF890593E3
S214039CA800F0BBF838B1102F05D105A8EAF756FA25
S214039CB8022808BF02274FF6FF7B33E02046009AA8
S214039CC8FFF761FF064680B3AA886988FFF7A8FFEF
S214039CD804463046FFF72DFD00B30DF10F0331465A
S214039CE848460DF11202FFF768FE9DF80F302BB1B8
S214039CF8A8F80060184607B0BDE8F08FBDF8122034
S214039D08BA420BD13A460599019302F04EFF019BDE
S214039D1820B9A8F80060AAF80040EBE75C4504D031
S214039D280134A4B26988A142C8D80A23E2E708B571
S214039D38EAF7F8FABDE8084000F09AB838B50546D9
S214039D480846EAF7EFFA044610B94FF6FF7038BD2F
S214039D580DB96088FBE7EAF7B9FA0028F9D1F4E702
S214039D6870B5044642F60520FFF748FFB0B1002158
S214039D78FFF72BFD054601462046FFF786FC0646F9
S214039D881022002104F1310002F039FF3246294639
S214039D982046BDE870400023EAF714B870BD7FB5C7
S214039DA804460D4610220021684602F028FF0026C6
S214039DB8AB575A1C1BD031462046FFF766FC19469C
S214039DC8002BB8BFD91C04AA02EBA10100F00302BA
S214039DD8584200F0030003F0030358BF43425B00F6
S214039DE802FA03F311F8102C134301F8103C01365A
S214039DF8402EDDD16B4604F1310504AE1A4603CA7C
S214039E08B24228606960134605F10805F6D1204674
S214039E1804B0BDE87040FFF748BCA0F52050012801
S214039E288CBF00200120704742F60303C31A58422A
S214039E385841704708B5030409D4EAF775F9A0F53D
S214039E48205080B201288CBF0020012008BD0020C6
S214039E58FCE7020408B507D4EAF766F942F60303F3
S214039E68C31A5842584108BD0020FCE7C00B704788
S214039E780346B3F902304088002B01DBEAF754B9EE
S214039E880020704708B5FFF7F3FFA0F5205080B20F
S214039E9801288CBF0020012008BD13B58B79044622
S214039EA80B441B7B0A4613F0010001910AD01D2BB5
S214039EB80AD101211E20FEF731FE01462046FEF791
S214039EC885FE012002B010BD01A803F099FAF8E751
S214039ED810B504468069143003F092FAA069BDE809
S214039EE81040183003F08CBA2DE9F0410F4614469B
S214039EF805461E46FFF7ECFF23463A460821002090
S214039F08D5F8188003F06BFDAA69C8F814005369DE
S214039F1823B1002054811682BDE8F0811A20FBE79E
S214039F2870B50446084603F0F0FAA16986B28A8932
S214039F384D8912B1521B96420CDA6389581E80B2B9
S214039F4825B90A78082A04BF043B98B2831B5842EB
S214039F58584170BD0020FCE730B5044654F80C0B96
S214039F688DB09DF8405090F8700042EA01428DF893
S214039F7804001946029203A82A46079502F06FFEC4
S214039F8840F20241204601AA03F06FF90DB030BD36
S214039F9810B550F80C4B86B094F87040ADF80E1018
S214039FA8ADF8102040F2064103AA01938DF80C4041
S214039FB8059303F05AF910B901A803F021FA06B07D
S214039FC810BD37B504460D46FFF782FF204640F21C
S214039FD80941FFF750FA00222046A36940F20741D9
S214039FE81A7050F80C3B6A4693F8703001958DF852
S214039FF8003003F03AF903B030BD13B501910021E0
S21403A008044601F037FB0422002320460DEB020129
S21403A018FFF76AFF02B010BDF0B504460F461E46AA
S21403A028154685B052B983691B78072B30D0082BA1
S21403A03814BF15460925002E18BF0D250A9803F0E8
S21403A04864FAA3699A894AB15B8981B2D21A9142A2
S21403A05804DD92B2891A0AA803F0F9FA204650F8E2
S21403A0680C3B40F2054193F8703001AA8DF8043092
S21403A0780A9BADF806708DF80850ADF80A6003938E
S21403A08803F0F3F810B90AA803F0BAF905B0F0BD5F
S21403A0980B25D0E7B0F80AC02DE9F041ACF1020C65
S21403A0A89C4505460E4617461C4603DDBDE8F041AB
S21403A0B801F08DBA83692246198100233946FFF7D2
S21403A0C813FF044658B9AB690246314628460E3391
S21403A0D801F096FA044610B12846FFF7F9FE204623
S21403A0E8BDE8F0812DE9F043202A8FB005461746D0
S21403A0F81C4603910BD941F2041421462846FFF760
S21403A10860FF03A803F07CF90FB0BDE8F083002BCB
S21403A11846D10846A2F1060803F0F7F94FF6FF768C
S21403A1285FFA88F81FFA80F94C4510D3AB69DA88CA
S21403A138B24239D942F60203ADF814300223711C31
S21403A1480093284605AB89B201F0EAF925E02346D1
S21403A1583A46039906A803F049F9AB69BDF81860AF
S21403A1689A88B242C7D8DA88B242C4D3BDF81A105E
S21403A178BDF81C20B8F1000F09D02846CDF800809A
S21403A1880DF11E033C44FFF7E7FEA4B2CCE72846CE
S21403A1989E8019815A8101F0DCF904460028B0D064
S21403A1A841F20A139C42A8D10024A6E72DE9F047FA
S21403A1B81C4696B0836901921B780646062B03D085
S21403A1C8102B60D001A81CE00129104614BF4FF0DD
S21403A1D810084FF002080392002C4CD103F095F9AF
S21403A1E84FF6FF7508F1020987B2A7420ED8B3697E
S21403A1F8DA88AA4237D8002421463046FFF7E1FE1C
S21403A20803A803F0FDF816B0BDE8F08723464A46D0
S21403A218039904A803F0EAF8B369BDF810509A88BE
S21403A228AA422DD8DB88AB422AD39DF81330282BB5
S21403A238E1D0B2465AF80C3B424693F870300DF11B
S21403A24812010DA88DF83030ADF83250CDF84480A1
S21403A2584C4402F004FD40F2044150460CAA03F0B5
S21403A26804F8A4B2C1E7691C304689B201F028F99C
S21403A27804460028C4D041F20A139C42BBD0BBE76D
S21403A28841F20414B8E70129104614BF122704271D
S21403A298049284BB03F039F942F602184FF6FF71AD
S21403A2A885B2A5420DD8B369DB888B4221D9013123
S21403A2B84FF6FF72304689B201F002F90446A0B1A0
S21403A2C819E023463A4604990CA803F08FF8BDF81C
S21403A2D83220BDF8301042459DF8333007D1B269B5
S21403A2E8022330460A32FFF7D5FE04A889E7282B4F
S21403A2F806D141F20A1421463046FFF762FEF4E718
S21403A3083C44A4B2CDE7F0B5836987B003911B78C4
S21403A3180546022B144653D108460491002A47D112
S21403A32803F0F3F84FF6FF7687B2A7420DD8A8696D
S21403A338C288B2422BD8002421462846FFF741FE9E
S21403A34804A803F05DF807B0F0BD04220499234679
S21403A35805A803F04BF8AA69BDF814109088BDF851
S21403A3681660814229D3D388994226D8864224D3B5
S21403A3789E4222D85069927A837904340C33009229
S21403A388034432462846FFF7E7FDA4B2CDE7436900
S21403A3984089711C0190987989B20C300344009364
S21403A3A828464FF4205301F09FF804460028C7D0E8
S21403A3B841F20A139C42BFD1BDE741F20414BBE73E
S21403A3C803A8BEE7F0B587B0054617461C460391B3
S21403A3D853B9FFF7A5FD38B101232246284603994A
S21403A3E800F084F807B0F0BDA9690B78082B05D8E8
S21403A3F8062B44D8032B0FD003A83DE00E2BFBD126
S21403A408039B0593002C6DD1002B6BD02246284660
S21403A4180989FFF7BDFD59E00398059018B3ECB911
S21403A428102683794A890C330989034400962846FB
S21403A438FFF792FDAB699988DA88914217D242F6FC
S21403A4480203ADF8103002230131009328460DEBC2
S21403A458060389B201F064F8044660B141F20A13B0
S21403A4689C4204D101E0002CF8D141F21F04214696
S21403A4782846FFF7A6FD05A802F0C2FFB2E7039831
S21403A48805907CBB70B303F040F80FB386B2B742AF
S21403A4981ED2394605A803F014FA38B905A802F0FF
S21403A4A8AFFF1A212846FFF78CFD9BE78379F61B37
S21403A4B8C218023391898371AB6900225B89B6B2ED
S21403A4C800902846FFF7A8FDB742E2D92146E9E7F8
S21403A4D8AA69284653891189059A00920022FFF72C
S21403A4E89BFDF3E705A802F08BFFEFE7F0B585B011
S21403A4F806461F461446039132BB084603F005F882
S21403A508054608B3B1690B784A89082B0BD8062B7E
S21403A5180BD9039B09893046009313462246FFF757
S21403A5287BFD039401E00E2B19D0B1694B89EA1819
S21403A53892B2B2F5007F4A8117D82FB130460989FF
S21403A54801F018F8044628B100222346114630467F
S21403A558FFF738FF03A802F053FF05B0F0BD3046F7
S21403A568039B0989FFF714FDDBE741F20414EBE7C5
S21403A57873B5836901911B780446082B15460ED8D4
S21403A588062B0ED9019E20463146FFF7C9FC2A46FC
S21403A598034631462046FFF7A9FF02B070BD0E2BCF
S21403A5A8F0D001A802F02CFFF7E730B5836987B02F
S21403A5B803911B780546092B144611D105915AB900
S21403A5C8134600910F222146FFF726FD214628460B
S21403A5D8FFF7F7FC07B030BD05A802F011FFF5E753
S21403A5E803A802F00DFFF5E72DE9F04F87699FB042
S21403A5F803913F780546052F16461C4604D8032FB5
S21403A60816D810D003A867E0082FFBD10846139185
S21403A618002B00F0C28013A802F0F2FE214628465B
S21403A628FFF7CFFC01E0FFF75DFD1FB0BDE8F08F35
S21403A638202A0846049148D8002B40F0A880571FC4
S21403A64802F063FF4FF6FF78FFB21FFA80FA0DF1A8
S21403A6581C0BA24506D8AB69DA88424500F2878008
S21403A668002434E02346324604990BA802F0BEFEC3
S21403A678AB69BDF82C809A88424526D8DA884245C5
S21403A68823D35969F1B9A94659F80C1BBDF82F20ED
S21403A69891F870109DF82E308DF84C10ADF84E20BA
S21403A6A80DF131013A4615A88DF85030199702F086
S21403A6B8D6FA40F20341484613AA02F0D6FD3444BC
S21403A6C8A4B2C6E75A89102A09D941F204142146C6
S21403A6D82846FFF776FC04A802F092FEA5E70023B7
S21403A6E8584602F083FEAB690DF13101102FCDE910
S21403A6F8051B93F80A902BD1B9F1020F34D105A89C
S21403A708E9F72CFD0228DAD14A46DDE9051002F0FE
S21403A7184CFA0028D3D12B4653F80C0BBDF82F1050
S21403A72890F870009DF82E208DF84C00ADF84E106A
S21403A7388DF8502059464A4615A80293CDF86490DA
S21403A74802F08DFA029B40F20341184613AAB4E7B7
S21403A758022F09D1B9F1100F06D106A8E9F7FEFCB6
S21403A7680228ACD13A46D0E73A465846CFE742F6EF
S21403A7780303ADF84C30022308F101010093284681
S21403A78813AB89B200F0CCFE04460028A3D041F2EE
S21403A7980A139C423FF464AF99E759B90021002392
S21403A7A8AA69284693815381118113993246FFF784
S21403A7B809FE3AE702F0A9FE16B180B28642EDD149
S21403A7C8139A9379D118023389899371E7E72DE9A8
S21403A7D8F0431C468FB0836903911B780546012B0B
S21403A7E817465BD10846059102F08FFE202F0BD93A
S21403A7F841F2041421462846FFF7E3FB05A802F0B6
S21403A808FFFD0FB0BDE8F083002C42D1059802F097
S21403A8187CFE4FF6FF76A7F104081FFA88F81FFA9E
S21403A82880F95FFA88F8A14505D8AB69DA88B24299
S21403A83820D80024DEE723463A46059906A802F000
S21403A848D5FDAB69BDF818109A88BDF81A60914211
S21403A858CED3DB889942CBD89642C9D39E42C7D873
S21403A86832462846CDF8008007AB3C44FFF774FB16
S21403A878A4B2D8E74FF42053ADF810300223711C66
S21403A8880093284604AB89B200F088FE04460028E5
S21403A898B4D041F20A139C42CBD0ABE703A8AEE789
S21403A8A883691B780A2B02D00F3B012B01D8FFF7CD
S21403A8B888BB7047F0B585B00193836917461A7845
S21403A8C804460A3A0A9E072A42D8DFE802F00441F9
S21403A8D83041410441290198039002F016FE85B2DF
S21403A8E803A802F08DFD26B131462046FFF785FB07
S21403A8F80FE0A1697A194B8992B293420BD90A825F
S21403A90801F10E032046098900F07AFE0146002865
S21403A918EBD105B0F0BD0121204600F0ABFEF5E70C
S21403A9282EB91A8A0198BA420BD04FF48166019B56
S21403A93803A8039302F064FD31462046FFF741FB64
S21403A948E7E7DA89596902F0EBFD0028EDD1EEE76F
S21403A95801A802F055FDDCE738B58269044613788A
S21403A9680D460D2B12D00F2B01D00A2B12D153698B
S21403A97833B1997902F114000B44DD6802F040FD07
S21403A98829462046BDE83840FFF78ABFBDE8384069
S21403A998FFF717BB38BD07B5002300921B22FFF746
S21403A9A83BFB03B05DF804FB07B583695980009247
S21403A9B800231D22FFF730FB03B05DF804FB4B882A
S21403A9C8052B05D108880E288CBF00200120704768
S21403A9D800207047F8B505460F46164604210A2296
S21403A9E8002002F092FF0246B8B1847905210C34A0
S21403A9F803194FF0060C00209970D87002F804C0AB
S21403AA0813241C7102245F715870D8719C712846F0
S21403AA181E81BDE8F840E7F735B9F8BD73B50546B6
S21403AA28104601920C4602F070FD042186B2019886
S21403AA3802F0AEFE024628B901A802F0E1FC1A208D
S21403AA4802B070BD837901900C33C1184C80C6528E
S21403AA5821462846E7F716F90020F1E72DE9F041E5
S21403AA6806468846174604210A22002002F04DFFB0
S21403AA780246B8B1857900240C354319052106200A
S21403AA889970DC7050550120187102205C7098711B
S21403AA9883F805803046DC711F81E7F7F3F8204614
S21403AAA8BDE8F0811A20FBE70020704700207047B6
S21403AAB807B501A8019202F0A3FC03B05DF804FBF6
S21403AAC87047002070470F2070470F207047704765
S21403AAD810B588B0E8F78AF90446002847D090F8F6
S21403AAE87200022845D1A36813F4407F2AD094F84D
S21403AAF87330012B2FD194F97500E5F7D5FD10B9FE
S21403AB08A368DB0527D594F8743013F0010322D124
S21403AB18CDE90133CDE90433CDE90633ADF80C307E
S21403AB28A36813F4807F01AB0ED0A06AE16A228E75
S21403AB3803C31A802046BDF8042004AB0DF10601B2
S21403AB48E9F7FEFC08B010BD0A22022194F9750045
S21403AB58FDF7FFF8EEE7002345F2170219462046ED
S21403AB6800F03CF9B0FA80F040094000EAE72120FB
S21403AB78E8E70220E6E738B545F21B020C460B4623
S21403AB880021054600F02AF930B92CB1214628469B
S21403AB98BDE83840EAF74AB838BD00F04EB900F0C9
S21403ABA866BC00F06FBC10B504464C30FDF7CAF817
S21403ABB884F875002046BDE8104000F033BC10B595
S21403ABC80446FDF796F802280DD194F8733094F9E5
S21403ABD87000012B14BF0521032184F83210BDE849
S21403ABE8104000F06CBCA36843F40073A36010BD68
S21403ABF800F054B938B5037804463E2B0D4604D105
S21403AC088378052B02D0ED2B0FD038BDB0F80300A0
S21403AC18E8F7DEF820B1B4F80D10621D00F0A4F9C9
S21403AC282846BDE8384002F0EBBBB0F80300E8F767
S21403AC38CFF80028F4D0B4F80D1004F10F03621D02
S21403AC4800F095F9ECE7CB0448BF41F48061C16096
S21403AC58704710B5044645F21A0102F095FA2046E5
S21403AC68BDE8104047F23053002245F21A01F7F7C1
S21403AC785DB810B50A4604460821002002F045FED2
S21403AC8810B1837903441C7310BD38B505460C46CA
S21403AC980D201121FFF7EDFF024688B1214683797F
S21403ACA803440D3304F1100051F8044B814243F872
S21403ACB8044BF9D12846BDE838400621FFF7AEBE57
S21403ACC838BD38B505460C4604201121FFF7D1FFD9
S21403ACD8024688B12146837903440D3304F11000F4
S21403ACE851F8044B814243F8044BF9D12846BDE892
S21403ACF838400621FFF792BE38BD38B505460C46E0
S21403AD0803201121FFF7B5FF024688B12146837950
S21403AD1803440D3304F1100051F8044B814243F801
S21403AD28044BF9D12846BDE838400621FFF776BE1E
S21403AD3838BD37B5002205460821104602F0E5FD62
S21403AD480446C0B10C2301220DF107018DF8073024
S21403AD5802F018FE296C20225431204602F012FE17
S21403AD68296C20227431204602F00CFE2246062166
S21403AD782846FFF753FE03B030BD08B5D0B2E8F750
S21403AD8835F828B190F8773003F07F0380F87730EA
S21403AD98012008BD70B50546EAF73AF80C4606469C
S21403ADA80A46284645F20101B0472B6C03B11C60DE
S21403ADB8324628462346BDE870404FF4A04118475C
S21403ADC870B51546044638B1EAF722F82A4603460C
S21403ADD82046BDE870401847022070BD114608B5E6
S21403ADE81A4621F00041FFF7EBFFB0FA80F040095E
S21403ADF808BD10B4C4691CB95DF8044B01807047DC
S21403AE0800235DF8044B1A46F9F75CBD08B50B46F4
S21403AE1801461846F7F7AEFA003818BF012008BDF2
S21403AE2810B50446006838B11A2102F0FBFD206805
S21403AE3802F031FE0023236010BD30B58BB00D46FB
S21403AE48002201A9EAF796F9044620BB01460D221B
S21403AE580DF10B0001F0D3FEB5F803206B79ADF8BE
S21403AE68082006A9019A02A88DF80A30E9F7E8FF30
S21403AE7840F20343BDF81820002818BF1C469DF867
S21403AE881A30102102A82A80AB7002F0CBFD1021DD
S21403AE9806A802F0C7FD20460BB030BD10B5044621
S21403AEA8E9F794FF04F13400FFF7BAFFA3685A06DC
S21403AEB806D523F0400300212046A360E6F7B0FE3C
S21403AEC8236C63B1D3F89400F9F793F90421206C43
S21403AED802F0A8FD206C02F0DEFD0023236410BDFB
S21403AEE8F7B50D4669461646EAF744F9044698B98F
S21403AEF829461022009801ABF9F7DAF9074610211C
S21403AF08284602F081FD2FB11021284602F08AFD5B
S21403AF1840F2074406B13760204603B0F0BD38B5A3
S21403AF280446C51C03212846FFF770FFC8B9E27814
S21403AF3863797AB922791A43F4D003F07F0343F08E
S21403AF48400363715323A3712146BDE83840FF20AD
S21403AF58FFF773BFFF2AF0D122791A40FF2AE1D000
S21403AF68EBE740F2074038BD0021E6F759BEF8B5CF
S21403AF781D46836804465B060F4616462DD41A20DC
S21403AF8802F087FD0146606320B92046BDE8F84015
S21403AF98E6F746BE034623F8027B326805F110013E
S21403AFA8C0F8022072685A602A46636B0A3352F85E
S21403AFB8040B8A4243F8040BF9D11021284602F001
S21403AFC831FDA36843F0400213F4407FA26004D027
S21403AFD82046BDE8F840EAF7C7B9F8BD2DE9F041C1
S21403AFE89CB0154608AA1C4606460B469046239F61
S21403AFF801F1200E9446186859680833ACE8030034
S21403B00873456246F6D12021404602F0FDFC10AB9C
S21403B0182A469C4605F1200E1D46106851680832DC
S21403B02803C572452B46F7D16046202102F0ECFC97
S21403B03818AA9446229B03F1100E154618685968F9
S21403B048083303C573452A46F7D16046102102F034
S21403B058DBFC04AA2346154604F1100C14461868AC
S21403B0685968083303C463452246F7D11021284696
S21403B07802F0CAFC6B46502241462846E9F7D8FF39
S21403B08804461021284602F0CDFC5021404602F023
S21403B098C9FC34B108213046EAF766FA1CB0BDE8A5
S21403B0A8F081039B38463B60042102F0ADFC6846FA
S21403B0B8102102F0B7FC224645F214013046FFF78A
S21403B0C87FFEEBE72DE9F04796B01D46DDE92297AC
S21403B0D805AB06460C469E46DDF8908002F1100A3C
S21403B0E89C46106851680832ACE80300524563462C
S21403B0F8F6D17046102102F087FC09AA2B4694461F
S21403B10805F1100E154618685968083303C57345C4
S21403B1182A46F7D16046102102F076FC0DAA94461B
S21403B1281E9B03F1100E154618685968083303C5A5
S21403B13873452A46F7D16046102102F065FC9DF850
S21403B1487C30D9F800008DF844309DF8803006210D
S21403B1588DF845309DF8843012908DF8463099F86E
S21403B168063012A883F00803C3F3C0038DF84730EC
S21403B178B9F80430ADF84C3002F046FCBB7906212A
S21403B18883F00803C3F3C0038DF84E303B680DF114
S21403B1984F00CDF84F30BB8804F11007ADF8533095
S21403B1A802F032FC01AA2346154614461868596865
S21403B1B8083303C4BB422246F7D11021284602F0BF
S21403B1C823FC4346412205A92846E9F731FF0446EE
S21403B1D81021284602F026FC412105A802F022FC8D
S21403B1E834B108213046EAF7BFF916B0BDE8F08750
S21403B1F84046102102F008FC224645F21301304669
S21403B208FFF7DEFDF1E72DE9F3411D46089B0446EB
S21403B2188846164690F873705BB110211046FFF700
S21403B228F5FD30B10821204602B0BDE8F041EAF743
S21403B2389BB9236C013EDA1C681E133312F8011FF0
S21403B24816F801CF9A4281EA0C0100F8011FF5D1DE
S21403B2580023404601A90193E9F740FF48B1019846
S21403B268F8F7C7FF08212046EAF77EF902B0BDE8DB
S21403B278F08129462846019AE9F7E2FD0028EED12F
S21403B288022F0CBF0023062304F159022B4404F1B2
S21403B2985F0012F8016F1978904281EA060103F8F5
S21403B2A8011BF6D1022F14BF0023062304F1520212
S21403B2B82B4404F1580012F8016F1978904281EA7A
S21403B2C8060103F8011BF6D129462846019AE9F731
S21403B2D8B7FD05460198002DC2D1F8F78AFF2A461E
S21403B2E845F210012046FFF76BFDBFE72DE9F04155
S21403B2F896B0154605AA1C4606460B4690461D9F5D
S21403B30801F1200E9446186859680833ACE8030020
S21403B31873456246F6D12021404602F075FB0DAB15
S21403B3282A469C4605F1200E1D46106851680832C9
S21403B33803C572452B46F7D12021604602F064FB0D
S21403B348AEB3336C93F85D31013B022B2FD89DF8CF
S21403B358703043F0800301AA8DF85430154623460F
S21403B36804F1100C144618685968083303C4634577
S21403B3782246F7D11021284602F046FB3B464122D7
S21403B38841462846E9F754FE04461021284602F0AB
S21403B39849FB4121404602F045FB54B11EB1082142
S21403B3A83046EAF7E1F8204616B0BDE8F0810023F8
S21403B3B8D1E71021384602F027FB002EF3D02246A9
S21403B3C845F211013046FFF7FBFCECE7EBF7B2BE9C
S21403B3D8B1F5A04F70B504460D4616460AD045F299
S21403B3E80603994216D0324629462046BDE87040E1
S21403B3F8EAF7F0BE836843F08003836090F87330FF
S21403B408012B03D1BDE87040EAF704BDBDE87040E0
S21403B418EAF732BF93791344597C41F49051E9F71C
S21403B42805FCE0E7002310B50364044690F97500AD
S21403B438431C13D0E5F70CFD082204F1100311464C
S21403B44894F97500FCF785FC94F91330012B07D1A2
S21403B45894F8743043F0020384F87430002010BD67
S21403B468022BFBD194F8743043F00A03F4E74B88B5
S21403B478062B05D1088841288CBF00200120704779
S21403B4880020704707B58B790A460B440191197C4F
S21403B4984B1E0D2B04D801F5A0410131FFF790FC94
S21403B4A801A801F0ADFF03B05DF804FB08B5D8F7B3
S21403B4B859F9002814BF1420002008BD70477047A8
S21403B4C870B504460E461546052100220420FDF7EE
S21403B4D825FB014618B1A0F80160A0F803502046E2
S21403B4E8BDE87040FDF772BBF7B51D46002304465A
S21403B4F800930F46164607210620BDF82430089AFF
S21403B508FDF730FB014628B1A0F80170A0F80360E8
S21403B518A0F80550204603B0BDE8F040FDF756BB3B
S21403B52873B515461A460023044600930E460820AC
S21403B53805219DF81830FDF715FB014618B1A0F84C
S21403B5480160A0F80350204602B0BDE87040FDF73E
S21403B5583DBB38B5002204460D460A200321FDF7F5
S21403B568DDFA014608B1A0F801502046BDE8384088
S21403B578FDF72CBB70B504460E461546052100227A
S21403B5880C20FDF7CBFA014618B1A0F80160A0F825
S21403B59803502046BDE87040FDF718BB73B5154643
S21403B5A81A460023044600930E46102005219DF8EC
S21403B5B81830FDF7D7FA014618B1A0F80160A0F8CD
S21403B5C80350204602B0BDE87040FDF7FFBA73B5D6
S21403B5D80E46002144890546033CA4B2A3420091C3
S21403B5E828BF234603211220FDF7BCFA014608B1FB
S21403B5F8A0F80160284602B0BDE87040FDF7E6BA39
S21403B6082DE9F3410546984683690F465869164659
S21403B61801F07BFF6C8980B2053CA4B2844228BF44
S21403B6280446A8692146143002F04BF9009048B145
S21403B63805220821002002F068F9019030B968460F
S21403B64801F0DEFE1A2002B0BDE8F081009901A8D9
S21403B65801F0BDFF1620019A93790C33D118D05404
S21403B668A8F800402846A1F80170A1F80360FDF782
S21403B678ADFAE8E738B5002204460D46182002213D
S21403B688FDF74CFA014600B145702046BDE8384040
S21403B698FDF79CBA70B5857904460C35461901F052
S21403B6A834FF625D431E013A9BB21C2A10D8DFE8BA
S21403B6B802F0110F160F180F290F2F0F400F400F08
S21403B6C8400F330F250F0F0F390F250F3E0F3E0080
S21403B6D8002070BD042B14BF01200320F9E7022BBA
S21403B6E8F9E743B37278022A0AD0012A23D1022241
S21403B6F8013B0232B3FBF2F102FB1133002BEAE7FC
S21403B7081022F5E713F0030F14BF01200320E0E728
S21403B7188BB17278013BEDE76BB17278032A0AD9CD
S21403B728013BE7E7042B34BF01200320D1E7022BB4
S21403B738F9E70320CDE70120CBE74369406CDA1C21
S21403B7481438B2FBF0F203EBC203CA1D0333B2FB91
S21403B758F0F2B3FBF0F30132023301EBC20100FB54
S21403B7680310704738B5446905462146FFF7E5FFD9
S21403B7786A6CE31D143AB3FBF2F3013304EBC30418
S21403B788204438BD73B506460D460024F36B0122E4
S21403B79801A928195B699847019B013309D1043429
S21403B7A8736C62195B426A401A42EFD0204602B0B5
S21403B7B870BD0024FAE770B505460C46D8F7FCFAC0
S21403B7C8EB6B2046DB68BDE87040184770B500256C
S21403B7D886B004460562E369AB4202D8206A06B01F
S21403B7E870BD666C0522206801A9E36B06FB05009D
S21403B7F85B69984701A800F010FC00F033FC10B111
S21403B808236A013323620135E5E738B50446456CF8
S21403B818006804F1400305FB0101E06B00F02FFC10
S21403B82805462046FFF7D2FF284638BDF0B505463D
S21403B83887B00026EC69013CB44203D80C46204680
S21403B84807B0F0BD01B14C1E6F6C0522286801A92C
S21403B858EB6B07FB04005B69984701A800F0DDFB68
S21403B86800F000FC0028EAD101362146E2E7F0B5ED
S21403B878044687B0466C0D4600680522E36B01A9AB
S21403B88806FB05005B69984701A800F0C6FB00F0B5
S21403B898E9FB20B101A800F097FB07B0F0BD2946E5
S21403B8A82046FFF7C3FF676C0646E36B206805224E
S21403B8B85B6901A907FB0600984701A800F084FB0B
S21403B8C8431CEAD0B54238BF0130E6E72DE9F0431A
S21403B8D8D0F824804FF6FF7987B004460E46C8454D
S21403B8E814BF454600250027E369BB4202D807B0C4
S21403B8F8BDE8F083E26B01A92368606CD2F814C034
S21403B908052200FB0530E04701A800F086FB022865
S21403B91806D0C8450CD1721C29462046FFF775FF8A
S21403B9280135E3690137B5FBF3F203FB1255DBE791
S21403B93829462046FFF79BFFB0F1FF3F14BF024698
S21403B94832460132E8E70368F0B5CC1A436C87B091
S21403B95806460025B4FBF3F4F36937685A1E706C81
S21403B968954208D3706C336800FB043007B0BDE813
S21403B978F04000F082BB013401A9B4FBF3F203FBE9
S21403B9881244F36B05225B6900FB0470984701A811
S21403B99800F043FB00F066FB0028E3D10135DBE744
S21403B9A810B423F003049B07436C2244C3F100033B
S21403B9B80A4418BF043282EA0104234203D05DF81E
S21403B9C8044BFFF7C0BF10465DF8044B70472DE9DC
S21403B9D8F041D0E90A3686B004469E4228D1C369A8
S21403B9E81422456802FB1355284606B0BDE8F081C5
S21403B9F8206801A9676C331AE26BB3FBF7F3D2F836
S21403BA08148007FB03000522C04701A800F005FBC6
S21403BA18012804D0636C1D44013B3340ED1A3146BC
S21403BA282046FFF790FF0646A36AB342E0D1DBE75A
S21403BA380025F9E7F0B5002587B004462E46E369E6
S21403BA48B34202D8284607B0F0BD636C05222768C0
S21403BA5801A903FB0677E36B38465B69984701A899
S21403BA6800F0DBFA00F0FEFA58B1384600F005FBA2
S21403BA7801462046FFF786FE636C143B834208BFE5
S21403BA8801350136DBE708B508301346D1E900125D
S21403BA98EEF794F8012008BD13B50C46002121766D
S21403BAA80093134661682246ECF712FE18B1E37D4D
S21403BAB803B1A07EA075A07D02B010BD73B500F1DA
S21403BAC8080516460C460DF107020968284600F0D5
S21403BAD8A1F9032E06D16368834203D12168284659
S21403BAE800F07FF9012002B070BDD01E009B4242D1
S21403BAF84241187E824211D11A688A420ED85A6881
S21403BB088A420BD35A6901325A61D3E90302824245
S21403BB183FBF986840F8221001321A610120704727
S21403BB28032A10B5029C07D1A26A5340626C52429C
S21403BB38134201D100F055F9012010BD08B5C368BA
S21403BB4800209847BDE80840D8F73EB9012870B5E5
S21403BB5814BF04200220002442431C70CC7D101D11
S21403BB6802F002024CB91AB1012220F003001A703F
S21403BB7800F108034868184470BD1AB1012220F082
S21403BB8803001A700C7E002301F12005DAB29442F2
S21403BB9801D80020F0E735F833205E1C824206D928
S21403BBA801EBC30300F10802D8691044E4E7801ADE
S21403BBB83346EBE773B590F8426005461C460DF12D
S21403BBC803033046FFF7C2FFEB6B012E5B690DD10B
S21403BBD8324601A998479DF8033013B1BDF80630DD
S21403BBE80193BDF80430236002B070BD01222146DC
S21403BBF802B0BDE870401847F0B50546002487B084
S21403BC084868EB6B27460E4601225B6902A9083093
S21403BC180294984795F84230012B40F08480632CB1
S21403BC2802D9029807B0F0BD612C08D805AB2246A6
S21403BC3831462846FFF7BEFF9DF814301BB305AB05
S21403BC482246314628468DF81070FFF7B3FF95F85D
S21403BC584230012B059B55D14FF6FF72934200F0F5
S21403BC689680082205A904A800F05EF9059B9DF8AE
S21403BC781010C3F30722914240F08980DBB2029A80
S21403BC881A44029283E095F84230012B30D103AB75
S21403BC98224631462846FFF78DFF04AB621C314621
S21403BCA82846FFF787FF05ABA21C31462846FFF751
S21403BCB881FF102208230DF107000DEB02018DF812
S21403BCC8073000F031F9102205A90DF1070000F03E
S21403BCD82BF9039BDAB2002A52D19DF80720B2EB60
S21403BCE8132F4DD1DDE9043203EB0243029347E0F9
S21403BCF8302C2BD944E09DF80720B2EB134F3FD1E5
S21403BD08049BF3E7013342D0102205A90DEB02008A
S21403BD1800F00AF9059B9DF81010C3F307429142F9
S21403BD2835D19BB2ABE7312C3FF67BAF87D005AB5B
S21403BD38224631462846FFF73DFFBDF81430002B50
S21403BD487FF47DAF95F84230012BA0D003AB224693
S21403BD5831462846FFF72EFF04AB621C31462846B9
S21403BD68FFF728FF102320220DF107000DEB030130
S21403BD788DF8073000F0D8F8039B9AB2002ABAD099
S21403BD8895F84230012B14BF012302231C440134C7
S21403BD9840E713B500240194049C0094EDF72CF8AF
S21403BDA802B010BD13B501240194049C0094EDF76A
S21403BDB823F802B010BD30B5002344684FF0FF32B5
S21403BDC89C4202D10023037230BD016801EBC30510
S21403BDD841F8332001336A60F2E7C0E90012FFF73F
S21403BDE8EABFF0B5002345689D4210D00468DF001B
S21403BDF854F8332004EBC306B2F1FF3F08D0C2F36E
S21403BE081302914204D14FF0FF33E3517360F0BD40
S21403BE180133E9E7F0B5002345689D4202D14FF0A8
S21403BE28FF300EE00468DE0054F83340671C09D080
S21403BE38C4F31307B94205D1240D147003683344B9
S21403BE485868F0BD0133E8E713B5002304460146F6
S21403BE581B220DF107008DF8073000F065F82268FD
S21403BE689DF80730B3EBD26F0CBF0120002002B059
S21403BE7810BD13B500230446014620220DF1070022
S21403BE888DF8073000F050F80DF107001A22211D2F
S21403BE9800F04AF862689DF80730B3EB926F0CBF60
S21403BEA80120002002B010BD0068431C58425841C8
S21403BEB87047006810F07E0F0CBFC0F3C160002007
S21403BEC870470068C0F3D3107047006800F07F001F
S21403BED801288CBF002001207047036813F07E0FEB
S21403BEE814BF042008207047036813F07E0F03D19D
S21403BEF8406820F07C40704713F078001CBF03F0BE
S21403BF087F03D81F7047006800F07F007047032838
S21403BF1809D0022803D1C1F10201C8B2704700292B
S21403BF280CBF0720002070471F2A0B689EBF4FF0E0
S21403BF38FF3191408B43590801F055315B1A03F0E2
S21403BF4833319B0803F033330B44017803EB1313A5
S21403BF580A444FF0013103F00F334B43A2EB13624D
S21403BF680270704737B501F10C0405464369694604
S21403BF78012220469847BDF80030012201A9019303
S21403BF882046AB69984703B030BD37B501F10C04BA
S21403BF98436901226946054620469847009B4FF6A3
S21403BFA8FF7299B291420DD11B0C012201A92046BA
S21403BFB81B0443F4254343F0A5030193AB69984751
S21403BFC803B030BD0020FBE737B5044600251B2227
S21403BFD8011D0DF107008DF80750FFF7A5FF6068F0
S21403BFE89DF80720B2EBD06F03D120F0784003B05A
S21403BFF830BD0DF107001B2204F108018DF8075028
S21403C008FFF792FFA0689DF80730B3EBD06F01D116
S21403C018C043EAE74FF0FF30E9E703684BF29A229A
S21403C028B2EB134F10B5044613D19BB2012B13D1B1
S21403C038FFF7CAFF01300CD0E0684FF6FF72B2EB89
S21403C048104F4FEA104309D180B2C01A18BF012017
S21403C05810BD2368013303D00420F9E70220F7E76D
S21403C0680320F5E701288CBF00200120704703381A
S21403C07801288CBF002001207047143070472DE933
S21403C088F04105469846036908460E4617469847FC
S21403C098044638B943463A4631462846EDF76AFE1B
S21403C0A8044618B131462846FFF75CFF2046BDE82C
S21403C0B8F081022070470020704701207047002057
S21403C0C8704700207047704737B504460D4601A8E9
S21403C0D8EFF7FCFE01A8FFF7F6FF204601A98DF847
S21403C0E80650EDF747FF03B030BD08461146012258
S21403C0F800F021B800F0D7BA00F0DEBA00F065B851
S21403C1087047431E012B03D9031F584258417047F3
S21403C1180120704700F0BCBB4FF4C472002100F046
S21403C1286EBD10B50446002100F05EF82046BDE853
S21403C1381040EFF719BE10B50C461146EEF778FF18
S21403C148F0F798F8012801D1002010BD002CF7D18C
S21403C1580420FAE7EFF7CEB9EFF7D2B9408B70476A
S21403C1680A7838B505461046FFF7CBFF60B14C781A
S21403C1782046FFF7C6FF38B12243530704D42846A0
S21403C188BDE83840EFF7DCB9012038BDFFF7E8BF54
S21403C19810B504460878FFF7B4FF58B14A78104636
S21403C1A8FFF7AFFF30B1042A04D02046BDE810409D
S21403C1B8EFF7FCB9012010BDFFF7EABFEEF7B8BEEC
S21403C1C80846F0F76FBBEFF763B870B504460D463D
S21403C1D81646EEF7E3F830B9324629462046BDE858
S21403C1E87040F3F711BC70BDF0F71EB838B50446B7
S21403C1F800200D4600F04EFBD4F8D4302BB9294660
S21403C2082046BDE83840EFF7A3BA022038BD38B554
S21403C218044648880D4600F03DFBD4F8D4302BB9C5
S21403C22829462046BDE83840EFF7F6B9022038BD60
S21403C23800F032BB00F080B9F1F72ABA38B50546E4
S21403C2480C46F6F728FA6B6B1C402B6B23432B63C1
S21403C258F6F725FA211E18BF01210020490238BD2A
S21403C26800F0F6B9EEF778BF00F0A5B900F0C4B948
S21403C27808461146F0F78CBDEFF7D0BB00F070B94F
S21403C28838B50446154609B100F0D4F915B1204669
S21403C298EFF7B2FC002038BD0846F1F7D5BA10B55B
S21403C2A8044600F08BF820B92046BDE81040EEF7A8
S21403C2B855BA10BD00F027BBF1F7E4BC2DE9FF41E2
S21403C2C8984604460E461746F6F7ECF90546204602
S21403C2D8FFF7E5FF0A9B3A46029300233146CDE96A
S21403C2E800832046EEF788FA04462846F6F7E0F970
S21403C2F8204604B0BDE8F08138B50446F6F7D2F90F
S21403C30805462046FFF7CBFF2046EEF753FA0446CA
S21403C3182846F6F7CDF9B4FA84F0400938BD38B59F
S21403C3280446F6F7BFF905462046FFF7B8FF20464A
S21403C33800F053F804462846F6F7BAF9204638BDFF
S21403C34838B50446F6F7AEF905462046FFF7A7FFC5
S21403C358204600F048F804462846F6F7A9F920468A
S21403C36838BD70B504460E46F6F79CF905462046D2
S21403C378FFF795FF31462046EEF78CFA0446284623
S21403C388F6F796F9204670BD134607B500228DF8D2
S21403C39807100DF10700194600F047FA03B05DF8D9
S21403C3A804FB084611461A4600F03FBA00207047B9
S21403C3B80120704700F0D4B900207047EEF708B99B
S21403C3C810B5F6F76FF9044600F015F8EEF726F9F8
S21403C3D82046BDE81040F6F76BB9024608B5EEF7F7
S21403C3E8F7F8507D08BD024608B5EEF7F1F8507D1C
S21403C3F880F0010008BD00F086BAEEF7F7BF00F03C
S21403C40871B8437C03B108470220704710B5044649
S21403C418F0F798F82046BDE810400321EEF7E2BD92
S21403C428FFF7F4BF437C0BB1F0F768B802207047F8
S21403C438437C0BB100F070B90220704738B5447CD2
S21403C4480D46BCB1053C012C8CBF00240124496869
S21403C458224600F063F9286890FAA0F0000AF1F77C
S21403C468B3FFA97A2889224681F00101F0F7A4F8D8
S21403C478002038BD0220FCE71FB5ADF808309DF84C
S21403C4881830CDE9001269468DF80A30FFF7D6FF53
S21403C49805B05DF804FB30B4BDF810409DF81450A1
S21403C4A8CDE9044530BCF0F7B9B800207047002042
S21403C4B870477047836B03F06003402B0DD0602BE7
S21403C4C803D0203B58425841704749B10B68012BAB
S21403C4D806D9486940F00100704740F201107047DA
S21403C4E8002070470220F1F7B7BBD0F8C8304BB12D
S21403C4F81A68022A06D993F8250028B11B6AB3FBE3
S21403C508F0F07047FFF726BE7047D0F8C8207AB118
S21403C5181368022B0CD9536A13F47F4FC3F307210E
S21403C52806D0126ADBB253438B42B3FBF1F201D255
S21403C538FFF712BE104670470346D0F8100108608E
S21403C548B3F8143100208B80704790F810310C2B09
S21403C55814BFC07DFF2070474FF48071F4F72ABAE2
S21403C568F8B506460D468F88EEF7D0FF767C044668
S21403C578053EF6B2012E01468CBF00200120F2F7D5
S21403C588B3FEFB00012E98BF033318440323AB7195
S21403C5987CB1B0F5803F0CD84FF22442630902FB06
S21403C5A800332409B3FBF4F300202A68D21A2A605E
S21403C5B8F8BD0220FCE73F2B084610B5114619D9EB
S21403C5C8B3FA83F3C3F11902D2B2062A01D8192B98
S21403C5D80ED0062A28BF06220124931DDBB29C40F0
S21403C5E8A4B2A14228BF2146F0F7C8F9204610BDD9
S21403C5F80022F1E70024F9E7138808463F2B10B515
S21403C60816D9B3FA83F3C3F11901C9B2062901D8B7
S21403C618192B0BD0062928BF062101238C1DE4B24B
S21403C628A3401380F0F7CAF9002010BD0021F4E7F1
S21403C6380120FAE7EEF7CEBB10B5144608460121EB
S21403C648F1F768FD2046BDE810400121F1F762BD09
S21403C65838B50D46EFF70EFE0128044609D12846DD
S21403C668D8F71EF8054610B9D8F758F82C462046CA
S21403C67838BD0224FBE7F8B504460E461746F6F718
S21403C6880AF83A4605463146204600F0E9F90446D4
S21403C6982846F6F704F82046F8BD0220704703201C
S21403C6A87047F1F7D1BA10B5EFF790FC044608B90E
S21403C6B8F3F794F9204610BD38B504461D46EFF740
S21403C6C885FC28B929462046BDE83840F3F76EBAF4
S21403C6D838BD70478021F4F76DB938B50546EEF7CF
S21403C6E89BFC04462846EEF775FC072811D1D5F8B7
S21403C6F8C43024F47F41DB6921F0080103B15B7879
S21403C70841EA032141F020012846BDE83840EEF708
S21403C71889BC24F02001F7E703207047D0F82031BE
S21403C72870B58B4204460D46164603D190F81C3165
S21403C738202B0ED0324629462046EFF717FE202335
S21403C74884F81C310023C4F82051C4F82431EFF7C9
S21403C75831F9324629462046BDE87040EFF740BE19
S21403C7680120704738B5054610460C46F0F72EF8F4
S21403C778D5B1D5F8C430BBB15B69ABB1421ED2B2F2
S21403C788FD2A13D90A68013204BF6FF001020A6052
S21403C7980A68FF281A6007D16268013202D16FF06F
S21403C7A80102626062685A60002038BD0128F2E719
S21403C7B82DE9F74F01251C469DF8303006460193B0
S21403C7C80368174603F0070306339D4005F1FF3851
S21403C7D80B46A1B1416804EA080BA5EB0B0A41F026
S21403C7E80059524509EB0B0114D95246184600F076
S21403C7F836FA49467A1B5A44504400F030FA019BED
S21403C8082BB13C4448EA050804EA0804F46003B07C
S21403C818BDE8F08F1846F0E737B5002514460095AF
S21403C828FFF7C6FF204603B030BD70B50E46154663
S21403C838044608B9002070BD0378042B18D0207866
S21403C848F0F78EFCB0B923780C2BF3D10EB1FF2387
S21403C8583370CDB1FF232B7016E020780130C0B2B9
S21403C86803282070EBD8F0F77BFC0028F5D0E6E722
S21403C8780020F5E71EB12078F0F7D0FC30701DB124
S21403C888207800F036F828700120D4E7EFF7A2BC2A
S21403C898002070470020704700207047704730B567
S21403C8A849000446056812B102291FD90339C9038A
S21403C8B895B9E1B1B1FA81F3C3F12003C3F10F00CF
S21403C8C8012838BF012003F01F03D940A94201D924
S21403C8D801384908216030BDB5FA85F339B1B1FA94
S21403C8E881F29B1A002BE9DC0F20EFE700210F20CB
S21403C8F8F0E7012805D9023818BF4FF0FF30C0B259
S21403C90870470120704708B5F1F7E6F9BDE8084017
S21403C918F1F70ABA38B50446FFF7F5FF0546FFF7F9
S21403C928F2FF431BA342FAD338BD38B50D46044677
S21403C938F1F7D2F935B1844200D90139204601F01E
S21403C948030138BD844238BF0131F7E708B5012132
S21403C958FFF7EBFFBDE80840F1F7E6B90B0CB3F5B4
S21403C968384FF7B506460D468FB216D04BF601027A
S21403C978934214D04BF60202934212D0B3F5304FCB
S21403C98814BF04240324D6F8C4300BB1196851B96C
S21403C998D6F8C0309BB928680FE00024F3E70124D3
S21403C9A8F1E70224EFE7234668463A46F1F700FA2A
S21403C9B89DF804300098002BEAD103B0F0BD19683F
S21403C9C80029E8D0234668463A46F1F7F1F99DF878
S21403C9D804300098002BDED1EFE7D6F721BE00F02F
S21403C9E83003202B10B513D110F4E02FC0F3024404
S21403C9F80AD0C0F3C423B3FBF4F410F4C01F18BF63
S21403CA086400052C0ED86408F1F74EFC604310BD8D
S21403CA186FF01204C0F382131C4104F00104C4F13E
S21403CA280204F1E70424EFE708B51C20D7F7E6FB72
S21403CA384FF0B042936813F0080F4FF0010302BF9C
S21403CA489268C2F303129340B0FBF3F008BD4FF0AD
S21403CA58384359699A6903F500530A405A6170477F
S21403CA68F7B505460F4668461146F1F7F5FC064640
S21403CA7898B197B1DDE900311B0A43EA0163A5FBC8
S21403CA880343090A05FB0135FFF7A7FF0023024600
S21403CA9829462046F3F798FF3860304603B0F0BDC2
S21403CAA803207047F3F70CBBF3F70ABBF3F708BB8F
S21403CAB8F3F706BBF3F704BB00228A4202D14FF012
S21403CAC8FF30704750F8223093FAA3F30BB90132BC
S21403CAD8F3E7B3FA83F000EB421070470020704781
S21403CAE80A220021F4F790B92DE9F8430746884649
S21403CAF814460026D4E90195B9F1010905D5246839
S21403CB08002CF7D13046BDE8F883AB89012B07D94B
S21403CB18B5F90E30013303D029463846C0470643D5
S21403CB286835E9E710B50C46B1F90E10F4F71AFBA9
S21403CB380028ABBF636DA3891B1823F48053ACBFCF
S21403CB486365A38110BD2DE9F0411F468B89054611
S21403CB580C46DB05164605D502230022B1F90E104E
S21403CB68F4F7EEFAA3893246B4F90E10284623F4EE
S21403CB788053A3813B46BDE8F041F4F705BB10B5E7
S21403CB880C46B1F90E10F4F7DBFA431CA38915BF5C
S21403CB98606523F4805343F48053A38118BFA381AD
S21403CBA810BDB1F90E10F4F7BBBA0139024410B53B
S21403CBB8904201D1002005E0037811F8014FA34203
S21403CBC801D0181B10BD0130F2E7884210B501EBFF
S21403CBD8020402D98442234607D8431EA14208D03A
S21403CBE811F8012B03F8012FF8E7024401468A429D
S21403CBF800D110BD13F8014D02F8014DF7E70244C2
S21403CC080346934200D1704703F8011BF9E710B5B2
S21403CC186AB10139841810F8012B11F8013F9A42BA
S21403CC2803D1A04201D0002AF5D1D01A10BD104670
S21403CC38FCE70139034610B532B111F8014F013A42
S21403CC4803F8014B002CF7D11A440021934200D174
S21403CC5810BD03F8011BF9E77047704770470A448D
S21403CC68431E914200D1704710B511F8014B91420B
S21403CC7803F8014FF9D110BD034613F8012B002A18
S21403CC88FBD1181A013870472DE9F0471F468E68FE
S21403CC9882460C46BE4290460B682DD8B1F90C2046
S21403CCA812F4906F26D06569096905EB4505A3EB71
S21403CCB801097B1C05EBD5754B446D109D4238BFA7
S21403CCC81D46530527D52946F6F721FF064660B3C2
S21403CCD84A462169FFF7C3FFA38923F4906343F009
S21403CCE88003A38126614E446561A5EB090526608A
S21403CCF83E46A560BE4200D93E46324641462068B7
S21403CD08FFF763FFA36800209B1BA36023683344D5
S21403CD182360BDE8F0872A46F6F7FFFE0646002896
S21403CD28E0D121695046F6F7F5FE0C234FF0FF30A5
S21403CD38CAF80030A38943F04003A381E9E7936860
S21403CD48013B002B936010B408DA9469A34201DB15
S21403CD580A2903D15DF8044B00F098B91368581CE8
S21403CD681060084619705DF8044B7047F8B5064618
S21403CD780F461446D518AC4201D1002007E03A46C0
S21403CD8814F8011B3046FFF7DAFF431CF3D1F8BD4E
S21403CD982DE9F047164698468A6807460B690C46F7
S21403CDA8DDF820909342B8BF1346336091F84320CA
S21403CDB80AB1013333602368990642BF33680233E6
S21403CDC83360256815F0060506D104F1190AE368E9
S21403CDD832689B1AAB422BDC94F843302268003B3C
S21403CDE818BF0123920630D404F14302414638465D
S21403CDF8C847013023D023681A3454F80A2C03F0A2
S21403CE080603042B0ABF54F80E5C002533684FF05C
S21403CE18000608BFED1A54F8123C08BF25EAE57564
S21403CE289342C4BF9B1AED18B5421AD1002008E0F6
S21403CE380123524641463846C847013003D14FF0CE
S21403CE48FF30BDE8F0870135C1E7E1185A1C3020EA
S21403CE580233224481F8430094F8451082F84310BD
S21403CE68C2E70123224641463846C8470130E6D082
S21403CE780136D9E7B1F90C202DE9F0411707054625
S21403CE880C4656D44B68002B02DC0B6C002B3DDD9E
S21403CE98E66A002E3AD0002312F480522F68216ADD
S21403CEA82B6025D0626DA389580705D56368D21A07
S21403CEB8636B0BB1236CD21A216A0023E66A2846F1
S21403CEC8B047411C24D00023636023692360A389E9
S21403CED8DA0400D56065616B2F60B9B104F14403C9
S21403CEE8994202D02846F6F715FE002363630DE041
S21403CEF801232846B047461C0246D4D12B68002B8C
S21403CF08D1D01D2B01D0162B2AD12F6000202EE05E
S21403CF182A68B4F90C3042B11D2A01D0162A21D149
S21403CF280023636023692360D5E762602269226071
S21403CF38CEE70F69002FE9D093070E680F600CBF82
S21403CF484B690023A6EB07088B60B8F1000FDDDDFD
S21403CF5843463A46216A2846A66AB047002808DCAC
S21403CF68B4F90C3043F040034FF0FF30A381BDE81B
S21403CF78F0810744A8EB0008E7E738B50B690546D0
S21403CF880C4613B90025284638BD18B1036A0BB9F1
S21403CF98F3F7D0FFB4F90C30002BF3D0626ED0074A
S21403CFA804D4990502D4A06DFFF757FE28462146F8
S21403CFB8FFF760FF636E0546DA07E4D4A3899B058B
S21403CFC8E1D4A06DFFF74AFEDDE770B50C46B1F96C
S21403CFD80E1096B0154600291E460CDAA3890021C2
S21403CFE813F0800F14BF40234FF480630020316092
S21403CFF82B6016B070BD6A46F4F7A0FC0028EDDB7C
S21403D008019901F47041A1F50053594259414FF46F
S21403D0188063EBE78B89F7B59D0706460C4607D56D
S21403D02804F14703236023610123636103B0F0BD62
S21403D03801AB6A46FFF7C9FF009F054630463946E7
S21403D048F6F765FD48B9B4F90C309A05EED423F023
S21403D058030343F00203A381E2E7A389206043F0B6
S21403D0688003A381019BC4E904075BB1B4F90E10DE
S21403D0783046F4F775FC28B1A38923F0030343F07D
S21403D0880103A381A3891D43A581CFE7F8B50E46FF
S21403D0981446054618B1036A0BB9F3F74BFFA369A1
S21403D0A8A360A3891A0701D5236943B921462846ED
S21403D0B8F4F7EEFB18B14FF0FF373846F8BD236890
S21403D0C8F6B222693746981A6369834205DC214615
S21403D0D82846FFF752FF0028EDD1A368013BA3605B
S21403D0E823685A1C22601E70431C62699A4204D045
S21403D0F8A389DB07E1D50A2EDFD121462846FFF7A9
S21403D1083CFF0028D9D0D6E7C9B20346024410B577
S21403D1189342184601D1002003E0047801338C4279
S21403D128F6D110BD430803F05533C01A00F0333365
S21403D138800800F0333018444FF0013300EB10102A
S21403D14800F00F305843000E704710B5044688B1F8
S21403D158836A016A7BB180689847002394F82400A1
S21403D16823621028636005D82146F4F71DFF1123B0
S21403D17884F8243010BD0029EFD08368002BECDB3D
S21403D188084600F088FCE8E7002307B51A4601912D
S21403D19801A9F4F75BFD03B05DF804FB002330B583
S21403D1A887B004939DF83430DDE90A4503930C9B56
S21403D1B8CDE900450293F4F7C7FC07B030BD072353
S21403D1C830B585B003930A9BDDE908450293CDE99C
S21403D1D80045FFF7E3FF05B030BD30B50023002454
S21403D1E8002585B0CDE900450293FFF7E8FF05B0B3
S21403D1F830BD03680B60016070472DE9F0410E46A9
S21403D208174600240546006808B9BDE8F081D0E94A
S21403D2180083B3420BD18368BB4208D154B9C5F81F
S21403D2280080C368DB0701D500F035FC20460446BA
S21403D2384046E9E7C4F80080F3E7D1E90112FFF7AF
S21403D248DCBF002370B51A46194605460468F4F78A
S21403D258FDFC0CB92C6070BDE3682668DB0702D5B5
S21403D268204600F018FC3446F3E72DE9F8430E464B
S21403D2781746054610B90020BDE8F8830468002C55
S21403D288F9D0D4E900893B4632462946A068C84700
S21403D2980028F1D14446F2E73020704738B50546F2
S21403D2A814460A460021FFF7AAFC24F01C046B79EF
S21403D2B844F0100443F004032C716B7138BD2DE958
S21403D2C8F74F1F469DF830308A468046009300285D
S21403D2D850D0002967D00C68002C66D04FF0000B9E
S21403D2E8E679A179761AF6B2BE4208D30C313944E8
S21403D2F808EB020945462144F61BC84537E0206873
S21403D308A346BF1B002835D00446E9E7AB19994561
S21403D31838BFA9EB050632462846FFF7A0FC009B54
S21403D328002B3DD0E279A079F3B237BB1844A0713D
S21403D338E279A37927689A4232D1DAF80030A34211
S21403D34808BFCAF80070BBF1000F01D0CBF8007015
S21403D3582046F4F779FE3C4635444CB10027A379BA
S21403D368E67903F10C01F61A2144F6B24D45CDD3FE
S21403D378A5EB080003B0BDE8F08F121AD2B2F9186D
S21403D388914209DA0C302044D21BD21A014438449D
S21403D3980193FFF71AFC019BE279D31AE371C7E7F7
S21403D3A8A3462468D8E70846E4E72046E2E710B52C
S21403D3B8C4790246C4F14503D8B2884228BF084652
S21403D3C80444D47110BD38B50546C079C0F1450488
S21403D3D8E4B2944288BFD4B20C3022462844FFF7FE
S21403D3E83EFCEB7920462344EB7138BD1FB5039109
S21403D3F80021009103A9FFF762FF05B05DF804FB5F
S21403D40838B50446206800B938BD0568F4F71CFE2D
S21403D4182560F7E7034610B501F0EC0103B910BD24
S21403D4281A7902F013020A431A711A1A544254411B
S21403D4385A7964F300025A711B68EFE710B558B1BE
S21403D448016802685AB1136823B15C79E40704D506
S21403D458002414600360084610BD0360F1E7134612
S21403D468F8E7034658B10020DA7999791B68521A07
S21403D47850FA82F01BB15A79D207F5D57047704730
S21403D48870B50D460446E8B186798E4203D3751AFD
S21403D4988571012070BDC27906F145039B1ADBB27C
S21403D4A899420FD806F10C010144921BA81BD2B26D
S21403D4B80844FFF78AFB0023A371E3791D44AD1BD9
S21403D4C8E571E6E70020E5E710B50C4698B191B19B
S21403D4D88979E279C379521AC3F14503D2B2DBB22A
S21403D4E8934208D30C312144FFF76DFF2046F4F727
S21403D4F8ABFD012010BD0020FCE70346006818B109
S21403D50802681A600023036070470346002003B9C5
S21403D5187047DA7999791B68521A50FA82F0F6E757
S21403D5282DE9F84F894614468246FFF7EEFF05466F
S21403D5384846FFF7EAFFA542074601D3A04208D2AA
S21403D548BD4208D10024A346A046264647B9384616
S21403D55804E02746F6E738D24FF0FF30BDE8F88FE9
S21403D5685EB99AF806809AF80760A6EB080608F1EB
S21403D5780C08D044DAF800A0F6B2BBF1000F0BD1C2
S21403D58899F8064099F807B0ABEB040B0C344C44F7
S21403D598D9F800905FFA8BFB5E45354628BF5D4693
S21403D5A8BD4228BF3D4621462A464046FFF7FDFAB8
S21403D5B80028D3D1A8442C447F1BEDB2761BABEBD3
S21403D5C80505F6B25FFA85FBC0E70120C6E70368E0
S21403D5D80BB9016070471A461B68002BFBD1116014
S21403D5E87047036803B10B600160704739B10B4697
S21403D5F81A461B68002BFBD103681360016070474B
S21403D60870B5046806460D4644B12046FFF77DFF0D
S21403D618A84211D8236813B9E379A37170BD2046CD
S21403D6283360F4F711FD3468F4E7ED1A23682046EF
S21403D6383360F4F709FD3468002DEFD0A279E37957
S21403D6489B1ADBB2AB42F0D92A44A271E6E7F8B5D7
S21403D658066805460C4646B13046FFF756FFA04215
S21403D6681DD8336813B9F379B371F8BD30462B6008
S21403D678F4F7EAFC2E68F4E7064638460768002FF0
S21403D688FAD1C2798379D31ADBB2A34202D9121B21
S21403D698C271EAE7E41AF4F7D7FC3EB13760002C08
S21403D6A8E3D028680028E0D00026E7E72E60F6E7F0
S21403D6B8F8B504460F46BC4200D1F8BDA179E57912
S21403D6C86D1AEDB2C5F14506B6B20EB92468F2E78F
S21403D6D849B10C312A46214404F10C00FFF775FAC8
S21403D6E80023E571A3712368BB42EFD05A79D207AA
S21403D6F8ECD49979DD79A0796D1AEDB2B54228BFD5
S21403D7083546E2790C3010440C312A461944204435
S21403D718FFF7A5FAE379206853FA85F3E37183796B
S21403D728761B53FA85F5C379EDB2AB42B6B285716B
S21403D73803D103682360F4F787FC002ED3D1C5E72B
S21403D74838B50C46016809B9046038BD0D46096842
S21403D7580029FBD1236823B12046FFF7A9FF2C60D5
S21403D768F3E721462846FFF7AFFE0028EDD1F6E794
S21403D77848B10023027943600360836043790271EA
S21403D78843F004034371704700221146F4F7B8BC0C
S21403D79838B504460D46FFF773FE98B984B1207969
S21403D7A8FFF7F2FF58B163794279C3F3400363F393
S21403D7B8410245235D1B04604271C371857138BD00
S21403D7C80120EDE72046FAE738B5036804460D4618
S21403D7D89BB11879FFF7D8FF88B1236842790360AD
S21403D7E85B79C3F3400363F3410245235D1B427130
S21403D7F8C37185712060002038BD0120EAE719202F
S21403D808FAE738B50C46054640B3006830B309B99D
S21403D818002038BD4AB9C9B2FFF732FE0028F7D14F
S21403D8282B689A799871A41A06E0452918D8C9B2BC
S21403D838FFF726FE0028EBD1442C07D8002CE7D0A8
S21403D8482846E1B2BDE83840FFF7BEBF4521284663
S21403D858FFF7BAFF0028DCD1453CEDE72220D8E7DE
S21403D8682120D6E72DE9F84390F8078090F806902C
S21403D8780446A8EB0907FFB2B9420D4602D30020B7
S21403D888BDE8F8830079FFF77FFF06460028F6D041
S21403D898A17980790C317F1B29440C30BAB2214414
S21403D8A83044FFF7DCF9F37901203B44F371E3795D
S21403D8B899444D442368A5EB0805E5713360266053
S21403D8C8DEE7F8B5076806460D463C46002305B16D
S21403D8D82CB90BB100221A6034603846F8BDE379D8
S21403D8E8A2799B1ADBB2AB4207D8E379A2799B1AD3
S21403D8F8DBB2ED1A23462468E9E72046E9B2FFF7C8
S21403D908B1FF0028F1D10746E7E75318452B02DC99
S21403D918C9B2F4F7F5BB00207047F7B500260546ED
S21403D9280F4601960DB9019C09E0002238461146B8
S21403D938F4F7E6FB044628B901A8FFF761FD20467D
S21403D94803B0F0BDAB798371EA79C27168796179FE
S21403D958D21A60F30001617169796079C1F34001F5
S21403D96861F34100607103F10C002918D2B2204418
S21403D978FFF775F9019B03B9019406B1346026468F
S21403D9882D68CFE72DE9F8430D461446064610B32F
S21403D99819B3DAB1034699461B68002BFBD1274611
S21403D9A8C8463A4629464046FFF70DFDC145A7EB4C
S21403D9B80007054418BFC9F8008037B10022B179BB
S21403D9C83079F4F79DFBC14618B9E41B2046BDE839
S21403D9D8F8838046E5E70446F8E70C46F6E737B5E6
S21403D9E81546C9B200221C46F4F78AFB019040B1DB
S21403D9F822462946FFF7C6FF844202D901A8FFF745
S21403DA08FFFC019803B030BD034610B501391A1A56
S21403DA18914200D810BD445C1A7803F8014B42546F
S21403DA280139F4E700230144884200D1704700F81F
S21403DA38013BF9E738B505460C4604B938BD013C41
S21403DA4855F834305B68002BF7D09847F5E72DE98F
S21403DA58F0410446002654F836302BB904F104087E
S21403DA68B34203D100250FE00136F4E754F8332018
S21403DA785F1C12685AB158F833009047054630B110
S21403DA8839462046FFF7D6FF2846BDE8F0813B46D1
S21403DA98E6E7F4F73FBCF6F708B838B50446F9F7EF
S21403DAA8B8FF054658B9C820E1F742FAC82202214A
S21403DAB82846E1F7FDF98442A8BF044624B2204667
S21403DAC8E1F736FAF9F7A5FFBDE83840C822022180
S21403DAD8E1F7EEB9B0F90020B1F900302DE9F047C7
S21403DAE89A4204460D4648DCF4F7DCFD8046DCF72C
S21403DAF895FA00283ED1E1F7D1F98246F9F789FF6E
S21403DB08C8220221E1F7D4F947F6FF73B5F90020D6
S21403DB1881469A4202D1E1F7E5F9288047F6FF7372
S21403DB28B4F900209A4202D1E1F7D6F92080B5F974
S21403DB380000FFF7B2FFB4F9003007468342C8BFB8
S21403DB482080B4F90000E1F7D3F9F7F7A2FC0646FC
S21403DB5858B15046E1F7CCF94846E1F7E9F94046AB
S21403DB68F4F7A6FD3046BDE8F087E1F797F920807D
S21403DB782F80F4E741F20C06F1E72126F2E70000CE
S21403DB880000000000000000000000000000000085
S21403DB980000000000000000F8B500BFF8BC08BC91
S21403DBA89E467047F8B500BFF8BC08BC9E4670474B
S21403DBB85FF800F0D12700205FF800F06D280020FA
S21403DBC85B435D20002E2E2F4253502F6273705FE7
S21403DBD8626C7565746F6F74682E630025733A25D7
S21403DBE864203A25733A20007363203D3D20534C46
S21403DBF85F5354415455535F4F4B004173736572DB
S21403DC0874696F6E2027257327206661696C6564BF
S21403DC183A20005B453A203078253034785D204634
S21403DC2861696C656420746F20736574206164761B
S21403DC386572746973696E6720646174610A005B50
S21403DC48453A203078253034785D204661696C651E
S21403DC586420746F207374617274206164766572CD
S21403DC68746973696E670A0073746172745F6164BA
S21403DC787600082008002E2E2F6170702E6300731E
S21403DC8863005374617475733A202573203D2030FE
S21403DC9878253034782000417373657274696F6E23
S21403DCA8206661696C6564005570646174656420F8
S21403DCB841445620496E74657276616C3A20256431
S21403DCC8206D732028256C75207469636B73290D82
S21403DCD80A005573657220496E707574203E2000DD
S21403DCE84D454153003E3E2050686174206869657F
S21403DCF86E206C656E68204D4541532E204769613A
S21403DD08207472693A2025640D0A003E3E20506846
S21403DD186174206869656E206C656E682041445698
S21403DD282E20476961207472693A2025640D0A001B
S21403DD383E3E204C656E68206B686F6E6720686F82
S21403DD4870206C652028556E6B6E6F776E20436F58
S21403DD586D6D616E64290D0A00437573746F6D41AA
S21403DD6844560066696C6C5F6164765F7061636BCA
S21403DD78657420636F6D706C657465640D0A005373
S21403DD887461727465642061647665727469736914
S21403DD986E670D0A00736C5F62745F6F6E5F6576FD
S21403DDA8656E74007570646174655F616476657228
S21403DDB8746973696E675F696E74657276616C0001
S21403DDC86170705F696E697400425244343138304A
S21403DDD842002E2E2F736C5F676174745F736572CF
S21403DDE8766963655F6465766963655F696E666FA2
S21403DDF8726D6174696F6E2E630041303300382E7E
S21403DE08322E3000736C5F676174745F7365727665
S21403DE186963655F6465766963655F696E666F7275
S21403DE286D6174696F6E5F6F6E5F6576656E74009D
S21403DE3858DE03001B001B0048E003000E000E001C
S21403DE4838E00300010001000100FFFFFFFF0000A8
S21403DE58010000000108FFFF0000000008E00300BF
S21403DE68020002000108FFFF0500000020000A0068
S21403DE7803000A000008FFFF010000007A2A0020BA
S21403DE8804000D000308FFFF030000000200000063
S21403DE98050002000108FFFF0500000002000B0052
S21403DEA806000B000108FFFF01000000842A00207B
S21403DEB8070002000108FFFF050000000A000C0027
S21403DEC808000C000308FFFF010000009A2A002040
S21403DED8090000000108FFFF000000000CE0030033
S21403DEE80A0002000108FFFF050000000A000300FD
S21403DEF80B0003000308FFFF01000000A22A00200E
S21403DF080C0002000108FFFF0500000002000400E1
S21403DF180D0004000108FFFF0000000010E00300E6
S21403DF280E0000000108FFFF0000000014E00300D5
S21403DF380F0002000108FFFF0500000002000500AD
S21403DF48100005000108FFFF0000000018E00300AA
S21403DF58110002000108FFFF05000000020006008A
S21403DF68120006000108FFFF01000000B62A002081
S21403DF78130002000108FFFF050000000200070067
S21403DF88140007000108FFFF01000000C42A002050
S21403DF98150002000108FFFF050000000200080044
S21403DFA8160008000108FFFF01000000CE2A002023
S21403DFB8170002000108FFFF050000000200090021
S21403DFC8180009000108FFFF01000000DA2A0020F4
S21403DFD8190000000108FFFF0000000026E0030008
S21403DFE81A0002000108FFFF050000000800008071
S21403DFF81B0000800208FFFF070000000000000067
S21403E00802000118020000180200000002000A18A5
S21403E0180C0053696C69636F6E204C616273100061
S21403E028F01921B4478FA4BFA14F63FDEED6141D84
S21403E038636032E0375EA488534E6DFB6435BFF7E2
S21403E048002801280328002A012A292A242A272AFD
S21403E058262A232A052A2A2B292B0229050000000B
S21403E0680000000000C201000005000000100000C8
S21403E0780000000000000000433A2F736176652F06
S21403E08854485F494F542F73696D706C696369749C
S21403E098795F73646B5F76323032345F365F325F34
S21403E0A83030312F6170702F626C7565746F6F74C2
S21403E0B8682F636F6D6D6F6E2F696E5F706C61632B
S21403E0C8655F6F74615F6466752F736C5F62745FF8
S21403E0D8696E5F706C6163655F6F74615F646675B4
S21403E0E82E630064656C61795F74696D65725F633E
S21403E0F86200736C5F62745F696E5F706C61636500
S21403E1085F6F74615F6466755F6F6E5F6576656E75
S21403E11874003F00280029200000000013B779FA8E
S21403E128C925DDB7ADF3CFE0F1B614B80102000098
S21403E13800000000FFFFFFFF2000000001000000B2
S21403E14800000000000000000000000000000000BF
S21403E15800000000000000000000000000000000AF
S21403E1680000000000000000000000001E0000037E
S21403E1785727030053270300312703002F270300DD
S21403E1887D3D010061270300413D01002C0000008E
S21403E1980204050300010200000801B448E2030074
S21403E1A80008015A04E2030000080040C0E1030027
S21403E1B800000000000000000000FCFEFFFF000057
S21403E1C800000000FFFF000000000000FFFF000043
S21403E1D800000000FFFF00000000000040001806D3
S21403E1E8F4D200002C00B0023DBE00001700F20077
S21403E1F80C7C00000C0041009E4200006400FCFEFC
S21403E208FFFF000000000000FFFF00000000000002
S21403E2185A00F306A554FEFF2100A301A1FEFFFF43
S21403E2281100A600832700000A006100DC26000010
S21403E23806003B00F820000003001500AD1300009D
S21403E248C800FCFEB4008B087BC0FBFF4D00E4024D
S21403E258E756FFFF2C00A20183EBFFFF1A0003011A
S21403E268B31A00001100A300552900000A005E0037
S21403E2785A28000006003A0021220000040018006D
S21403E28873160000747C5864E81024FFFFFFFFFF32
S21403E298FFFFFFFFFFFFFFFFFFFFFF000000000079
S21403E2A80120000000200000FFFFFFFF0000000021
S21403E2B8FFFFFFFFFFFFFFFFBCE6FAADA7179E842D
S21403E2C8F3B9CAC2FC632551012600000400000006
S21403E2D80000000000010000000000000B00000022
S21403E2E80B000000020000000000202000000000D1
S21403E2F8030000008C8C3C000000000000000000B7
S21403E3080000000000000058120000000000000093
S21403E318FFFFFFFFFFFFFFFF01041040010000009F
S21403E3280500020000030000B4E5030090E50300BF
S21403E33804E5030024E5030038E50300DCE50300F1
S21403E34874E5030060E5030000000000C8E5030069
S21403E35800000000A4E503000000000098E40300A2
S21403E368000000004CE503000000000054E503002D
S21403E3780000000018E50300C4E30300F0E503000B
S21403E388C6E3030088E50300000000000000000061
S21403E39800000000000000004E0C00000000000013
S21403E3A80000000038DE0300000000000000000044
S21403E3B80400000000000000E2FF50000100040013
S21403E3C8FB0000000000000015880100141400007C
S21403E3D81C2030401C2000001C20304050534100B5
S21403E3E84B45590000010102010202030102070B13
S21403E3F80B0701160C00000108080000050108FFBA
S21403E408FF02FFFF0808020204FF010022FFFFFFC6
S21403E418FFFFFF030404FFFFFFFF2AFFFF1419197A
S21403E4281B011C15120400480C1404131510801A3B
S21403E438801280800001020404000000F40100003A
S21403E448FA00000096000000640000004B0000007D
S21403E458320000001E000000140000000000000048
S21403E46801015000400008005000240004009001F9
S21403E478500240009001AE0110000F0E0C080C0865
S21403E4880D1810424C455F535441434B000000009F
S21403E498610B02000000000000497253144972071A
S21403E4A8FF000102030405FF145300724907CDF663
S21403E4B8F11F0200391F020001360200A587030078
S21403E4C817880300118803008D390200FDAB03008B
S21403E4D8CB8703001388030015880300BF87030050
S21403E4E80D880300191A0200018603006D1B02003B
S21403E4F801020C00000004000000080004000000ED
S21403E50800000000000000000000000000000000FB
S21403E5187B87030000000000A001040156000000EA
S21403E52800000000000000000000000000000000DB
S21403E53805000000000000000000000000000000C6
S21403E54800000000DD1F020000000000A78703008C
S21403E55800000000A01305000A00000000000000E9
S21403E5680000000000000000000000000900000092
S21403E578000000000000000000000000000000008B
S21403E588AD870300000000000F0000000000000035
S21403E598000000000000000000000000B78703002A
S21403E5A8000000000000000000000000010000005A
S21403E5B8000000000000000000000000000000004B
S21403E5C82522020000000000A0010107A0000104A4
S21403E5D80204080006000000000000000000000017
S21403E5E86923020031230200992302000000000079
S21403E5F8A0030601A0090609A0020608A005060747
S21403E608A0050606A0070605A0020604A001061034
S21403E618A00A0602A00D0600000004020503060170
S21403E62807010108090A0000A0015C02A0035C01B7
S21403E638A0025C00A0020F09A0030F04A0030F03A7
S21403E648A0050F02A0010F01A0050F00A0040108F2
S21403E658A0030106A0120100010102042001040A16
S21403E668F51E020020020404B11E0200200C040357
S21403E678851E020020000401CD1E02002002560259
S21403E688C11F020020025601951F020020035600F0
S21403E6985D1F020020010605E925020020040A047E
S21403E6A8E521020020050A02B52102002000011513
S21403E6B8F522020062676170695F62756666657255
S21403E6C873000100020000000000000003000000C1
S21403E6D80D000300020001000500676174742063DF
S21403E6E86F6E6E656374696F6E00000000FB349B83
S21403E6F85F8000008000100000000000000000009B
S21403E708C7A90300978D0300A7AB0300B1AA0300AC
S21403E718E69D350E480103CCDBFDF4AC1191F4EF0E
S21403E728B9A5F9E9A7832C5E2CBE97F2D203B020CD
S21403E738008BD28915D08E1C742430ED8FC24563A6
S21403E748765C15525ABF9A32636DEB2A65499C80EC
S21403E758DC006C888391AAF5A53860370BDB5A6012
S21403E76883BE000000010001000501000502020344
S21403E7780002000000000002050100050000010079
S21403E788010000010001020203000200000000006D
S21403E7980202010002BF01FB9D4EF3BC36D874F596
S21403E7A8394138684C8BD28915D08E1C742430EDC9
S21403E7B88FC24563765C15525ABF9A32636DEB2A4D
S21403E7C865499C80DCE69D350E480103CCDBFDF4E9
S21403E7D8AC1191F4EFB9A5F9E9A7832C5E2CBE9783
S21403E7E8F2D203B0203F49F6D4A3C55F3874C9B341
S21403E7F8E3D2103F504AFF607BEB40B7995899B86D
S21403E808A6CD3C1ABD000000A0010A05A0030A0411
S21403E818A0080A03A0070A02A0060A01A0070A001E
S21403E828A0030906A0060905A0070904A00409030E
S21403E838A0050902A0060901A003090002020300B5
S21403E84800000000AD9E0200F59E0200959E0200A1
S21403E858019F0200E99E0200C5C2030001C303002C
S21403E86827C3030049C303006BC3030039B402007C
S21403E878E9B30200F5B30200E1B40200EDC40300F5
S21403E888BBC00300BFC00300CBC00300C3C0030064
S21403E898C7C003000000000088010000880B0020A2
S21403E8A80080640001000080FF7F00000080FF7F77
S21403E8B80C025241494C0000A0000000E1A90200E6
S21403E8C850000000C1AA0200000000010000010178
S21403E8D800010101ADAD020091AD02004DE6020054
S21403E8E879E7020011E702000101020300000001B4
S21403E8F81F150F15150F151FFFFFFFFFFFFFFFFF60
S21403E908FFFFFFFFFFFFFFFFFFFFFFFFFFFFFFFF07
S21403E918FFFFFFFFFFFFFFFF0001020203030405DB
S21403E92806080C0C0C00010203040707C8C8C8C86D
S21403E938C8C8C8C8C8C8C8C800B801B802B800B0AC
S21403E948840504009C050400B4050400CC050400F3
S21403E9580304040808050000000000000000000087
S21403E9680000000000000000040700004870AC0F19
S21403E97844706E0E3070D6130298F6173870940FDC
S21403E9883470BA0F3070A0102C70A010287028129C
S21403E9982470401220709E0F1C70E81218706413BF
S21403E9A814709A0FB110086001D80A7104B87F78FA
S21403E9B8020C7E78641000C6881F00A01DB8707805
S21403E9C803B018600F3027B30F330111C0480698F9
S21403E9D8780229B0086001D8087109DD047109BBFB
S21403E9E811101660A048086004100112FF32215067
S21403E9F80860D048086000880698901400C42C1F46
S21403EA0800A000BA03DF107109DF0672029832030A
S21403EA181DB8507800A044132814411581100860C7
S21403EA2802D81471108806987C1900C014C000B860
S21403EA380698EE1B009106988E020160B83020D81F
S21403EA4806711EBC637C084D5412F03240DE047215
S21403EA58404804DB08720DDD0C72044BEF30144893
S21403EA680698FA0400C4E0400054441208620132CF
S21403EA782140087C811140D91C72B1123032CF4A2A
S21403EA88013AB1DA107208D8067104D80871804CB6
S21403EA98237C4470684C4412FF328722047580B87E
S21403EAA8E84C81D8367140D90472237C084B069803
S21403EAB8FA0404BA1CB9767900C1204001B835793E
S21403EAC87F216121007906B906A901D80671029843
S21403EAD8FE01804C307C0298600208D86A7100C137
S21403EAE8544000B8141110D95E71584C441280BDB6
S21403EAF8A26DFF25784C4412FC22513A2814104C78
S21403EB0800C20CC101B8241228140862281408622B
S21403EB18281408622814304C304C00C11C4000B836
S21403EB2814111814086100C5284001B85415FF3598
S21403EB38047110491814B04C441208620132067165
S21403EB4802980401804C08D80C7107BA24D80471BB
S21403EB5806BA187004D80C7101BA40D80E7102BAF6
S21403EB680A7005BA20D8047203BA204C4411C04C64
S21403EB78181408611814911191150088069836051B
S21403EB880090DF315141383111429111186110D983
S21403EB980472EF3200C1084001B8141110311E6127
S21403EBA811422814A111086118140698D41B1814C6
S21403EBB800C1084001B814111861FF31181400C1C8
S21403EBC8448001B8141118140861181430880248D0
S21403EBD806989003009308DB047101F800A027B099
S21403EBE80F3000A01088B111186180D90A7100C1CE
S21403EBF8884000B80811009100A000C4684000B817
S21403EC08441000A000C0884000500411826104101C
S21403EC1882601050F07200A0541550451271069881
S21403EC280A0506989A0407B8707802B841781EBA97
S21403EC385B7A5C7A5D7A00C220C001B82412069813
S21403EC48861900C5301F00A05415511400C3FF01D0
S21403EC580000313D09647F3406989802015851280C
S21403EC680475015841280E758111086102D904728A
S21403EC78FF0FCC7007B8727800F8EBBD00C02C1FE6
S21403EC8800A00411113D10D91271FF33186300C197
S21403EC98781002B8381107B97479581000A0069886
S21403ECA88E020D300472044809DC0472084800C159
S21403ECB81CC101B8141100C3B81E00A09115043571
S21403ECC81A7218131CBB08D804716C7B04D8047119
S21403ECD86A7B1DBB2F7C5B7B1670044B18131CBB0F
S21403ECE808D804716F7B04D804716D7B217C0C30C3
S21403ECF80260069886040698240C00B8B1111861B9
S21403ED0840D906720298600401BC00C2084001B8E4
S21403ED1800DC0A7124150265604A0A702C4A241519
S21403ED2808654C4A043508D90471202400C1241FF9
S21403ED3800A01412008800DC327120D8067101B8CE
S21403ED480C70F0DA0C720CDB087102B806988E04A5
S21403ED58482400C3384101B834138F7B0E7102B9B7
S21403ED68911308DB047203B928700C4914111110A7
S21403ED78FD300DDC1C7200C08C1E00A0041080D869
S21403ED88107100C0448001B80410E520047580495A
S21403ED9800C3884000B8FFB801201141087101413B
S21403EDA818130824014200C1284000B81411014171
S21403EDB81C6551419115009000DC067106983605CE
S21403EDC820351E65514118132813481300C3844081
S21403EDD800B8341003D81671073005DC1071B1106B
S21403EDE88F780A7200C384C40350217B1DB85078F9
S21403EDF800B800C1241F00A014121C602150F03074
S21403EE080152281100A04024076400C0FFFF010038
S21403EE18013C17B0022001584028067518AC01ECCF
S21403EE2800A0208800C020C001B8041217B421131C
S21403EE3804123052F8711964402400C35C1F00A002
S21403EE48341014110698560E196100921159212987
S21403EE58067600BB11590698360E8762313B047254
S21403EE68215A412A00A000C2686000B8B8B91F61D9
S21403EE780D49181200A0308801B9116100C30000BB
S21403EE88C0FF3110312800BC002D0C75115418AC86
S21403EE9801EC312DF470196451134155312C00934C
S21403EEA800A0511010D80C720698AA1701D804713E
S21403EEB80E6500A000C3C00FFEFF50B2313A0142F0
S21403EEC850AA00A006986C07FFB0867808715CB84D
S21403EED86B786E7800C2548001B800C0D81F00A0B3
S21403EEE804100812B822217A237A52B8417801B856
S21403EEF80C6021A809B819604CA800C0FFD1C1FF4F
S21403EF084FB2013A00C0002E300001424FAA24B87F
S21403EF186E78ACB9FFB004D804714CB923A9069827
S21403EF28C20500C0139001000698480500A000C05B
S21403EF38401F00A017B1181006980A0519B81460E0
S21403EF48FFB28C620F32826A21400698480549BC94
S21403EF5821B952B849B207DE2A7105DE0871627C08
S21403EF68607C1D0C6179677864786B78627865785D
S21403EF7863786078617C010C010C6878020C697808
S21403EF886C78020C00C22C8001B8277A287A267A75
S21403EF986A78050C41790A0CB11040D806710298B4
S21403EFA8DE06784A2B7A327A584A247A00C4000155
S21403EFB81100404A00C0108400000812508800C59B
S21403EFC884100100FBAD10BD01BB8A6B21B9FAA9F9
S21403EFD8C44A1812217A227A00C01C1F00A0041003
S21403EFE8FCA88264411030300129F9A9F8ADFBB0BA
S21403EFF88260FBA80330A0652110044820EC237A1E
S21403F0080410037A184A2411DC4A015800292410EC
S21403F01804753150F8B1115081632A71514031405B
S21403F0280812FCB18461FCA90F310E7117B01128C0
S21403F03817B111591028FA76C44AF9B11812217A69
S21403F048227AA07000950812F8A800C20C8001B8AE
S21403F058207A844A00B80812020CA44A087A020CDA
S21403F06821B84178784A0B7A127A00C2C81F00A0E2
S21403F078FFB008D80472184A241000DC0A7140A8A6
S21403F0880422241041A80698980200C2301F00A044
S21403F0982410015100C4FF01000041391150081221
S21403F0A800A006986C0700BC00C20C8001B8217A41
S21403F0B852B84978020C4878020C49B8417852ACE1
S21403F0C821AC204A087A067A077A49AC00C0481F5A
S21403F0D800A017B1181000A059B840785AB101D942
S21403F0E8FC72427857B8407858B101D9FC72427816
S21403F0F800A000C20C8001B8217A227A21B854787D
S21403F10852B8BC4A24119979127107B915614CA9EA
S21403F118617800BB03BC0C64147009B919614CA967
S21403F128417801BB126300C4002E300000C0FFD133
S21403F138C1FF4FB1013941414FA9E44AC8B8081283
S21403F14824AB4CB823A80698C20500C0541F00A0D9
S21403F15817B1181000C004900100FFB18679047136
S21403F16808480698480500C08009004040A809B822
S21403F178FFB108D9047103B853A8B11004D80C71A9
S21403F18856BB607B57BA627A607A02D80C7156BB54
S21403F198607B59BA627A607A04B86E783DB860784C
S21403F1A800C05638000000C1B08001B81411997920
S21403F1B8087200C0D604000000C124C000B81411A9
S21403F1C89F79047208484CA82EB8FFB108D906716F
S21403F1D84AA804704BA80FB834A800C00C5E0000F9
S21403F1E846B2014246AA00C12C4001B81411086170
S21403F1F80631087100B90698A81106989614B11135
S21403F20801D90E710698FA1B02D906720698000DE4
S21403F21806989014511406989A0400C0501F00A02C
S21403F22817B11810069882110698C01700A00698FA
S21403F238AA1701D80A711CB85B7807B8757800B89E
S21403F2484CA84AA84BA800C0F321FFFF46B10139D2
S21403F25846A904B86F7800A000C0441F00A017B1E1
S21403F2681810FABC1964415C512C00C0581F00A042
S21403F2780410012C067506989A040698D80FB11040
S21403F288186005D8327140BA0698661404B86578CB
S21403F298911004D816711CB86E7800C0684000B880
S21403F2A821780698D01101400A721DB8427806984C
S21403F2B8A2140298BE0B1DB8717804B86C7841B8CE
S21403F2C8427863784478FFB104D906720298160A1E
S21403F2D800C004900100FFB18679047108480698B7
S21403F2E8480500C3141F00A000C274C000B8241445
S21403F2F8481300BC48120C4B1C4A2414481300BC81
S21403F3084812384B584A2414481301BC48124ABAC0
S21403F318447A427A4BBA447A427AFFB086780472C1
S21403F328617A4CBA647A657A3DBA607A4DB942B85E
S21403F3383FBB5B7966796179020C6479050C63795E
S21403F3486079050C627965795A7900C2340102B886
S21403F358241305B819603140081242B86A78020CBB
S21403F3684A78020C40BCFFB208DA06714ABA06703D
S21403F3784BBA627A657A677A667A6A79667B02989E
S21403F388F00A00C3141F00A000C274C000B82414F7
S21403F39848130C4B1C4A241448133FBC48121C4AF7
S21403F3A800BC4812384B444A2414481301BC48127C
S21403F3B84ABA647A627A4BBA647A627AFFB3867B0D
S21403F3C80472617A4CBA647A657A3DBA607A01D96E
S21403F3D84E71647800C1708001B800C080000800D0
S21403F3E808110698E60B42B861784DB97F797E799D
S21403F3F86A7868786278020C7B790F0C7A79140C31
S21403F4087479417860787579050CFFB208DA067165
S21403F4184AB804704BB8657801BC1664407002D9C4
S21403F4283C710698E60B42B84DB96878407841783F
S21403F4387F797E797B790F0C7A79140CFFB208DA18
S21403F448087171794ABA067070794BBA7279657A17
S21403F4586A78020C4A78050C01BC1664020C4179DA
S21403F46840790C0C00C04C0102B848100698FA0400
S21403F47800C4784000B8007C00C08C1E00A00411AD
S21403F48880D93271911104D92C727F201D20041162
S21403F498FD310DDD207200C0448001B80411E5215A
S21403F4A8147600C0244001B804118A790871207CB8
S21403F4B8104C207C2AB86278511400C0581F00A04C
S21403F4C80410012C17B001118768015841280E76DD
S21403F4D805218769415C412D112D067006989A040B
S21403F4E800C0541F00A017B1181042B84DBB7C7B50
S21403F4F86478020C29B8687851144044067506984F
S21403F5089A0442B844782AB84278FFB101D90C71F4
S21403F51800C1548001B8CBB8081100C04C1F00A026
S21403F52817B11810911004D8147100C08C1E00A0CF
S21403F538041080D8067107B8537800F807B800C1D6
S21403F548B41E00A000C220C001B824122811777880
S21403F55800F8B1109478387106989802E4B91159EE
S21403F5681128067600B80C70A0B91159012904753C
S21403F578A0B8826000C3C01F00A03413012B341048
S21403F58800C3FFFF00FF42B13139114042A800A073
S21403F5981DB09178FA7142B86478020C00BA29AAA9
S21403F5A800C4548001B842B84DB900C3C04001B87E
S21403F5B83413977B047240EC020C44785C7953AAA4
S21403F5C80A0C281442B84DB9FFB301DB2671244C44
S21403F5D800C3FF0FFF0138145479407841785579F2
S21403F5E8020C5B795A79140C5F795E794A7842780B
S21403F5F8347002DB1471527951795079020C5B79B5
S21403F6085A795F795E791E7004DB1A7100C4FF07A6
S21403F618000000C3342102B848133FBB467B020CE4
S21403F6285B795A793DBB407B4CBB447B457B00C327
S21403F638181F00A03414403C207100C068C000B8EE
S21403F648481028130C4B1C48341448102813344B02
S21403F65844483414481028134AAA4BAA04B86D78A9
S21403F6681DB851785CB84B784E7800A000C074C0BB
S21403F67800B80411108800B91810684804111088D7
S21403F68801B90B6118102C4804111088008800C1B2
S21403F698231C000018104AB864784BB86478260C04
S21403F6A828B000C1FFFF0FF0113871B90B61114084
S21403F6B828A828B97379747900C21010303045AA7F
S21403F6C854790E0C00C0E84001B8041100C230306B
S21403F6D8101045AA0E0C0410008810880698C20D50
S21403F6E80091009020888F618F600698C20D009065
S21403F6F8886A21400112906A035800C13F3F000000
S21403F7081138FFBC022441281138014245AA28B9FA
S21403F71853794AB844784BB8447800900091181047
S21403F72800912C48181000916848181000A091689A
S21403F738436091694361115B012B112841603128AD
S21403F748315B00BA302806763128204A41633028D0
S21403F75806763128104A4163302806763128084A47
S21403F7684163302806763128044A416330280676F2
S21403F7783128024A416330280476014A00A0115909
S21403F78810D906710860086008D90471086004D99E
S21403F7980471046002D90471026001D9047101601E
S21403F7A800A000BA01D806710148112A1F6101603A
S21403F7B801D8F6720138F67200A000C220C001B85C
S21403F7C8241211592129127300210E7100C238C060
S21403F7D801B824120121212900A002B020D81471EF
S21403F7E800C0981E00A0041002B945790698CE13E7
S21403F7F8EA7003B09F78087200B806A800F806985F
S21403F8086C0700C5641F00A05088044D1CBC00C0CC
S21403F8189C1E00A0811101D91E71407C009501151C
S21403F8283C4D5088044DFFBB1863315B04110698A2
S21403F8384E0E3129F8750698D01A54150698FA1BF1
S21403F84801D9087206988607067006982C081CBB0A
S21403F858547B0698AA1701D8067202987A0FFFB93E
S21403F86801211038F67281129B7AF07100C2448027
S21403F87801B8241400C0A81E00A004100113002019
S21403F888041040500C7200B90698880F18B90A700D
S21403F89818B90698880F00B900B806987E0F704AFC
S21403F8A808B806987E0F00C2284000B814B8069811
S21403F8B87E0F00C2EC4001B80CB806987E0F2022D3
S21403F8C810B806987E0F1088308806988607009327
S21403F8D800910698880F00C0AC1E00A00412FFB95A
S21403F8E8012121411810009500F831281128041029
S21403F8F8081200A004B831281128F8B1181000A07F
S21403F9080698C2080E700698240C0698C20806982D
S21403F918CA12069836079112211900C02C4001B85E
S21403F9280A78097800F810B901BA06985C1406989C
S21403F93882110698C01700C5641F00A081109D7821
S21403F948FC7200F8911203321CB900C38C1E00A087
S21403F958341300C4B04000541DB84278707903DEEF
S21403F968067144783A707179A11020D80671029806
S21403F978AC1080DB1C7102D8187205B80814A110E5
S21403F98810300248081400B80814911008600814C8
S21403F9981DB86278A11000DC0676517900BA911179
S21403F9A820311D61911004D80E7200C1381F00A0C3
S21403F9B8141101D90A7120880698A811009200C16B
S21403F9C8204000B801DB1871084C03DE0471904C24
S21403F9D8441400C3FF1F0000413BFF23381194491A
S21403F9E800C3384101B83413086380DB0C7103BACB
S21403F9F818620698941008701862069894100C49B2
S21403FA080879097914102140081100A000BD06984A
S21403FA18720210B903DC047100B901BA06985C14C3
S21403FA2802D9067100404E7203B118610F31069869
S21403FA38D011FFD82872811008D8187106DD0A710C
S21403FA480698720203DC0C72069814120698A2141F
S21403FA580C7006DD107106981A12487020B804A8B0
S21403FA6806DD10720698C2080698360701F840B8ED
S21403FA7804A800F800C08C1E00A00413086301DB6A
S21403FA88227191100111186111381DB910D8087127
S21403FA9844790298AC1002DBFA72A11328DBF472DD
S21403FAA803BD069876110698C2081DBA7F7A06988B
S21403FAB8FA0400C5681F00A00698720200BA03DCA1
S21403FAC81672044DA11002D804711C4D00C10CC156
S21403FAD801B80698B6045415212D069858050298B9
S21403FAE8EC089110015503355150011900A000C1C7
S21403FAF8341F00A0141001D8427101480860FE2084
S21403FB080E75811020D8087100C1381F00A0141183
S21403FB1801D9287100C02C4001B80412215108618C
S21403FB280F3118611152281000C0084001B804119B
S21403FB389112215120311152211900A0811380DB23
S21403FB48067201B800A000C314C001B8341006300A
S21403FB582E726C4B34121C4B341018600230207211
S21403FB68811080D8DE713410014A08620460803040
S21403FB7821508C480A717F234D233410013000A08E
S21403FB8800BD069876111CB847784578437802B8BE
S21403FB98447800A00698C2080698141200C5741F75
S21403FBA800A05415069858050298EC08B1138F7BE5
S21403FBB80A7200C384C40350017B0698961400C1D6
S21403FBC8384101B814118F790E7100C1B84000B8D6
S21403FBD800BA0698941050BA069866140698D01178
S21403FBE8FFD84A71911004D84872811008601CD84F
S21403FBF8407220D938721112FF3221513471802194
S21403FC088021111400C0C01E00A00413FFBA31518E
S21403FC18113A215111531DB938107B7940440E729D
S21403FC2800B900C2941E00A01812067004B86078C3
S21403FC380698901400F800B900C2A440005418129D
S21403FC48644A0AB918121CBA507A517A1DB942790D
S21403FC585F7900A00698720207DC107291100020E4
S21403FC680A750698CA120298C60F0698360701B987
S21403FC78911004D8047100B910BA06985C1400BA37
S21403FC880040347100C08C1E00A00411086101D91D
S21403FC98127104D9E2728110086001D8DA711DB8AE
S21403FCA8647800C11CC101B80698B60401B811608F
S21403FCB8002A047600BA0698CA1200C5781F00A060
S21403FCC85415212D0698860700C57C1F00A000F84A
S21403FCD800BC811108D9167280D9207201B910BAEE
S21403FCE806985C1400400E7101BC10700698141236
S21403FCF80698A21420B804A800F80698CA12811118
S21403FD080231127100B900C2144000541812244A72
S21403FD1802B918120698141200C5801F00A05415BD
S21403FD280698581B0298EC080411012114711CBA92
S21403FD38737A042004122811042004110121F47292
S21403FD4800A00698FA0401F80698AA1701D81671AF
S21403FD58FFB9012110380E7281109B78087104B917
S21403FD68677900F8911010D8287100C51CC101B82E
S21403FD78541106984E0E00C5B01E00A054155129FE
S21403FD88EA7507B876781DB8447801B804A800F869
S21403FD98B110186010D82E7100C05040005400C32C
S21403FDA8084000B83114984C44113411086101D93D
S21403FDB8FA7144122810086228100862281008628C
S21403FDC82810E8700298AC0206988E02113804725E
S21403FDD81E6202BB00C1C01E00A0141120390C729B
S21403FDE8911210DA0672417B00A00698961400C298
S21403FDF88C1E00A0241220DA0472617B1CBA527A85
S21403FE0800A01CBA727A811204DAFC7200A01CB82D
S21403FE186B7800C0684000B82F7800A00698BC111D
S21403FE280698AA1701D83A7100C22C4001B82410C4
S21403FE380360911120310151383111501D600812A9
S21403FE481DB9537900C2448001B8241200C0A81E05
S21403FE5800A00410182000200410205004717379A1
S21403FE6810631EB9637900B902EC00CD114502ECA4
S21403FE7800CC01DB087100BB02982E1903B84111A8
S21403FE880731FA211C760621911210DA087102DD71
S21403FE9810721E7020B80698120E3038147208B8FE
S21403FEA80698860400C02C4000B82978207800F805
S21403FEB8056020D806710298681602EC00CA05B8D1
S21403FEC823DA187104DBDA7120DAD67110DAD27203
S21403FED81EB8617800B801DA067202EC00C8911100
S21403FEE810D9267100C1A01E00A014111150FF30AE
S21403FEF80C720761A110115002300A7180DB0A7276
S21403FF080AB89E701DB97C791860911111402111A9
S21403FF18C031114001191EB8411108D90471667819
S21403FF2820D904726578A11002D80672C0DA1E7149
S21403FF381EB8273123DD087210DB1072607825DDC2
S21403FF480A7121DD087208DB0471627803B841116F
S21403FF5807310872A1152035AA7102DD2072A11196
S21403FF6820D9A07102D91672CCDA9872411140D9F9
S21403FF78927206B8054D5A7202980A15211140491D
S21403FF88C0D94C71A0314115403502655141046111
S21403FF98086308DA1E7204DA36721049A1150235A8
S21403FFA8067110DB0E7201340A7108DB22711EB863
S21403FFB86778CC3211101A300ADC0872CCDE04716A
S21403FFC8FD3100C00D0F0C0D216001D85C7207B817
S21403FFD80298341500BA411108D90C7102EC00CA0C
S21403FFE805B830DAEC720734F031036101DA0471CC
S21403FFF8014900C0F300A3E3216001D8D27100C011
S2140400089814406821604030014440DA0471204C5A
S21404001804320262204A111006301F600142183169
S2140400281D61114202985215204A00C0051708504F
S2140400382160113001422088FFBB0DDA507100C1DF
S214040048DE1B250180BC04DA107208DA0A7200C1C5
S21404005820841000E024A02408634143026401DAE3
S21404006806711E49024B00C0081F00A0086338101A
S214040078BC2002DA127101B91159A11380DB087188
S21404008800C100FCFF0118100298BA1800C48C1EA0
S21404009800A0441080D87C710092D0DA06710DDA7C
S2140400A80C711EBD437DEFBD0698100304620DDA7D
S2140400B88672A11105D95C7100C24040005424120E
S2140400C81024281401D9067202D9327140D91E7137
S2140400D802EC00CA211018320471FA2220D80472DD
S2140400E80822FE22087502EC00C8F87001D90E71C1
S2140400F802EC00C802D9067204DC187200C08C1E12
S21404010800A004101D6001D806711EB8647807B8EC
S214040118737802982E1900C08C1E00A00410803034
S2140401280A7100C0AC1E00A0041000A00698AA1706
S21404013801D82E71911010D828728110A0D8227276
S21404014803B084781C7200C12C4001B814100DBA90
S214040158487A697A6B7A08111CB87B7807B8757878
S21404016800A0641000C6881F00A0C3B806987802CA
S21404017800C42C1F00A014BA281400B8011AB11021
S2140401888F780A7200C084C4035001789110103026
S214040198011905BA0698661402D9067101B804A8A6
S2140401A800C08C1E00A0041380DB06710298B014ED
S2140401B81DBA7C7A01DB6A7100C20C1F00A02411E8
S2140401C81114FF3402EC00C8FF24FA760861069876
S2140401D8220E046111380F30046111140111411004
S2140401E80698220E01D8087203B8029834151C4AD9
S2140401F801DB22712410112811280412023004711C
S214040208106200C0FFFF0000213800C2204000B87A
S214040218FF200812411008600698220E01D87C7147
S21404022820BC1033767100BB00C1081F00A014154B
S214040238C021112C511218620F320E7140885114C5
S2140402480698561941430094511208651C620F32E9
S2140402580E7141115114069856191C6441430865D9
S214040268513B00C1C41E00A01411111231100F30E6
S214040278127100BA056101D80471114201600FD8E1
S214040288F472311003601E30047201B8003A087222
S21404029804B8029834150298201700C0384101B8EB
S2140402A804118F7914717F20692004110861303194
S2140402B810DD06711DBA637A0698BC1106980E03FB
S2140402C800F830885088FF34087102ECFF24F87070
S2140402D802EC00CD1410595001440421FF22F27296
S2140402E80F4C0095009300A000C1901E00A01411A6
S2140402F800A030880698AA1B8111086102D90672E4
S21404030802986E1A1CBB557B086120D906710298A0
S2140403185E1A0088A110186006987C19082114151E
S214040328FC251EBB5C7B5D7B00C1084001B814112C
S2140403380731FE21307608D82A725113FC23341369
S21404034804DB20711863FF33315B00C110C000B8AA
S2140403581411086180490C71FF31302960751EBB81
S2140403687B7B1C707B7B7C7B00DD04717D7B01BB07
S2140403783815811318634033067107BB717BEC2567
S214040388541300DF5471042505DF547154152111E4
S214040398208806984E0E009251293E7500C10840E2
S2140403A801B8141102DB0C710731315B31292A7646
S2140403B80C7004DF0872016180D91E7206987C19D5
S2140403C800C010C000B80698EE1B06987C191411D5
S2140403D8FFD960720298B41A0090009300A05415CE
S2140403E8A111186110D9A672082508D8A071082585
S2140403F810D89A712088211106984E0EFC2554129E
S214040408112AF82554110C2520D80871F025541102
S2140404181025202904762159181500920298201AC6
S21404042807B97179811010D80A711CB8447802B8D3
S21404043841781CB9747904B9677900F88110A0D892
S21404044808711CB9497900A0086002D8FA710698A0
S2140404587C19108806989614106210DA0871082118
S2140404681415F025541100C20020FEFF2029127529
S2140404780698FA1B01D90A720698C208069836071F
S21404048800941CBB41100C200698BC13411108218B
S21404049814100698BC133128441111120861FF3150
S2140404A8FF320122105210721861181404244413DF
S2140404B8042438140C7018612141181408240814EC
S2140404C8029890144044147100C1941E00A0141598
S2140404D851131C630FDB0C72196506980A0541153F
S2140404E800A000C3784000B83413807B06720698D0
S2140404F836070698961408BB51140698181B441514
S214040508FC25541500C3784000B83413807B047166
S21404051800A0029858051CB900C38C1E00A034130A
S214040528086308DB1A718113A0DB06714979107019
S2140405386979086302DB087204B9677900F800A0D1
S2140405488111086102D910711CB9757906987C194D
S2140405581411FF3100A0FFB900A0041008211411DB
S214040568F421081100A08111106110310E7106984B
S2140405787C1908211411F821141100A0280C040071
S21404058800000000E405040001000000000000006C
S21404059800F04902280C04000000000008060400C5
S2140405A8010000000000000000F04902280C0400C6
S2140405B8000000002C0604000600000000000000EE
S2140405C800F04902280C0400000000000407040098
S2140405D8010000000000000000F04902280704009B
S2140405E8809C2B8F80841E00000000002700FF7F5D
S2140405F8142A00200000000000000000000000008C
S21404060868080400809C2B8F80841E00000000006D
S2140406182700FF7F142A00200000000000000000C6
S21404062800000000A8090400809C2B8F80841E000C
S214040638000000002200FF7F142A002000000000AB
S2140406480000000000000000A8090400809C2B8F0E
S21404065880841E00000023002300B600142A00200D
S214040668000000000000000000000000A8090400C4
S214040678809C2B8F80841E000000240024009D008C
S214040688142A0020000000000000000000000000FB
S214040698A8090400809C2B8F80841E000000250077
S2140406A825007D00142A0020000000000000000039
S2140406B800000000A8090400809C2B8F80841E007C
S2140406C80000260026005300142A0020000000001C
S2140406D80000000000000000A8090400809C2B8F7E
S2140406E880841E00000027002700FF7F142A0020AD
S2140406F8000000000000000000000000E80A0400F3
S214040708809C2B8F80841E00000000002700FF7F3B
S214040718142A00200000000000000000000000006A
S214040728FC1F0103D40D04003C4001001000000027
S2140407384840010020170000504001000104000052
S2140407485C4002000D0F000001010000B4400100E7
S21404075803C0010054C001000E2D09E62040040120
S214040768300000461FC8010000200010008000006A
S214040778584004011800050040080000090000005D
S21404078891000A0080400C018C002C020000000036
S214040798120012005B808C1B000000000002050E8D
S2140407A81C2F4353626968615543320416E4B8C67D
S2140407B88A674533224A9204EC40070180B0B18C1C
S2140407C800000000640483078813C83A9C200A00C3
S2140407D801612080B756351210410201A01B042976
S2140407E80888400028410101000000003041090142
S2140407F86406660C0C0100004CD4E83B04196F3000
S2140408080A10161C22282E343A4010325476980AB7
S2140408181D5F80A46841030164048307881382006B
S2140408280000000030420201000000000008000E2C
S214040838A080020170380300D0000000A8800111CF
S214040848F0010000A8800131055AFD01AC800111B1
S214040858F0010000AC800131053EFD00FFFFFFFFFC
S214040868FC1F0103240E04003C4001001000000095
S2140408784840010020070000504001000004000022
S2140408885C4002000D0F000001010000B4400100A6
S21404089803C0010054C001000E2D09E620400401DF
S2140408A8300000461FC80100002000100080000029
S2140408B8584004011800050040080000090000001C
S2140408C891000A0080400C018C002C0200000000F5
S2140408D8120012005B808C1B000000000002050E4C
S2140408E81C2F4353626968615543320416E4B8C63C
S2140408F88A674533224A9204EC40070180B0B18CDB
S21404090800000000640483078813C83A9C200A0081
S21404091801612080B756351210410201A01B042934
S2140409280888400028410101000000003041090100
S2140409386406660C0C0100004CD4E83B04196F30BE
S214040948080E141A20262C32383E10325476980A8A
S2140409581D5F00006841030164048307881382004E
S2140409680000000030420201000000000008000EEB
S214040978A080020170380300D0000000A88001118E
S214040988F0010000A8800131055AFD01AC80011170
S214040998F0010000AC800131053EFD00FFFFFFFFBB
S2140409A8FC1F0103740E04003C4001000000000014
S2140409B848400100A0070000504001000000000065
S2140409C85C4002000000000000000000B440010083
S2140409D8FF4C000054C001000A2D09E6204004011B
S2140409E8000000061FC000000060000000D03200AF
S2140409F8584004016402FF0080080000010000005B
S214040A081100080080400C010804000000000000E3
S214040A18D9032200000000000000000001020711AC
S214040A2821374B5A6769625440291505000080200F
S214040A38434433332392A424EC40070190382CAC67
S214040A4800000000640483078813C83A9D200A003F
S214040A58016120804737414A104102012A144A029C
S214040A6889BBC00A28410101FFFF00003041090183
S214040A786406660C0C010000E853FA00000008003F
S214040A8812181E242A30363C424821436587A90B8F
S214040A980000E0C4684103016404830788138200E5
S214040AA8C10800003042020145966B105C22670EAE
S214040AB8A080020170780300D5C00000A880011148
S214040AC8F0010000A88001310542CB01AC80011179
S214040AD8F0010000AC80013105228D00FFFFFFFF06
S214040AE8FC1F0103C40E04003C4001000000000083
S214040AF848400100A0070000504001000000000024
S214040B085C4002000000000000000000B440010041
S214040B18FF4C000054C001000E2D09E620400401D5
S214040B28000000861FC0010000600000008000006E
S214040B385840040118000500800800000900000059
S214040B489100040080400C018C000C00000000009A
S214040B581300220000000000000000000002050D3B
S214040B681C2F42536269686053402E1F918220846A
S214040B786745332212490200EC40070190382CAC32
S214040B88000000005A10080AD007CA4A5110480044
S214040B98F9541E804737414A1041020130194A0564
S214040BA889BB400028410101FFFF000030410901CC
S214040BB8F15004430C010000E853FA000000080052
S214040BC810161C22282E343A404621436587A90B62
S214040BD80000C0B4684103015A10080AD00741044B
S214040BE8C1030000304202018993A30F5EC25D0E62
S214040BF8A080020170780300D0000000A8800111CC
S214040C08F0010000A88001310542CB01AC80011137
S214040C18F0010000AC800131053EFD00FFFFFFFF38
S214040C280C4002000181010000410000204002003F
S214040C38000000000100000030400300000000002F
S214040C480000000000000000404002000000000011
S214040C5800000000A840010007000000B840030098
S214040C68FF4C0000FF4D0000FF4D000008C00100C7
S214040C78000000001CC0011000F807001CC001306A
S214040C88F502080020C0050000130000EC80B3033A
S214040C984375A802000000002E02000050C00100A0
S214040CA88741300C58C0020054060708D1B6020023
S214040CB864C008000430000040201006C8F2481833
S214040CC81FE8F600BD4B721511A3180510325476AA
S214040CD8980A000088C0010000000000080001010E
S214040CE80807000018000101AAAAAA0020000101AA
S214040CF80060DA001C4001011000000030400301C7
S214040D080000000300000000000000006840020124
S214040D182941767100000000E0400201330000001B
S214040D28000000000C410101B855120024410101DD
S214040D380000000054410501010000000000000006
S214040D480000000000000000000000003842020115
S214040D5800000000000000004442010100000000FA
S214040D6810800101030000003880020111491000B8
S214040D780100000088800101000000009C80010139
S214040D88EB400200B08002010003000237000001B5
S214040D9888000202000C00044C00000094000102C3
S214040DA800040000D00002020E000000900296081C
S214040DB8E40001023D094204F400010200000000B8
S214040DC81801010260005102FFFFFFFF0F00000038
S214040DD80000800000000000440F0400140F040004
S214040DE800000000802596000048E80140420F00F5
S214040DF80102000011495002000000000000000033
S214040E080000000000000000000000003D420F0043
S214040E180000000000000000000000000F000000B2
S214040E280000800000000000440F0400200F0400A7
S214040E3800000000802596000048E80140420F00A4
S214040E4801080000114950020000000000000000DC
S214040E580000000000000000000000003D420F00F3
S214040E680000000000000000000000000F00000062
S214040E780000800000000000440F04002C0F04004B
S214040E8800000000004786000048E80180841E0031
S214040E980101000011495002000000000000000093
S214040EA800000000000000000000000054841E003B
S214040EB80000000000000000000000000F00000012
S214040EC80000400000000000440F0400380F04002F
S214040ED800000000082F86000048E80140420F0082
S214040EE80101000011495002000000000000000043
S214040EF80000000000000000000000002A420F0066
S214040F08000000000000000000000000E5BF00002C
S214040F181C250000F4010000F5DA02001C25000078
S214040F28F401000050C300007C150000DC05000036
S214040F3850C300001C250000F4010000193F0106F8
S214040F48041001000001010600102700000C000030
S214040F580000000000000020202020202020202060
S214040F682828282828202020202020202020202048
S214040F782020202020202088101010101010101078
S214040F8810101010101010040404040404040404BC
S214040F980410101010101010414141414141010144
S214040FA80101010101010101010101010101010120
S214040FB8010110101010101042424242424202022E
S214040FC802020202020202020202020202020202F0
S214040FD8020210101010200000000000000000009C
S214040FE800000000000000000000000000000000F0
S214040FF800000000000000000000000000000000E0
S21404100800000000000000000000000000000000CF
S21404101800000000000000000000000000000000BF
S21404102800000000000000000000000000000000AF
S214041038000000000000000000000000000000009F
S214041048000000000000000000000000000000008F
S21404105800000000000000232D302B2000686C4C94
S21404106800656667454647003031323334353637CF
S21404107838394142434445460030313233343536F4
S2140410883738396162636465660062675F6D6573E5
S2140410987361676520726563656976657273006255
S2140410A8676275660061636C006C6C5F636F6E6E76
S2140410B8656374696F6E006C6C5F6164765F7365F4
S2140410C874006761705F636F6E74657874006C6C27
S2140410D85F76616C696461746F72006D6573685FCE
S2140410E870726F765F64620062675F6D65737361C2
S2140410F8676500736F66745F74696D65725F6D65A6
S214041108737361676500666F756E646174696F6E84
S2140411185F636D64006C6C5F6164765F73796E639D
S214041128006C6C5F7363616E5F73796E63006761EE
S214041138705F706572696F6469635F61647600677F
S21404114861705F706572696F6469635F73796E63F3
S214041158006C326361705F636F635F6368616E6EB1
S214041168656C006D6573685F70726F765F64625F46
S2140411786170706B6579006D626564746C735F6327
S2140411886F6E746578740000A7100400AD10040030
S214041198B1100400BF100400CA100400D6100400DE
S2140411A8E3100400F0100400FB1004000E11040001
S2140411B81D11040029110400361104004711040007
S2140411C8591104006B1104007F11040062676275EC
S2140411D8665F696E0062676275665F6F7574006243
S2140411E8676275665F6E6F666C6F770062675F6DC1
S20C0411F8616C6C6F63000000DB
S20C0412009012FD7F01000000BE
S21004120814120400E028002092000000ED
S214041214380E0020F2000000F52E0100E80300005A
S214041224C0EA2101C0EA21010080000000F049025E
S2140412340429002000400F0000A00000281000200D
S214041244C8000000FE0000000000000078E103006F
S214041254C00A002007CC03002000000000000000A1
S2140412640000000000000000000000000000000071
S21404127481260200000000000000000000000000B8
S2140412848D040200000000000000000000000000BE
S214041294350F0200000000000000000000000000FB
S2140412A4DD1D020000000000000000000000000035
S2140412B4BB87030000000000D522020000000000E3
S2140412C4000000000000000081220200000000006C
S2140412D40000000000000000D1230200000000000B
S2140412E400000000E12C02000000000000FFFFFFE5
S2140412F4FF000000CBAA0300CFAA0300D3AA03006E
S214041304D7AA0300FFFFFFFF09C103009CE80300FC
S214041314FFFFFFFFA8E80300B7C40300B3C4030039
S214041324FFFFFFFFBBC4030020C001B8FFFFFFFF9D
S21404133495DD0200FFFFFFFFFFFFFFFFFFFFFFFF38
S214041344FFFFFFFFFFFFFFFFFFFFFFFF000000009C
S21404135403000000902300202C2A00200000000034
S21404136490230020F82300206024002000000000BE
S2140413740000000000000000000000000000000060
S2140413840000000000000000000000000000000050
S2140413940000000000000000000000000000000040
S2140413A40000000000000000F6092000040000000D
S2140413B4000000000200100000000000000000000E
S2140413C4000000000000000000000A000100000005
S2140413D400000A000D000000456D707479204578FD
S2140413E4616D706C65000200080000003030303017
S2140413F43030303002000300000030303000020089
S21404140405000000302E302E3000020008000000D4
S2140414140000000000000000FFFFFFFF0400E40CCF
S2140414240A001700FFFF0C00000000003CFF1F0426
S2140414340101BF8FAF7F8700370F10100004040F1D
S21404144405140A030101FF0C01FF405AB40000000E
S20C0414546D240100452401008B
S8040134F5D1
